Name,Set code,Set name,Collector number,Foil,Rarity,Quantity,ManaBox ID,Scryfall ID,Purchase price,Misprint,Altered,Condition,Language,Purchase price currency
"""Brims"" Barone, Midway Mobster",UNF,Unfinity,256,normal,uncommon,4,72947,d87d23de-0d40-4dad-be40-e7724e63168a,0.12,false,false,near_mint,en,USD
+2 Mace,AFR,Adventures in the Forgotten Realms,1,normal,common,1,60486,e882c9f9-bf30-46b6-bedc-379d2c80e5cb,0.06,false,false,near_mint,en,USD
A Realm Reborn,FIN,Final Fantasy,196,normal,rare,2,105721,d1af74e4-38d5-44b5-85e1-4d13f6970453,0.22,false,false,near_mint,en,USD
Abandon the Post,MID,Innistrad: Midnight Hunt,127,normal,common,1,63358,983da138-f0f5-46c4-90c2-d3c34cc37d1f,0.03,false,false,near_mint,en,USD
Abomination of Llanowar,KHC,Kaldheim Commander,81,normal,uncommon,1,57217,4b68bc46-5591-44dd-becc-eca154066925,0.37,false,false,near_mint,en,USD
Abrade,TDC,Tarkir: Dragonstorm Commander,203,normal,uncommon,1,104626,4c2a1b4e-858c-47a3-be89-9275e48d5475,0.16,false,false,near_mint,en,USD
Abrade,INR,Innistrad Remastered,139,normal,common,2,102860,fee393c7-1868-4d11-93c3-3d143e0c8dd9,0.11,false,false,near_mint,en,USD
Abrupt Decay,GK1,GRN Guild Kit,57,normal,rare,1,89,02517f12-cd8a-4d62-89cb-523b9b9295d5,1.5,false,false,near_mint,en,USD
Absolute Virtue,FIN,Final Fantasy,212,normal,mythic,1,105689,aa192912-c9ee-403f-8a46-a338c9edb4b9,3.17,false,false,near_mint,en,USD
Absorb,DMR,Dominaria Remastered,186,normal,rare,1,77825,21892cbc-1af2-4ea1-8907-cec514b53004,0.43,false,false,near_mint,en,USD
Abstruse Appropriation,MH3,Modern Horizons 3,342,normal,rare,1,94761,771d4911-3dc8-4dc7-b2c9-e2158ee394bf,0.65,false,false,near_mint,en,USD
Abundant Growth,PIP,Fallout,194,normal,common,1,91890,120b71f5-3c4d-4e00-9a3d-6872416a4373,0.17,false,false,near_mint,en,USD
Abundant Growth,INR,Innistrad Remastered,184,normal,common,2,102789,d15adc93-1a71-453b-8277-4a525a9cbc7b,0.12,false,false,near_mint,en,USD
Abundant Harvest,CMM,Commander Masters,269,normal,common,1,84357,516e137a-d9d9-4ba7-89fb-e680ddb2c2d1,0.13,false,false,near_mint,en,USD
Abzan Devotee,TDM,Tarkir: Dragonstorm,68,normal,common,1,104305,66555946-e747-46fa-b1ac-b103a8edcd93,0.02,false,false,near_mint,en,USD
Abzan Kin-Guard,FRF,Fate Reforged,120,normal,uncommon,2,12006,cec0ef55-57fd-404f-b9f6-b5d41e77b58c,0.05,false,false,near_mint,en,USD
Access Tunnel,TDC,Tarkir: Dragonstorm Commander,337,normal,uncommon,1,104625,4bef5957-71a4-4fe0-b2ce-dff8e8690bd9,0.26,false,false,near_mint,en,USD
Acquired Mutation,PIP,Fallout,53,normal,uncommon,1,91917,19586946-a6a6-4154-a544-15a052483f96,0.12,false,false,near_mint,en,USD
Adamant Will,FDN,Foundations,488,normal,common,2,101483,1fd2c9ab-b3dd-4f68-b91f-0f075a045757,0.17,false,false,near_mint,en,USD
Adaptive Shimmerer,IKO,Ikoria: Lair of Behemoths,1,normal,common,2,50076,d8a2e243-e446-46c6-8a37-e26620951c41,0.04,false,false,near_mint,en,USD
Adaptive Sporesinger,ONE,Phyrexia: All Will Be One,157,normal,common,1,78514,3db6d202-9c6f-4485-9224-173b23de7054,0.05,false,false,near_mint,en,USD
Adaptive Training Post,TDC,Tarkir: Dragonstorm Commander,18,normal,rare,1,104695,654a1564-0356-44ad-b1ab-8c1a556fc244,0.11,false,false,near_mint,en,USD
Adarkar Wastes,EOC,Edge of Eternities Commander,147,normal,rare,2,107263,42e0aa15-639a-4e88-9bd8-ce5e7c7d7649,0.23,false,false,near_mint,en,USD
Adelbert Steiner,FIN,Final Fantasy,3,normal,uncommon,4,106424,1a67a991-1e52-4676-a2e3-2bc7aa943ab3,0.05,false,false,near_mint,en,USD
Admonition Angel,ZNC,Zendikar Rising Commander,10,normal,mythic,1,55449,a6e7713d-6054-46a7-a8bc-f09e7a81a571,1.23,false,false,near_mint,en,USD
Adorned Crocodile,TDM,Tarkir: Dragonstorm,69,normal,common,1,105159,bb13a34b-6ac8-47cb-9e91-47106a585fc1,0.02,false,false,near_mint,en,USD
"Adriana, Captain of the Guard",ONC,Phyrexia: All Will Be One Commander,114,normal,rare,1,78430,1aa1e7ff-d0b9-441f-bcbb-4f0f89cab038,0.29,false,false,near_mint,en,USD
Advanced Stitchwing,2X2,Double Masters 2022,36,normal,common,1,70032,044b2bfc-a5cc-4505-831d-5e1e3a6fdb3c,0.06,false,false,near_mint,en,USD
Adventure Awaits,ZNR,Zendikar Rising,177,normal,common,1,54776,db50f988-da46-4b9b-9cc5-78497df2df8b,0.06,false,false,near_mint,en,USD
Adventurer's Airship,FIN,Final Fantasy,252,normal,common,7,106504,0a1d6dcd-bd41-4f57-a35b-6613811fe4d4,0.03,false,false,near_mint,en,USD
Adventurer's Inn,FIN,Final Fantasy,271,normal,common,9,105754,f0da2ee1-986e-4cbf-92eb-d96fdb572ca5,0.12,false,false,near_mint,en,USD
Aerial Volley,ORI,Magic Origins,168,normal,common,1,10774,c5178301-f766-48d3-af07-6bd6f822c725,0.07,false,false,near_mint,en,USD
Aerith Gainsborough,FIN,Final Fantasy,374,normal,rare,3,105763,fa316d6e-9ea7-4496-a3f3-5023a6952473,5.5,false,false,near_mint,en,USD
Aerith Rescue Mission,FIN,Final Fantasy,5,normal,common,4,106532,3123d16c-e1e6-4659-a7a3-2ec6efc6bf08,0.04,false,false,near_mint,en,USD
"Aerith, Last Ancient",FIC,Final Fantasy Commander,76,normal,rare,1,106174,d041a51c-9a28-4b32-9da3-0f06807959f1,0.24,false,false,near_mint,en,USD
Aeronaut Cavalry,BRO,The Brothers' War,1,normal,common,1,75396,38a62bb2-bc33-44d4-9a7e-92c9ea7d3c2c,0.08,false,false,near_mint,en,USD
Aether Hub,DRC,Aetherdrift Commander,145,normal,uncommon,2,103246,bb6a8c30-e824-4137-b83e-b9d175a0d037,0.1,false,false,near_mint,en,USD
Aether Refinery,M3C,Modern Horizons 3 Commander,106,normal,rare,1,94575,aa729c01-bb58-491e-8c68-a7eb6ba883ee,0.13,false,false,near_mint,en,USD
Aether Revolt,MH3,Modern Horizons 3,113,normal,rare,1,94592,b8732e62-cdee-4d32-82a8-8a71a04be7a1,0.23,false,false,near_mint,en,USD
Aether Spike,MH3,Modern Horizons 3,50,normal,common,1,94833,012f5195-10ab-4b32-a5de-a79341cd536a,0.03,false,false,near_mint,en,USD
Aethergeode Miner,M3C,Modern Horizons 3 Commander,163,normal,rare,1,94818,d95db4ba-449f-416d-96cf-a07ec7dbc647,0.09,false,false,near_mint,en,USD
Aetherize,ZNC,Zendikar Rising Commander,23,normal,uncommon,1,55443,a022eacd-1cdd-42d7-8a4c-88e8a6527144,0.46,false,false,near_mint,en,USD
Aethersnipe,2X2,Double Masters 2022,37,normal,common,2,70129,2cc9b5ee-4d6d-42ea-8b13-b8a7059781c9,0.06,false,false,near_mint,en,USD
Aethersphere Harvester,M3C,Modern Horizons 3 Commander,280,normal,rare,1,94737,40a3e817-0533-43b9-9350-2872e029ec50,0.08,false,false,near_mint,en,USD
Aethersquall Ancient,DRC,Aetherdrift Commander,68,normal,rare,1,102935,192882f3-88bc-4fcf-b57c-31108401e4bd,0.14,false,false,near_mint,en,USD
Aetherstorm Roc,M3C,Modern Horizons 3 Commander,164,normal,rare,1,94811,cb39b0ed-75d8-403a-ab0e-3e876ee7a38c,0.1,false,false,near_mint,en,USD
Aethertide Whale,DRC,Aetherdrift Commander,69,normal,rare,1,103120,78e396a1-a56e-418b-a342-c09a11218a85,0.12,false,false,near_mint,en,USD
Aetherworks Marvel,DRC,Aetherdrift Commander,123,normal,mythic,1,103237,b7e7eba5-8bd8-4c7d-8843-cae6c2ce0043,0.13,false,false,near_mint,en,USD
Aettir and Priwen,FIN,Final Fantasy,253,normal,mythic,1,106497,038710ca-c756-4e66-a9de-278e676c9f5b,3.76,false,false,near_mint,en,USD
Against All Odds,ONE,Phyrexia: All Will Be One,1,normal,uncommon,1,78512,3cd8dd4e-6892-49d7-8fae-97d04f9f6c84,0.07,false,false,near_mint,en,USD
Agate Assault,BLB,Bloomburrow,122,normal,common,1,96066,7dd9946b-515e-4e0d-9da2-711e126e9fa6,0.03,false,false,near_mint,en,USD
Agility Bobblehead,PIP,Fallout,126,normal,uncommon,1,92724,cff8b0c5-5457-432a-8c27-f193c9922aec,0.87,false,false,near_mint,en,USD
Ahriman,FIN,Final Fantasy,87,normal,common,6,106517,162a415c-5465-497e-8f4e-c6f09681641d,0.08,false,false,near_mint,en,USD
Aim for the Head,VOW,Innistrad: Crimson Vow,92,normal,common,2,64096,1174e8e1-2e8e-4070-9871-7d5d93e0dd56,0.03,false,false,near_mint,en,USD
Aim High,INR,Innistrad Remastered,185,normal,common,1,102732,b28dbf2c-9bfe-42be-be55-1e7fb523df36,0.04,false,false,near_mint,en,USD
Ainok Artillerist,DTK,Dragons of Tarkir,171,normal,common,1,11643,3a4c8964-06e4-4a24-9a7e-9cac0fb8518e,0.05,false,false,near_mint,en,USD
Ainok Wayfarer,TDM,Tarkir: Dragonstorm,134,normal,common,2,105133,57695a9b-8f72-4ccc-a946-5d5037b09b8f,0.03,false,false,near_mint,en,USD
Airship Crash,FIN,Final Fantasy,171,normal,common,6,106680,ec91c4e4-711f-464d-bc83-e6813f4fdcdb,0.04,false,false,near_mint,en,USD
Aisha of Sparks and Smoke,SLX,Universes Within,12,normal,rare,1,78252,093aa76d-2154-4e71-a2bf-461d1afb887b,0.41,false,false,near_mint,en,USD
Ajani's Mantra,DDH,Duel Decks: Ajani vs. Nicol Bolas,22,normal,common,1,18970,de4da30d-5c72-4323-b305-7277038b4a05,0.38,false,false,near_mint,en,USD
Akki Scrapchomper,MOM,March of the Machine,130,normal,common,1,81435,b0e02737-0193-46e4-a506-cec86a44dc99,0.06,false,false,near_mint,en,USD
Akoum Hellhound,ZNR,Zendikar Rising,299,normal,common,6,54711,b5757230-08b8-4808-af61-d343f9748fb1,0.06,false,false,near_mint,en,USD
Akoum Refuge,C19,Commander 2019,226,normal,uncommon,1,45708,51aecc57-f0cc-4e35-af38-ead25cf8a1b8,0.37,false,false,near_mint,en,USD
Akoum Warrior // Akoum Teeth,ZNR,Zendikar Rising,134,normal,uncommon,1,54771,d8ed0335-daa6-4dbe-a94d-4d56c8cfd093,0.1,false,false,near_mint,en,USD
Akroan Jailer,ORI,Magic Origins,1,normal,common,2,10941,8d96bc2b-2e31-4654-b192-c3f023d9fde6,0.04,false,false,near_mint,en,USD
Akroan Skyguard,BNG,Born of the Gods,3,normal,common,1,14957,d55e85c3-234e-49c4-a307-96fb4497eea8,0.08,false,false,near_mint,en,USD
Akroma's Vengeance,C20,Commander 2020,74,normal,rare,1,50344,e45b4cba-cd60-4491-a334-30976d0990b7,0.39,false,false,near_mint,en,USD
Akroma's Will,FCA,Final Fantasy: Through the Ages,21,normal,mythic,1,106462,fc9c542d-ff46-4193-9972-68287879a8a0,23.76,false,false,near_mint,en,USD
Al Bhed Salvagers,FIN,Final Fantasy,88,normal,uncommon,5,106278,58ccdcfc-a669-480f-bded-4273cfaf2045,0.05,false,false,near_mint,en,USD
Alchemist's Assistant,TDM,Tarkir: Dragonstorm,71,normal,uncommon,1,105131,4d305609-64f8-4f3f-bf67-cd5257f0d01e,0.03,false,false,near_mint,en,USD
Alchemist's Retrieval,VOW,Innistrad: Crimson Vow,47,normal,common,2,64462,edbf9d4f-6027-40b8-81c1-7f001a9119dd,0.1,false,false,near_mint,en,USD
Alchemist's Vial,ORI,Magic Origins,220,normal,common,3,10722,251f89c5-d4da-4754-83fa-218c8864ef41,0.08,false,false,near_mint,en,USD
"Alesha, Who Laughs at Fate",FDN,Foundations,115,normal,rare,1,100953,a93e3406-4e29-4bc0-ae52-cbd2ac1f99a4,1.55,false,false,near_mint,en,USD
"Alharu, Solemn Ritualist",CMM,Commander Masters,8,normal,uncommon,1,84278,3fdf5020-ea97-4f95-a096-cb5688dad2e2,0.07,false,false,near_mint,en,USD
Aligned Heart,TDC,Tarkir: Dragonstorm Commander,12,normal,rare,1,104848,a235cbda-3dc3-4aed-a911-90f26c330157,0.16,false,false,near_mint,en,USD
Alisaie Leveilleur,FIC,Final Fantasy Commander,9,normal,rare,1,106137,ba96f831-02cb-4a74-a2e4-7f76444e3cd7,0.23,false,false,near_mint,en,USD
All That Glitters,CMM,Commander Masters,622,normal,common,1,84486,71b2bf55-6b24-4f63-bbb0-98471c167405,0.28,false,false,near_mint,en,USD
All That Glitters,PIP,Fallout,155,normal,common,1,91900,15d9fb74-9f2d-40f1-88b8-514a460a4f86,0.29,false,false,near_mint,en,USD
All-Out Assault,TDM,Tarkir: Dragonstorm,167,normal,mythic,1,104348,b74876d8-f6a6-4b47-b960-b01a331bab01,1.55,false,false,near_mint,en,USD
Allied Assault,ZNR,Zendikar Rising,1,normal,uncommon,1,54514,340df0d4-9848-4372-9f45-a73a8e94058a,0.04,false,false,near_mint,en,USD
Almighty Brushwagg,IKO,Ikoria: Lair of Behemoths,143,normal,common,1,49934,71f2b7ac-8742-468d-b6a3-87881cb522ff,0.07,false,false,near_mint,en,USD
Almost Perfect,PIP,Fallout,90,normal,rare,1,92188,564a9bff-969f-49c1-be02-40cb45858f19,0.18,false,false,near_mint,en,USD
Alphinaud Leveilleur,FIC,Final Fantasy Commander,33,normal,rare,1,105966,65331e86-1ff3-45e4-b789-7afec4ca9bd5,0.21,false,false,near_mint,en,USD
Altered Ego,FIC,Final Fantasy Commander,317,normal,rare,1,106257,fda23b02-c650-4092-a35d-ae330547c425,0.12,false,false,near_mint,en,USD
Amass the Components,IMA,Iconic Masters,41,normal,common,1,3584,f36521a7-8997-45da-aaa6-dd70d5c4e7f4,0.04,false,false,near_mint,en,USD
Ambassador Blorpityblorpboop,UNF,Unfinity,254,normal,uncommon,1,72797,73b28211-bfc2-458a-a65e-1e70d85c206c,0.11,false,false,near_mint,en,USD
Ambassador Oak,A25,Masters 25,158,normal,common,1,2558,1c7c05b3-ea23-477c-8a55-370cb6ae0941,0.07,false,false,near_mint,en,USD
Ambition's Cost,MOC,March of the Machine Commander,246,normal,uncommon,1,81979,d560c996-ef80-4117-8642-a632ae51c07d,0.26,false,false,near_mint,en,USD
Ambrosia Whiteheart,FIN,Final Fantasy,325,normal,uncommon,4,106427,2ecefb14-23a2-44f4-a3aa-63c246f744e1,0.46,false,false,near_mint,en,USD
Ambulatory Edifice,ONE,Phyrexia: All Will Be One,79,normal,uncommon,1,78522,43c9005c-0574-4b75-8dbf-0a6641c3ae33,0.02,false,false,near_mint,en,USD
Ambush Viper,INR,Innistrad Remastered,186,normal,common,1,102491,37f9be6b-ae6e-4708-9749-83bebd351102,0.07,false,false,near_mint,en,USD
Amped Raptor,MH3,Modern Horizons 3,114,normal,uncommon,1,94362,1ac0e78b-0fdd-44f9-8b7b-c4f28a32782e,0.11,false,false,near_mint,en,USD
Ampryn Tactician,ORI,Magic Origins,2,normal,common,1,10940,82a2e1d9-6763-4024-a18b-982d96395553,0.04,false,false,near_mint,en,USD
An Offer You Can't Refuse,FIC,Final Fantasy Commander,267,normal,uncommon,1,106259,fe1023a2-c096-4c62-8627-e865b348ba02,1.54,false,false,near_mint,en,USD
Ancestral Anger,INR,Innistrad Remastered,141,normal,common,3,102837,eeaca66d-23bd-4e8f-8d4a-c5864dd447be,0.08,false,false,near_mint,en,USD
Ancestral Blade,CMM,Commander Masters,12,normal,common,1,84153,24705dee-027c-42a2-8505-66c0a34a4a58,0.06,false,false,near_mint,en,USD
Ancestral Vision,TDC,Tarkir: Dragonstorm Commander,144,normal,rare,1,104839,9ec075ba-db56-4dcf-b1dc-fe6270b7ab36,0.22,false,false,near_mint,en,USD
Ancient Hydra,NEM,Nemesis,76,normal,uncommon,1,33806,5de57c84-38b9-4606-b934-0ab270496582,0.27,false,false,near_mint,en,USD
Ancient Kavu,INV,Invasion,136,normal,common,2,33197,c8ccb5d0-735b-443f-addd-8b70f5f2c60d,0.11,false,false,near_mint,en,USD
Angel of Despair,GK2,RNA Guild Kit,37,normal,rare,1,43987,57107673-ac55-4a8d-811e-bc094914ea8c,0.97,false,false,near_mint,en,USD
Angel of Invention,TDC,Tarkir: Dragonstorm Commander,109,normal,mythic,1,104823,98c42f02-6eda-4ef7-929f-b3a2ece9f650,0.23,false,false,near_mint,en,USD
Angel of the Dawn,CMR,Commander Legends,6,normal,common,1,56210,d00ffeb5-195c-45ad-a791-ec67f463d552,0.05,false,false,near_mint,en,USD
Angel of the Ruins,FIC,Final Fantasy Commander,229,normal,uncommon,1,106256,fd9c99f0-390d-4ab1-ac0a-b18f1b0af12c,0.19,false,false,near_mint,en,USD
Angel of the Ruins,EOC,Edge of Eternities Commander,63,normal,rare,1,107266,4ad8d899-5901-4fc8-b4f0-adcc0d97fc6e,0.14,false,false,near_mint,en,USD
Angelheart Protector,ZNR,Zendikar Rising,3,normal,common,1,54735,c06cc03f-da73-4ba5-96c9-618b497a7ea3,0.04,false,false,near_mint,en,USD
Angelic Edict,FDN,Foundations,490,normal,common,1,97190,c0bf349e-2974-4aea-a5c0-fdaea77325cc,0.18,false,false,near_mint,en,USD
Anger,FIC,Final Fantasy Commander,289,normal,uncommon,1,105915,484ade24-6c2c-4f7e-b561-da802a80e0bb,1.23,false,false,near_mint,en,USD
Angler Turtle,CLB,Commander Legends: Battle for Baldur's Gate,713,normal,rare,1,69605,9c8d57fc-9695-45df-8b88-0048330608bd,0.22,false,false,near_mint,en,USD
Animal Friend,PIP,Fallout,72,normal,rare,1,92587,af31a045-0387-44ff-b735-54e19b04d925,0.13,false,false,near_mint,en,USD
Animate Object,UNF,Unfinity,33,normal,uncommon,1,72852,9af548aa-802f-4057-8afb-225cdf19d98b,0.03,false,false,near_mint,en,USD
Annex Sentry,ONE,Phyrexia: All Will Be One,2,normal,uncommon,2,78377,04baad61-1b51-4602-9e33-0de4a9f34793,0.13,false,false,near_mint,en,USD
Annihilating Glare,ONE,Phyrexia: All Will Be One,80,normal,common,2,78816,be5d0b95-ec12-4e8e-99a0-7aca457f9107,0.06,false,false,near_mint,en,USD
Anoint with Affliction,ONE,Phyrexia: All Will Be One,81,normal,common,2,78961,f7dc55a8-290f-4666-90ce-aa632e87c5e7,0.07,false,false,near_mint,en,USD
Answered Prayers,MH1,Modern Horizons,2,normal,common,1,44932,175b6e34-9cb3-4c8d-9cc0-960082a9ee71,0.09,false,false,near_mint,en,USD
Antagonize,SNC,Streets of New Capenna,100,normal,common,1,67870,8bac1d2a-99dd-40b3-8823-ce9225efcdcf,0.06,false,false,near_mint,en,USD
Anticipate,IKO,Ikoria: Lair of Behemoths,40,normal,common,1,50037,46b6dfb2-ffe4-44fb-bfd9-df11bc3193df,0.06,false,false,near_mint,en,USD
Anticognition,ZNR,Zendikar Rising,45,normal,common,3,54778,db99b872-77c7-4471-9c44-a36d4ff5d33f,0.08,false,false,near_mint,en,USD
Anvilwrought Raptor,M20,Core Set 2020,221,normal,common,3,45239,aa6d7bbe-0418-4a58-a97b-13b50eb0b642,0.06,false,false,near_mint,en,USD
Apostle of Invasion,ONE,Phyrexia: All Will Be One,3,normal,uncommon,3,78686,8a973487-5def-4771-bb77-5748cbd2f469,0.06,false,false,near_mint,en,USD
Apothecary Geist,INR,Innistrad Remastered,10,normal,common,1,102711,a79df1a1-6d60-4e5f-b4d8-668155836bb6,0.02,false,false,near_mint,en,USD
Apothecary Stomper,FDN,Foundations,99,normal,common,1,101537,680b7b0c-0e1b-46ce-9917-9fc6e05aa148,0.03,false,false,near_mint,en,USD
Arashin Foremost,DTK,Dragons of Tarkir,3,normal,rare,1,11811,1f88ecc5-df1d-47e6-8cf3-1d708e2389e4,0.23,false,false,near_mint,en,USD
Arcade Gannon,PIP,Fallout,92,normal,rare,1,92050,36356522-15fc-41e2-bf14-a745e5a96a50,0.1,false,false,near_mint,en,USD
Arcane Denial,DRC,Aetherdrift Commander,70,normal,common,2,102902,0baad613-6c5b-4b5e-a784-b43f2acaf689,1.7,false,false,near_mint,en,USD
Arcane Sanctum,DRC,Aetherdrift Commander,146,normal,uncommon,1,103231,b57164a6-aca8-4cd2-9b40-1c10f13c1c6b,0.37,false,false,near_mint,en,USD
Arcane Sanctum,FIC,Final Fantasy Commander,373,normal,uncommon,1,106018,82ce1102-a88c-46ff-9fc1-7153beb50b6a,0.31,false,false,near_mint,en,USD
Arcane Signet,LTC,Tales of Middle-earth Commander,273,normal,common,1,83071,4e92354d-c203-41e1-822d-8263fadd9eb3,0.52,false,false,near_mint,en,USD
Arcane Signet,FIC,Final Fantasy Commander,333,normal,common,5,106240,f4f7cc5b-a52a-470b-8970-260b61c91ad5,0.49,false,false,near_mint,en,USD
Arcane Signet,TDC,Tarkir: Dragonstorm Commander,105,normal,uncommon,1,104325,935644d4-a140-4f24-b8ab-d5e79a682a9b,0.53,false,false,near_mint,en,USD
Arcane Signet,M3C,Modern Horizons 3 Commander,283,normal,common,2,94711,156a1ca1-e4b1-4e0c-a786-fd80fe189896,0.45,false,false,near_mint,en,USD
Arcane Signet,PIP,Fallout,224,normal,uncommon,2,92430,8bafeaa8-5e77-4303-b30a-23fd137b7c35,0.48,false,false,near_mint,en,USD
Arcbound Mouser,MH2,Modern Horizons 2,3,normal,common,1,59704,9d66e724-49ee-4f08-a160-584350de1d95,0.08,false,false,near_mint,en,USD
Archaeomancer,UMA,Ultimate Masters,45,normal,common,1,43454,cc258713-6ce3-44e0-9b4b-8fa7d1d093a1,0.29,false,false,near_mint,en,USD
Archaeomancer's Map,FIC,Final Fantasy Commander,230,normal,rare,1,106157,c6ff5063-c93f-4b21-8d08-ab0e8e046d39,2.34,false,false,near_mint,en,USD
Archfiend of Depravity,FIC,Final Fantasy Commander,273,normal,rare,1,106108,aa0ba9cb-e45c-4c23-baab-38e01391ec6b,0.33,false,false,near_mint,en,USD
Archfiend of Ifnir,DRC,Aetherdrift Commander,86,normal,rare,1,103183,9656903f-bd3e-4944-9f5f-f2d372a19f56,2.52,false,false,near_mint,en,USD
Archfiend of the Dross,ONE,Phyrexia: All Will Be One,82,normal,rare,1,78679,86b0edaf-8cfd-4508-9554-6f0fddc2dfc4,0.22,false,false,near_mint,en,USD
Archmage Emeritus,FIC,Final Fantasy Commander,261,normal,rare,1,106221,e85c555a-f034-4c79-92d8-610527d16529,1.65,false,false,near_mint,en,USD
Archmage Emeritus,TDC,Tarkir: Dragonstorm Commander,145,normal,rare,1,104687,62f20d75-cfe5-427b-92d3-35c7e77db0d5,1.4,false,false,near_mint,en,USD
Archon of Redemption,WWK,Worldwake,3,normal,rare,1,22188,1f7dfcf6-c41b-48d6-a3b4-4b4a7bed82eb,0.25,false,false,near_mint,en,USD
Archway Commons,STX,Strixhaven: School of Mages,263,normal,common,1,58393,f6f6a2ff-7eb7-4680-af2b-e69ac88a65c9,0.07,false,false,near_mint,en,USD
"Ardbert, Warrior of Darkness",FIC,Final Fantasy Commander,77,normal,rare,1,106082,9fc1ac8a-bbd4-4d17-81d9-fd04876084b1,0.43,false,false,near_mint,en,USD
Ardent Electromancer,ZNR,Zendikar Rising,135,normal,common,4,54798,e8685c8e-935f-49f2-acf2-8e3c41c5b330,0.06,false,false,near_mint,en,USD
Ardent Elementalist,MID,Innistrad: Midnight Hunt,128,normal,common,1,63507,f58592f7-1df5-428d-9dde-e6acd9a5d1d5,0.13,false,false,near_mint,en,USD
Ardenvale Paladin,ELD,Throne of Eldraine,4,normal,common,1,46334,a32fa360-6c41-4146-931b-c19e9a766803,0.05,false,false,near_mint,en,USD
Ardenvale Tactician // Dizzying Swoop,ELD,Throne of Eldraine,5,normal,common,1,46333,c7d5e394-8e41-442e-ae97-a478a61e1b9d,0.06,false,false,near_mint,en,USD
"Ardyn, the Usurper",FIN,Final Fantasy,89,normal,rare,1,105607,4627072e-9c72-4084-8021-690777342548,0.53,false,false,near_mint,en,USD
Arena Athlete,UMA,Ultimate Masters,123,normal,common,1,43386,bacc2881-26b8-4199-9b7d-e12c75effe6e,0.05,false,false,near_mint,en,USD
Argent Dais,MH3,Modern Horizons 3,20,normal,rare,1,94588,b56ad225-1249-4e94-898c-ca21b132e62d,0.18,false,false,near_mint,en,USD
Argentum Masticore,ONE,Phyrexia: All Will Be One,222,normal,rare,2,78716,9746e3ab-c0a6-46c1-a418-275b419962e4,0.14,false,false,near_mint,en,USD
Argivian Cavalier,DMU,Dominaria United,4,normal,common,1,71454,57746e72-ba9f-4717-a4a2-6c6a039080c3,0.03,false,false,near_mint,en,USD
Argothian Elder,BRB,Battle Royale Box Set,6,normal,uncommon,1,34054,49216e44-5fa2-4140-b0c5-8b5a647f54e9,0.65,false,false,near_mint,en,USD
Arlinn's Wolf,WAR,War of the Spark,151,normal,common,2,44253,747223a5-c669-4d0e-a062-265eb47710cd,0.11,false,false,near_mint,en,USD
Armorcraft Judge,CMM,Commander Masters,273,normal,uncommon,2,84398,5b76074c-65ca-40e9-b125-4668d3431820,0.09,false,false,near_mint,en,USD
Armored Scrapgorger,ONE,Phyrexia: All Will Be One,158,normal,uncommon,2,78581,61e220d0-38c9-4584-940b-8a9e983ecfe7,0.14,false,false,near_mint,en,USD
Armory Automaton,FIC,Final Fantasy Commander,336,normal,rare,1,106063,99fbb6f1-0584-45c2-b4c5-0431447913d4,0.21,false,false,near_mint,en,USD
Armory of Iroas,CMR,Commander Legends,299,normal,common,1,55726,703a03ac-5bb5-4e36-ab9b-a5c007ffc03d,0.08,false,false,near_mint,en,USD
Armory Paladin,PIP,Fallout,93,normal,rare,1,92154,4e5ffa95-5c5f-449b-820a-7d5bc1688d29,0.16,false,false,near_mint,en,USD
Arni Slays the Troll,KHM,Kaldheim,201,normal,uncommon,1,57097,d18396f9-ae20-4471-84ab-a2148319bc39,0.17,false,false,near_mint,en,USD
"Aron, Benalia's Ruin",DMU,Dominaria United,292,normal,uncommon,1,71587,861f36b9-9f43-4ace-8e60-4ba671b2655a,0.08,false,false,near_mint,en,USD
Arrest,MMQ,Mercadian Masques,4,normal,uncommon,1,34406,3b083fd8-6422-4cd3-a27d-41b6d88598c2,0.21,false,false,near_mint,en,USD
Arrester's Zeal,RVR,Ravnica Remastered,4,normal,common,1,89984,f501024b-79e8-48f8-8102-38d3e439dc64,0.03,false,false,near_mint,en,USD
Arrogant Outlaw,MID,Innistrad: Midnight Hunt,84,normal,common,2,63229,496a9d45-6197-44b6-b0fc-17aeae281b2f,0.07,false,false,near_mint,en,USD
Arrogant Poet,STX,Strixhaven: School of Mages,63,normal,common,1,58100,556a0816-83c5-41dc-8546-213b21e2cceb,0.1,false,false,near_mint,en,USD
Artful Maneuver,DTK,Dragons of Tarkir,4,normal,common,1,11810,7fcaf67e-ba97-4af9-8c47-dbca703cba35,0.05,false,false,near_mint,en,USD
Artificer's Epiphany,DDU,Duel Decks: Elves vs. Inventors,36,normal,common,1,2431,f4e6f89d-c73b-4105-9743-95504f0fd866,0.19,false,false,near_mint,en,USD
Artillery Blast,DMU,Dominaria United,6,normal,common,1,71251,0d4d7293-657f-48ac-931b-fb6a44128e6d,0.04,false,false,near_mint,en,USD
Ash Barrens,TDC,Tarkir: Dragonstorm Commander,339,normal,common,1,105054,f5314520-b8af-4416-b57c-74388542ecb6,0.08,false,false,near_mint,en,USD
Ash Barrens,PIP,Fallout,253,normal,common,2,92334,78a90148-5ed9-42db-a64f-4735676d82e3,0.07,false,false,near_mint,en,USD
Ash Barrens,FIC,Final Fantasy Commander,374,normal,common,4,105997,77df073b-49dc-4743-82a3-d595bc938761,0.16,false,false,near_mint,en,USD
"Ashe, Princess of Dalmasca",FIN,Final Fantasy,7,normal,uncommon,5,106699,ffe0596f-ef99-4862-9386-0fe455259995,0.07,false,false,near_mint,en,USD
Ashnod's Intervention,BRO,The Brothers' War,85,normal,common,1,75740,bcf491db-d12b-4c58-9c05-085cac34a73e,0.08,false,false,near_mint,en,USD
Aspirant's Ascent,ONE,Phyrexia: All Will Be One,40,normal,common,2,78557,57551332-e2a4-4e6a-9bd8-e3a9baafcd17,0.03,false,false,near_mint,en,USD
Assault Suit,CMM,Commander Masters,369,normal,uncommon,1,84628,92b22076-b04e-4d65-9d9c-d3e4c7a3cf1c,0.12,false,false,near_mint,en,USD
Assaultron Dominator,PIP,Fallout,54,normal,rare,2,92099,4112fadb-da03-441a-beeb-1dc90425e3f3,0.14,false,false,near_mint,en,USD
Assemble the Legion,RVR,Ravnica Remastered,163,normal,rare,1,89562,10ce686a-eecd-4b32-a882-9a6ca3274ae6,0.32,false,false,near_mint,en,USD
Astarion's Thirst,CLB,Commander Legends: Battle for Baldur's Gate,114,normal,rare,1,68914,2366640a-ca4a-4325-8578-1ec78d0382cc,0.86,false,false,near_mint,en,USD
Astrologian's Planisphere,FIN,Final Fantasy,46,normal,rare,1,106146,bfa4e927-1d6f-4a64-9801-7d168a5ef3f6,0.34,false,false,near_mint,en,USD
Astroquarium,UNF,Unfinity,34,normal,uncommon,1,72874,a4995ce0-c588-4df5-b6e0-b4f99b861334,0.07,false,false,near_mint,en,USD
Asylum Visitor,INR,Innistrad Remastered,96,normal,uncommon,1,102400,02046824-6c48-40bb-9f0b-4fd280c6ed85,0.14,false,false,near_mint,en,USD
Atmosphere Surgeon,ONE,Phyrexia: All Will Be One,41,normal,uncommon,4,78836,c66988ca-29d5-45ea-8d68-c8e0e4c3ffb1,0.08,false,false,near_mint,en,USD
Atog,5ED,Fifth Edition,209,normal,uncommon,2,37797,f123fe6a-99ca-48c1-9a7a-ae905c10108a,0.24,false,false,near_mint,en,USD
Atraxa's Skitterfang,ONE,Phyrexia: All Will Be One,223,normal,uncommon,1,78859,cdedebad-f71e-4434-871e-5bbbd3c07a12,0.09,false,false,near_mint,en,USD
"Atraxa, Grand Unifier",FCA,Final Fantasy: Through the Ages,49,normal,mythic,2,105706,be326fe9-4ed8-4f64-934c-9955edea5fdb,23.54,false,false,near_mint,en,USD
Audience with Trostani,MKM,Murders at Karlov Manor,309,normal,rare,1,91039,8b4b7b29-b1c1-4413-80d9-3c8585ed8eb4,0.17,false,false,near_mint,en,USD
"Aurelia, the Law Above",MKM,Murders at Karlov Manor,357,normal,rare,1,90688,1c5598d3-b66b-42a2-aa43-d2785c1bfe36,1.08,false,false,near_mint,en,USD
Auron's Inspiration,FIN,Final Fantasy,8,normal,uncommon,1,106349,77d82764-563c-4bc2-b568-625ec7215e0d,0.06,false,false,near_mint,en,USD
"Auron, Venerated Guardian",FIC,Final Fantasy Commander,10,normal,rare,1,106165,cb82d614-13d8-40ec-9213-8e6852d37c9c,0.19,false,false,near_mint,en,USD
Aurora Shifter,M3C,Modern Horizons 3 Commander,97,normal,rare,1,94776,90577060-8def-4b50-ae09-6f7a3244e80a,0.12,false,false,near_mint,en,USD
Auroral Procession,TDM,Tarkir: Dragonstorm,169,normal,uncommon,1,104701,672f94ad-65d6-4c7d-925d-165ef264626f,0.33,false,false,near_mint,en,USD
Austere Command,FIC,Final Fantasy Commander,231,normal,rare,1,106053,93e3dbd9-20f6-47a2-8246-c260b2ead9dc,0.28,false,false,near_mint,en,USD
Austere Command,PIP,Fallout,156,normal,rare,1,92168,5215c18d-90cd-45df-ac14-99909c97c69e,0.42,false,false,near_mint,en,USD
Austere Command,M3C,Modern Horizons 3 Commander,167,normal,rare,1,94747,556ba00c-f0e1-47ce-aea8-c22c4f3f3b05,0.36,false,false,near_mint,en,USD
Authority of the Consuls,FIC,Final Fantasy Commander,232,normal,rare,1,105937,53e3fa87-8de0-4e3a-90bf-780dd0a9fb48,4.7,false,false,near_mint,en,USD
Automated Artificer,NEO,Kamigawa: Neon Dynasty,239,normal,common,1,66905,b8c30ffb-b4f5-40b0-87b8-800a42bded2b,0.07,false,false,near_mint,en,USD
Automated Assembly Line,PIP,Fallout,10,normal,rare,2,92912,fe9e2a76-1324-4b8e-b23c-10c04aca1870,0.12,false,false,near_mint,en,USD
Avacyn's Collar,DKA,Dark Ascension,145,normal,uncommon,1,18392,972e9a78-204b-4012-b394-b40fd0edac4c,0.07,false,false,near_mint,en,USD
Avacynian Priest,INR,Innistrad Remastered,12,normal,common,2,102759,c119b314-c563-4b6b-8bac-a680e69c6b37,0.03,false,false,near_mint,en,USD
Avalanche Caller,KHM,Kaldheim,45,normal,uncommon,1,56973,89cef049-6a47-4264-b2bc-b9d291a09c4c,0.05,false,false,near_mint,en,USD
Avalanche of Sector 7,FIC,Final Fantasy Commander,53,normal,rare,1,105852,20a87dbc-5deb-42ae-9097-806e9a27466f,0.14,false,false,near_mint,en,USD
Avaricious Dragon,ORI,Magic Origins,131,normal,mythic,1,10811,354255d7-dc29-403b-aa90-9044cde669d0,0.92,false,false,near_mint,en,USD
Aven Battle Priest,ORI,Magic Origins,6,normal,common,2,10936,b0060e75-a5a4-4d9a-894c-45bb7e2feffc,0.05,false,false,near_mint,en,USD
Aven Gagglemaster,M21,Core Set 2021,5,normal,uncommon,1,50986,c5b57247-81cc-44ec-b5a9-0702111a98a8,0.09,false,false,near_mint,en,USD
Aven Surveyor,CMR,Commander Legends,57,normal,common,1,56243,f4981d99-c33d-4451-8f6a-28fffb3dcd1c,0.04,false,false,near_mint,en,USD
Aven Wind Mage,M19,Core Set 2019,45,normal,common,1,1267,1b12dfc1-81f2-44b2-baa2-73cc21363978,0.04,false,false,near_mint,en,USD
Awaken the Sleeper,ONE,Phyrexia: All Will Be One,119,normal,uncommon,2,78509,3b92f866-2522-4f2a-a5ca-7d01ad79b927,0.05,false,false,near_mint,en,USD
Axiom Engraver,ONE,Phyrexia: All Will Be One,120,normal,common,5,78849,c9b3b785-396e-4240-bfa3-58ab53497686,0.01,false,false,near_mint,en,USD
Azorius Chancery,DSC,Duskmourn: House of Horror Commander,261,normal,uncommon,2,99152,50ef0ac3-e911-4d67-a751-8d86160ae843,0.17,false,false,near_mint,en,USD
Azorius Guildgate,KHC,Kaldheim Commander,107,normal,common,1,57224,569b53fb-8776-4301-9ed6-f7eabb08cebf,0.16,false,false,near_mint,en,USD
Azorius Locket,VOC,Crimson Vow Commander,160,normal,common,1,64661,f893f1e9-1d19-4220-9e0d-3f9c85d33837,0.12,false,false,near_mint,en,USD
Azorius Signet,TDC,Tarkir: Dragonstorm Commander,312,normal,uncommon,3,104586,41c50b99-4a29-4bef-8d41-c548c8a61dac,0.19,false,false,near_mint,en,USD
Azure Fleet Admiral,LCC,The Lost Caverns of Ixalan Commander,144,normal,common,3,88808,adb04bab-a10a-40da-813e-6afa68956efc,0.06,false,false,near_mint,en,USD
Baaallerina,UNF,Unfinity,35,normal,uncommon,1,72954,db5b2911-5b22-4847-a570-c16ce719d9b4,0.02,false,false,near_mint,en,USD
Backstreet Bruiser,SNC,Streets of New Capenna,35,normal,common,1,67876,8d3a94c8-a7eb-4f05-8d48-d42e5129b09a,0.02,false,false,near_mint,en,USD
"Baird, Argivian Recruiter",DMU,Dominaria United,195,normal,uncommon,1,71306,1f643d78-d8d8-4645-9357-a68ebd0d3517,0.1,false,false,near_mint,en,USD
Baithook Angler // Hook-Haunt Drifter,MID,Innistrad: Midnight Hunt,42,normal,common,1,63199,36e71d16-0964-489d-bea2-9cec7991fc99,0.02,false,false,near_mint,en,USD
Bake into a Pie,FDN,Foundations,169,normal,common,2,101494,2ab0e660-86a3-4b92-82fa-77dcb5db947d,0.13,false,false,near_mint,en,USD
"Balamb Garden, SeeD Academy // Balamb Garden, Airborne",FIN,Final Fantasy,272,normal,rare,3,106492,001e9f20-5b15-41cb-bf82-46172decc235,0.26,false,false,near_mint,en,USD
Balamb T-Rexaur,FIN,Final Fantasy,173,normal,common,4,106456,e5857b1b-73bc-458e-b26b-7ed8bef785f3,0.05,false,false,near_mint,en,USD
Baleful Strix,FIC,Final Fantasy Commander,318,normal,rare,1,105921,4ae1ec4a-5367-4663-841b-4038ae30a690,0.69,false,false,near_mint,en,USD
"Balmor, Battlemage Captain",FDN,Foundations,237,normal,uncommon,1,100142,0b45ab13-9bb6-48af-8b37-d97b25801ac8,0.15,false,false,near_mint,en,USD
Balthier and Fran,FIN,Final Fantasy,393,normal,rare,1,105713,c8198264-150f-4f95-9de1-cbc7fa456535,0.79,false,false,near_mint,en,USD
Bane of Progress,CMA,Commander Anthology,91,normal,rare,1,5195,66a23edd-96ad-4870-907f-2c332bc2e53b,4.08,false,false,near_mint,en,USD
Bane of Progress,FIC,Final Fantasy Commander,299,normal,rare,1,105956,5fc6876d-7441-42ac-b9a1-c10a0f6a387a,0.67,false,false,near_mint,en,USD
Banishing Light,FDN,Foundations,138,normal,common,1,101613,e38dc3b3-1629-491b-8afd-0e7a9a857713,0.05,false,false,near_mint,en,USD
Banishing Light,BLB,Bloomburrow,1,normal,common,1,96011,25a06f82-ebdb-4dd6-bfe8-958018ce557c,0.05,false,false,near_mint,en,USD
"Banon, the Returners' Leader",FIC,Final Fantasy Commander,78,normal,rare,1,105963,63e84ece-b129-457d-84ed-b4280120f08b,0.15,false,false,near_mint,en,USD
Bant Sojourners,ARB,Alara Reborn,125,normal,common,1,23383,eff007af-0329-4872-8621-41e90d9f06e6,0.05,false,false,near_mint,en,USD
Bar the Gate,AFR,Adventures in the Forgotten Realms,47,normal,common,2,60401,b9b1e53f-1384-4860-9944-e68922afc65c,0.08,false,false,near_mint,en,USD
Baral and Kari Zev,TDC,Tarkir: Dragonstorm Commander,282,normal,rare,1,105021,e777c383-161f-4a80-acb3-2a5c9ed5e927,0.11,false,false,near_mint,en,USD
Baral's Expertise,TDC,Tarkir: Dragonstorm Commander,146,normal,rare,1,104986,d5beecd5-4267-454d-87db-24d476e1f352,0.15,false,false,near_mint,en,USD
Barbed Batterfist,ONE,Phyrexia: All Will Be One,121,normal,common,3,78898,de1d02d1-91dc-47d6-bdbe-87602428abfb,0.07,false,false,near_mint,en,USD
Bard's Bow,FIN,Final Fantasy,174,normal,common,8,106530,2ac03e90-1e16-453f-88e4-a0448db73403,0.04,false,false,near_mint,en,USD
Barkform Harvester,BLB,Bloomburrow,243,normal,common,1,95984,f77049a6-0f22-415b-bc89-20bcb32accf6,0.06,false,false,near_mint,en,USD
"Baron, Airship Kingdom",FIN,Final Fantasy,273,normal,common,4,106570,6e4bf840-802d-47d5-bffd-8ba495e19cf6,0.13,false,false,near_mint,en,USD
Barony Vampire,M20,Core Set 2020,85,normal,common,1,45376,b0130d04-05f2-44f5-bd6c-8b11f798b69e,0.03,false,false,near_mint,en,USD
Barrensteppe Siege,TDM,Tarkir: Dragonstorm,384,normal,rare,1,104002,c09d4015-f101-4529-a603-c66192dcfd92,0.3,false,false,near_mint,en,USD
Barret Wallace,FIN,Final Fantasy,129,normal,uncommon,4,105840,1a504dff-5857-4a61-ab99-616d5df7cf5a,0.1,false,false,near_mint,en,USD
"Barret, Avalanche Leader",FIC,Final Fantasy Commander,79,normal,rare,1,105874,2e37fd36-84f0-4869-bfae-da4b97c9725d,0.13,false,false,near_mint,en,USD
Barrow Witches,ELD,Throne of Eldraine,77,normal,common,1,46261,45707c22-fce8-4dbd-9d19-73f08c68f449,0.05,false,false,near_mint,en,USD
Basilica Shepherd,ONE,Phyrexia: All Will Be One,4,normal,common,2,78665,81ef3cfa-63e6-4450-af65-da7f05d13cf3,0.08,false,false,near_mint,en,USD
Basilica Skullbomb,ONE,Phyrexia: All Will Be One,224,normal,common,1,78692,8e2f0ae2-db68-4338-93f9-9d9268cec41e,0.04,false,false,near_mint,en,USD
Basilisk Collar,PIP,Fallout,225,normal,rare,1,92297,718b8ca7-81cb-40d8-904e-88872bd3797e,3.86,false,false,near_mint,en,USD
Bastion of Remembrance,FIC,Final Fantasy Commander,274,normal,uncommon,1,105973,68846892-3cdb-4a17-aef7-dd7a3aed22ff,0.27,false,false,near_mint,en,USD
Bastion Protector,FIC,Final Fantasy Commander,233,normal,rare,1,105821,0ed04a28-2984-4fa6-a11e-f508b7b5446e,0.43,false,false,near_mint,en,USD
Bat Whisperer,MID,Innistrad: Midnight Hunt,86,normal,common,1,63222,4412c901-0ec8-437a-9d1e-ce318bbe2b03,0.05,false,false,near_mint,en,USD
Battle Menu,FIN,Final Fantasy,9,normal,uncommon,3,106523,240e1466-bd02-423d-b829-234dcd2bfab2,0.12,false,false,near_mint,en,USD
Battle Screech,ONC,Phyrexia: All Will Be One Commander,59,normal,uncommon,1,78675,8577272c-d493-48c3-9a3e-5a6e896da71e,0.12,false,false,near_mint,en,USD
Battlefield Forge,TDC,Tarkir: Dragonstorm Commander,340,normal,rare,2,105044,f09bf0b7-45fa-4315-b393-f3ec0303c0c2,0.17,false,false,near_mint,en,USD
Battlefield Forge,BLC,Bloomburrow Commander,293,normal,rare,1,96208,24323a73-8c9a-4cd4-a98f-9ea0d1f33bf6,0.23,false,false,near_mint,en,USD
Battlefield Forge,FIC,Final Fantasy Commander,375,normal,rare,2,106092,a2de3346-9647-4540-ba41-e67c24ddf141,0.17,false,false,near_mint,en,USD
Battlefield Promotion,2X2,Double Masters 2022,7,normal,common,2,70213,4e4e3a08-05a6-4730-8b4a-a8cb440dc299,0.03,false,false,near_mint,en,USD
Battleground Geist,INR,Innistrad Remastered,53,normal,common,1,102484,3507e285-fabb-45e3-af4c-52032558cf03,0.03,false,false,near_mint,en,USD
Battlewing Mystic,DMU,Dominaria United,43,normal,uncommon,2,71204,000376ef-8b6c-490d-98cb-d6de15b2e585,0.07,false,false,near_mint,en,USD
Bayou Groff,STX,Strixhaven: School of Mages,121,normal,common,1,58085,4a82b032-b1ba-456c-abab-c0f7430b0587,0.05,false,false,near_mint,en,USD
Bazaar Krovod,RTR,Return to Ravnica,7,normal,uncommon,1,17415,b07bb2fe-3a9b-47d0-864b-99a662d9544b,0.18,false,false,near_mint,en,USD
Beaming Defiance,STX,Strixhaven: School of Mages,9,normal,common,1,58174,7e22411c-11c1-4770-8491-7952dd406e01,0.06,false,false,near_mint,en,USD
"Beatrix, Loyal General",FIN,Final Fantasy,554,normal,rare,2,106074,9da83b07-4978-4af7-be51-8aa8f35ec0bb,0.99,false,false,near_mint,en,USD
Bedevil,FIC,Final Fantasy Commander,319,normal,rare,1,105861,284fe591-88e6-46f0-8b9c-9ec7d143a2d0,0.25,false,false,near_mint,en,USD
Bedlam Reveler,INR,Innistrad Remastered,142,normal,rare,1,102525,4780d9d6-b5a2-4646-bd63-48ec58fea6b2,0.12,false,false,near_mint,en,USD
Befoul,USG,Urza's Saga,116,normal,common,1,35852,f92cb48d-315b-4877-b615-ffdf275c4d61,0.16,false,false,near_mint,en,USD
Befriending the Moths // Imperial Moth,NEO,Kamigawa: Neon Dynasty,4,normal,common,2,66406,8ad44884-ae0d-40ae-87a9-bad043d4e9ad,0.08,false,false,near_mint,en,USD
Behemoth of Vault 0,PIP,Fallout,127,normal,uncommon,2,92198,592d6e5b-a94e-460c-ab2f-21fd842c3d9a,0.11,false,false,near_mint,en,USD
Behemoth Sledge,FIC,Final Fantasy Commander,320,normal,uncommon,1,105855,22b8fad5-bb39-4a1b-9f9b-c0c9cf8228bb,0.08,false,false,near_mint,en,USD
Behemoth Sledge,PIP,Fallout,211,normal,uncommon,1,91820,0053d366-fc35-443b-a8dd-4ab0c3362c81,0.14,false,false,near_mint,en,USD
Belligerent Guest,VOW,Innistrad: Crimson Vow,144,normal,common,7,64113,1bb844c4-f41c-4411-a80a-c19e1d97b272,0.03,false,false,near_mint,en,USD
Belligerent of the Ball,WOE,Wilds of Eldraine,120,normal,uncommon,1,85460,6658398a-46a5-4f41-9b1b-4a47f2822cf8,0.03,false,false,near_mint,en,USD
Bellowing Crier,BLB,Bloomburrow,42,normal,common,2,96119,ca2215dd-6300-49cf-b9b2-3a840b786c31,0.04,false,false,near_mint,en,USD
Bellows Lizard,ORI,Magic Origins,132,normal,common,1,10810,285d2e99-13f1-4ce8-9a54-139de193c1b3,0.03,false,false,near_mint,en,USD
Benalish Sleeper,DMU,Dominaria United,8,normal,common,1,71873,f96089ea-20cf-496d-84a6-9b660c2ef672,0.03,false,false,near_mint,en,USD
Beseech the Mirror,WOE,Wilds of Eldraine,82,normal,mythic,1,85274,18c59776-e1f1-4197-a128-db1d603f56b7,16.03,false,false,near_mint,en,USD
Bespoke Battlewagon,DRC,Aetherdrift Commander,71,normal,uncommon,1,103320,e42f232d-73c3-40bd-8ca2-da53ca20f9de,0.03,false,false,near_mint,en,USD
Bewildering Blizzard,TDM,Tarkir: Dragonstorm,38,normal,uncommon,1,104807,91b25843-1aa0-484a-b6c7-0c284fe7214a,0.04,false,false,near_mint,en,USD
Beyeen Veil // Beyeen Coast,ZNR,Zendikar Rising,46,normal,uncommon,1,54570,5f411f08-45dd-4d73-8894-daf51c175150,0.13,false,false,near_mint,en,USD
Bident of Thassa,M3C,Modern Horizons 3 Commander,177,normal,rare,2,94759,723fbd4f-3243-4d93-a563-180c3ae47d4d,0.48,false,false,near_mint,en,USD
Big Play,STX,Strixhaven: School of Mages,122,normal,common,2,58217,9016d667-50a9-4093-9a99-b34dcdafe60b,0.04,false,false,near_mint,en,USD
Big Score,FIC,Final Fantasy Commander,290,normal,common,1,105971,67d41ba2-a908-4613-b275-6ffe4165e48a,0.78,false,false,near_mint,en,USD
Big Score,TDC,Tarkir: Dragonstorm Commander,206,normal,common,1,104927,c0b2deb2-b198-4d79-8cef-5b8a2577c992,0.77,false,false,near_mint,en,USD
Bigfin Bouncer,FDN,Foundations,31,normal,common,1,100882,9b1d5b76-b07e-45c6-800d-4cfce085164f,0.03,false,false,near_mint,en,USD
Bighorner Rancher,PIP,Fallout,73,normal,uncommon,1,92397,861361bc-b357-4ff8-931b-a48d08817191,0.27,false,false,near_mint,en,USD
Bilious Skulldweller,ONE,Phyrexia: All Will Be One,83,normal,uncommon,1,78900,dfb81cb1-ac56-4803-a962-359854a447df,0.15,false,false,near_mint,en,USD
Binding Geist // Spectral Binding,VOW,Innistrad: Crimson Vow,48,normal,common,2,64268,730e4629-dc54-415d-9493-88885788ca19,0.03,false,false,near_mint,en,USD
Bioluminary,UNF,Unfinity,38,normal,uncommon,1,72935,ccd3293a-35f4-4ae3-8d88-ae4dbfb38012,0.03,false,false,near_mint,en,USD
Bird,TMH3,Modern Horizons 3 Tokens,9,normal,common,1,95232,e7222593-5ade-4512-bfee-6126d4d0cc19,,false,false,near_mint,en,USD
Bird,TMOC,March of the Machine Commander Tokens,5,normal,common,1,81608,38476293-627e-44e6-a83e-24aaf3de8e9a,0.13,false,false,near_mint,en,USD
Bird,TFIN,Final Fantasy Tokens,17,normal,common,4,106722,8632216a-33c3-4d16-bf25-42e41af53986,,false,false,near_mint,en,USD
Bird Admirer // Wing Shredder,MID,Innistrad: Midnight Hunt,298,normal,common,1,63302,7247d5ab-2897-4c89-a030-2947328a0c9e,0.06,false,false,near_mint,en,USD
Bitter Revelation,CMR,Commander Legends,109,normal,common,1,55599,25657da2-e7bc-4e9b-8ec2-5a5779738436,0.04,false,false,near_mint,en,USD
Bitterbow Sharpshooters,HOU,Hour of Devastation,112,normal,common,1,4563,8ecfcf99-be2b-4e5f-adef-1977ee5c6a0f,0.01,false,false,near_mint,en,USD
Black Mage's Rod,FIN,Final Fantasy,90,normal,common,8,105591,35e8f140-055f-4fc7-a765-fb030d828214,0.09,false,false,near_mint,en,USD
Black Waltz No. 3,FIN,Final Fantasy,214,normal,uncommon,2,106696,fe86e41b-b0f6-4aa1-8827-c095c721f304,0.19,false,false,near_mint,en,USD
Blackblade Reforged,SS2,Signature Spellbook: Gideon,8,normal,rare,1,44955,9dccac19-a915-4189-beb8-5d279a15a54e,5.03,false,false,near_mint,en,USD
Blackcleave Cliffs,DSC,Duskmourn: House of Horror Commander,263,normal,rare,1,99419,f75715ce-744f-409c-aeb1-e66eb9186a74,0.72,false,false,near_mint,en,USD
Blade of Shared Souls,ONE,Phyrexia: All Will Be One,42,normal,rare,2,78454,277aeb73-4c7c-4132-b9f9-55181d57e75d,0.15,false,false,near_mint,en,USD
Bladebrand,RVR,Ravnica Remastered,68,normal,common,1,89855,ae6f6255-865a-45fa-811d-ce477df730f2,0.06,false,false,near_mint,en,USD
Bladebrand,MID,Innistrad: Midnight Hunt,87,normal,common,2,63278,64d4713d-321a-447f-a318-88b552ec5d0c,0.04,false,false,near_mint,en,USD
Bladed Ambassador,ONE,Phyrexia: All Will Be One,5,normal,uncommon,7,78391,0bd8d2b8-4caf-4349-9538-0dfbebf0ce1b,0.05,false,false,near_mint,en,USD
Bladegraft Aspirant,ONE,Phyrexia: All Will Be One,122,normal,common,2,78472,2d6cf933-73fe-4e79-8d0b-29dc0f18b25d,0.06,false,false,near_mint,en,USD
Bladehold War-Whip,ONE,Phyrexia: All Will Be One,197,normal,uncommon,3,78551,563e9ba5-e0ec-4fb3-8301-689aa145cc19,0.13,false,false,near_mint,en,USD
Blasphemous Act,PIP,Fallout,188,normal,rare,2,92785,de9c16b7-63c2-4071-9117-184cb1a04f14,1.65,false,false,near_mint,en,USD
Blaster Hulk,M3C,Modern Horizons 3 Commander,107,normal,rare,1,94723,2995201b-22c7-425f-b793-fac54ad10fff,0.11,false,false,near_mint,en,USD
Blazing Bomb,FIN,Final Fantasy,130,normal,common,5,106573,70f47277-ca47-428a-808f-0fb32e820a71,0.02,false,false,near_mint,en,USD
Blazing Crescendo,ONE,Phyrexia: All Will Be One,123,normal,common,1,78878,d6bfc16a-2871-40a4-b279-636b80491a06,0.15,false,false,near_mint,en,USD
Blazing Torch,INR,Innistrad Remastered,254,normal,common,1,102827,ea2d3a1c-287e-4b85-8f3d-25fdcf79f47b,0.04,false,false,near_mint,en,USD
Blazing Volley,IKO,Ikoria: Lair of Behemoths,107,normal,common,1,49970,3adc0288-acdf-4a99-9bfb-919cae1aeb69,0.09,false,false,near_mint,en,USD
Bleed Dry,VOW,Innistrad: Crimson Vow,94,normal,common,1,64164,3db65755-f104-4de9-bcc9-0a4a7bc66b51,0.07,false,false,near_mint,en,USD
Bleeding Effect,ACR,Assassin's Creed,51,normal,uncommon,1,95401,6e942730-712a-42b2-8683-a18702d685f6,0.18,false,false,near_mint,en,USD
Blessed Defiance,MID,Innistrad: Midnight Hunt,5,normal,common,1,63152,1555cdcb-3471-4ee7-99c3-d05311bf433c,0.03,false,false,near_mint,en,USD
Blessed Spirits,ORI,Magic Origins,7,normal,uncommon,1,10935,150dd602-5f61-4f1e-a422-e64c079de141,0.1,false,false,near_mint,en,USD
Blight Sickle,SHM,Shadowmoor,247,normal,common,2,24619,c0f828c7-aedc-462b-8455-46e8a90feb85,0.17,false,false,near_mint,en,USD
Blight-Breath Catoblepas,THB,Theros Beyond Death,86,normal,common,1,46976,7865c079-1d91-48d4-852d-d104b6e0c157,0.04,false,false,near_mint,en,USD
Blightbelly Rat,ONE,Phyrexia: All Will Be One,85,normal,common,10,78701,9255cd01-a611-4fec-b9ec-b271687740ba,0.18,false,false,near_mint,en,USD
Blitz Leech,IKO,Ikoria: Lair of Behemoths,74,normal,common,1,50003,7d9b5bde-a851-480b-b45e-d384fd1c11bb,0.03,false,false,near_mint,en,USD
Blitzball,FIN,Final Fantasy,254,normal,common,6,106723,92f4ad73-42bf-45c0-8bb6-0b44043c81ef,0.13,false,false,near_mint,en,USD
Blitzball Shot,FIN,Final Fantasy,176,normal,common,7,106417,ec8ab637-3d7d-4712-9f83-8920f808f715,0.09,false,false,near_mint,en,USD
Blitzball Stadium,FIC,Final Fantasy Commander,34,normal,rare,1,105995,771808d9-d0c8-418b-ab6c-1ae6fc07ca20,0.12,false,false,near_mint,en,USD
Blood Age General,STX,Strixhaven: School of Mages,93,normal,common,2,58386,f30237cc-27c8-4075-acbd-d75a16588a68,0.02,false,false,near_mint,en,USD
Blood Artist,INR,Innistrad Remastered,97,normal,uncommon,2,101843,036f387a-8dee-482e-b3e3-cf79b54c61e1,1.15,false,false,near_mint,en,USD
Blood Aspirant,CMM,Commander Masters,208,normal,common,1,84007,075947cd-2e06-486a-83a7-97321445a679,0.05,false,false,near_mint,en,USD
Blood Beckoning,ZNR,Zendikar Rising,92,normal,common,1,54439,0cb88075-14f8-4ac9-b947-5ca1d30938f1,0.07,false,false,near_mint,en,USD
Blood Crypt,RNA,Ravnica Allegiance,245,normal,rare,1,43620,5faba6c8-3463-47c1-ba01-09eb87fcb2d5,17.88,false,false,near_mint,en,USD
Blood Curdle,IKO,Ikoria: Lair of Behemoths,75,normal,common,1,50002,4184c851-1419-476c-ba9c-9f0cb1137114,0.05,false,false,near_mint,en,USD
Blood Hypnotist,VOW,Innistrad: Crimson Vow,145,normal,uncommon,1,64427,d85e0477-9176-4a3e-badc-f1c1c734e59c,0.11,false,false,near_mint,en,USD
Blood Mist,INR,Innistrad Remastered,143,normal,uncommon,1,102473,2c01ef93-f41a-406f-91fc-f015b6014575,0.13,false,false,near_mint,en,USD
Blood Petal Celebrant,VOW,Innistrad: Crimson Vow,303,normal,common,4,64179,4592609d-48f5-4762-b95c-b2eaa2ea4d51,0.04,false,false,near_mint,en,USD
Blood Price,ZNR,Zendikar Rising,93,normal,common,2,54782,df14d32d-fe53-4370-8298-fab528ff12db,0.07,false,false,near_mint,en,USD
Blood Researcher,STX,Strixhaven: School of Mages,166,normal,common,3,58067,3e35e9ba-a10e-4926-a7a6-3a65efc2a730,0.11,false,false,near_mint,en,USD
Blood Servitor,VOW,Innistrad: Crimson Vow,252,normal,common,1,64298,87845cc2-bf5d-491d-bfa2-b33b034557a4,0.05,false,false,near_mint,en,USD
Blood Tribute,ZEN,Zendikar,81,normal,rare,1,22543,c76487d3-1d52-4c31-917e-eb929907218d,4.76,false,false,near_mint,en,USD
Blood-Toll Harpy,CN2,Conspiracy: Take the Crown,129,normal,common,1,7968,c081f3e2-e4e6-4ef5-9969-64aca9c11413,0.03,false,false,near_mint,en,USD
Bloodcrazed Socialite,VOW,Innistrad: Crimson Vow,288,normal,common,5,64338,9df22639-7e98-43a1-801e-cbf882558c53,0.06,false,false,near_mint,en,USD
Bloodfell Caves,TDM,Tarkir: Dragonstorm,250,normal,common,1,104250,1dde3c68-6f29-4c00-b668-c25ac9e3e13b,0.05,false,false,near_mint,en,USD
Bloodfell Caves,IKO,Ikoria: Lair of Behemoths,243,normal,common,1,49834,0c8269e6-b30c-4fdc-82a7-d503c133afa6,0.05,false,false,near_mint,en,USD
Bloodfell Caves,DSC,Duskmourn: House of Horror Commander,264,normal,common,1,99132,47746248-1a8f-4123-a0d9-6cb61f4b394f,0.16,false,false,near_mint,en,USD
Bloodforged Battle-Axe,PIP,Fallout,226,normal,rare,1,92564,a78289e0-3675-4587-8a33-54640e58a1f7,0.8,false,false,near_mint,en,USD
Bloodgift Demon,J25,Foundations Jumpstart,408,normal,rare,1,100102,04151a78-eb5a-4cb2-aa1f-e4835f3124c1,0.68,false,false,near_mint,en,USD
Bloodhaze Wolverine,ELD,Throne of Eldraine,113,normal,common,1,46225,3d6c0bc1-cb07-4009-83b1-1122381cf9c4,0.02,false,false,near_mint,en,USD
Bloodmad Vampire,INR,Innistrad Remastered,145,normal,common,2,102662,8a9747c1-ef2c-4c61-9529-abfb6ae0f964,0.03,false,false,near_mint,en,USD
Bloodsoaked Altar,M20,Core Set 2020,90,normal,uncommon,1,45371,b9169431-a5b1-42ea-bcf4-6c750d2a2dbb,0.08,false,false,near_mint,en,USD
Bloodstone Goblin,DOM,Dominaria,115,normal,common,1,2161,31adbfd4-56aa-4137-aeba-8720233260be,0.03,false,false,near_mint,en,USD
Bloodsworn Steward,VOC,Crimson Vow Commander,144,normal,rare,1,64525,4023f86a-91af-439b-b591-8bb621255eee,0.36,false,false,near_mint,en,USD
Bloodtithe Harvester,INR,Innistrad Remastered,233,normal,uncommon,1,102723,ae4aec0d-c853-44e6-9f51-cbecf413ea14,0.12,false,false,near_mint,en,USD
Bloodwater Entity,2X2,Double Masters 2022,185,normal,common,2,70511,cdddab31-1455-4b31-ba81-c346e608c34e,0.06,false,false,near_mint,en,USD
Bloody Betrayal,VOW,Innistrad: Crimson Vow,147,normal,common,1,64301,8970a5d6-dcab-415a-851b-20e228ef7d16,0.07,false,false,near_mint,en,USD
Bloomvine Regent // Claim Territory,TDM,Tarkir: Dragonstorm,136,normal,rare,1,104244,10e0a9a3-f63a-4f92-a083-9d181580e498,0.57,false,false,near_mint,en,USD
Blossoming Sands,IKO,Ikoria: Lair of Behemoths,244,normal,common,1,49833,828044d6-0f53-4caf-a581-d71919df4175,0.07,false,false,near_mint,en,USD
Blossoming Sands,TDM,Tarkir: Dragonstorm,251,normal,common,3,104239,0a9df994-e0f4-4919-af99-4f643eb9199c,0.04,false,false,near_mint,en,USD
Blow Your House Down,ELD,Throne of Eldraine,114,normal,common,1,46224,c04b85e7-a401-42d5-9629-8d4b8c8a46b0,0.04,false,false,near_mint,en,USD
Blue Mage's Cane,FIC,Final Fantasy Commander,35,normal,rare,1,106067,9b3cfc13-db4e-4ec3-8444-f715bcd43be6,0.13,false,false,near_mint,en,USD
Boar,TVOW,Innistrad: Crimson Vow Tokens,12,normal,common,1,64677,975c4329-418a-4ada-82fa-9286fb61d61a,0.1,false,false,near_mint,en,USD
Boarded Window,INR,Innistrad Remastered,255,normal,uncommon,2,102458,21827378-cd7b-4be7-9a1f-bbe82885496d,0.04,false,false,near_mint,en,USD
Bogstomper,M20,Core Set 2020,320,normal,common,1,45140,ad005eef-d4e4-4f46-81a5-9bbce87014ce,0.26,false,false,near_mint,en,USD
Bonded Construct,ORI,Magic Origins,223,normal,common,1,10719,43361897-f853-4cab-a132-5af48dad3b54,0.05,false,false,near_mint,en,USD
Bonders' Enclave,FIC,Final Fantasy Commander,376,normal,rare,1,106112,abcd3daa-dd34-4d7d-b3ed-839f5e438cd7,0.25,false,false,near_mint,en,USD
Bone Shards,MH2,Modern Horizons 2,76,normal,common,1,59436,1ee98955-4c47-4d45-9377-608dfa755337,0.18,false,false,near_mint,en,USD
Bone to Ash,M20,Core Set 2020,48,normal,common,1,45413,df5dd873-af44-45eb-9b82-a3622cc58b35,0.04,false,false,near_mint,en,USD
Bone-Cairn Butcher,TDM,Tarkir: Dragonstorm,173,normal,uncommon,1,104748,78bf36bc-6702-4c5d-b52d-ab7217cc8787,0.17,false,false,near_mint,en,USD
Bonecrusher Giant // Stomp,CLB,Commander Legends: Battle for Baldur's Gate,781,normal,rare,1,69632,b5b71cd2-de35-451f-b16e-2e3936169407,0.2,false,false,near_mint,en,USD
Bonepicker Skirge,ONE,Phyrexia: All Will Be One,86,normal,common,11,78801,b83f4e41-a5f5-4929-9816-06dc1c228474,0.03,false,false,near_mint,en,USD
Bookwurm,STX,Strixhaven: School of Mages,123,normal,uncommon,1,58106,57d230fc-d382-40b4-bdbd-5fe880fa16bf,0.09,false,false,near_mint,en,USD
Boon of Boseiju,NEO,Kamigawa: Neon Dynasty,176,normal,uncommon,1,66633,06771591-0480-4232-bc67-216b2e0fe738,0.09,false,false,near_mint,en,USD
Boros Charm,OTC,Outlaws of Thunder Junction Commander,216,normal,uncommon,1,93480,0f375bb9-1294-4f43-8f0c-504ed6cfb7d0,6.48,false,false,near_mint,en,USD
Boros Garrison,CLU,Ravnica: Clue Edition,231,normal,common,3,90975,76ec3366-98f3-4903-8f7b-cfcdd60e3be1,0.18,false,false,near_mint,en,USD
Boros Guildgate,GRN,Guilds of Ravnica,243,normal,common,1,240,c52ceefc-90d0-49d1-ae54-9a4eab819849,0.07,false,false,near_mint,en,USD
Boros Guildgate,FDN,Foundations,684,normal,common,1,100402,3e3c74ea-40e9-4ad9-a491-c208403b68ad,0.18,false,false,near_mint,en,USD
Boros Guildgate,ZNC,Zendikar Rising Commander,123,normal,common,1,55395,62512962-8d98-4e18-a910-39abd72229ce,0.07,false,false,near_mint,en,USD
Boros Locket,C21,Commander 2021,236,normal,common,1,58687,c61204b7-02c2-41be-8841-0b261798de7a,0.08,false,false,near_mint,en,USD
Boros Signet,CMM,Commander Masters,942,normal,uncommon,2,84034,0c6e02b3-be4c-45b8-9cb8-6b3142b30c6b,1.28,false,false,near_mint,en,USD
Boros Signet,TDC,Tarkir: Dragonstorm Commander,314,normal,uncommon,1,104614,49c37c0e-d363-4033-a069-710241cd9923,0.42,false,false,near_mint,en,USD
Borrowed Hostility,INR,Innistrad Remastered,146,normal,common,1,101870,64185203-9d47-4d67-b433-1c4b09816a35,0.05,false,false,near_mint,en,USD
Bottle-Cap Blast,PIP,Fallout,55,normal,uncommon,1,92431,8bdceec0-0950-4d52-86fc-d0f04e8487ce,0.34,false,false,near_mint,en,USD
Boulderborn Dragon,TDM,Tarkir: Dragonstorm,239,normal,common,2,104292,50c6e815-bfe7-4599-9227-d36504a3640f,0.07,false,false,near_mint,en,USD
Boulderbranch Golem,BRO,The Brothers' War,197,normal,common,12,75535,6e6e5338-9b95-4ac7-a57c-5efaa6423531,0.12,false,false,near_mint,en,USD
Bound by Moonsilver,INR,Innistrad Remastered,13,normal,common,1,102573,647f5c2f-3ced-4397-a366-6f0e57582566,0.03,false,false,near_mint,en,USD
Bounding Wolf,MID,Innistrad: Midnight Hunt,170,normal,common,2,63307,74e22ed6-9d39-4feb-8c64-64cdd8313816,0.09,false,false,near_mint,en,USD
Brackish Blunder,LCI,The Lost Caverns of Ixalan,46,normal,common,1,88954,dea3d0f4-76f5-416f-93ba-8b003b967816,0.04,false,false,near_mint,en,USD
Brain Gorgers,PLC,Planar Chaos,65,normal,common,1,26469,b02161f4-505c-4c01-ae33-5c61598c71d7,0.23,false,false,near_mint,en,USD
Brainstone,DSC,Duskmourn: House of Horror Commander,242,normal,uncommon,1,99199,6e86ad39-2a90-466d-b188-056216429f4e,0.08,false,false,near_mint,en,USD
Brainstorm,FCA,Final Fantasy: Through the Ages,28,normal,uncommon,1,106148,c14f8bce-d5b3-4d01-8346-8a4923ec03d9,0.61,false,false,near_mint,en,USD
Brainstorm,DSC,Duskmourn: House of Horror Commander,113,normal,common,1,99245,8beb987c-1b67-4a4e-ae71-58547afad2a0,1.21,false,false,near_mint,en,USD
Bramble Armor,VOW,Innistrad: Crimson Vow,188,normal,common,4,64469,f3017ae1-9744-493b-a1a2-fb2a60f7e7e4,0.04,false,false,near_mint,en,USD
Bramble Wurm,INR,Innistrad Remastered,187,normal,common,1,102631,7ed00113-a0d7-4825-b066-f911a1ffb900,0.06,false,false,near_mint,en,USD
Branchblight Stalker,ONE,Phyrexia: All Will Be One,160,normal,common,2,78919,e5290a4c-1f98-4e97-a407-f951e386b8b0,0.05,false,false,near_mint,en,USD
Branching Bolt,ARC,Archenemy,82,normal,common,1,21462,9ee5d78d-fdfb-436a-82e1-1d021db69b6f,0.15,false,false,near_mint,en,USD
Brash Taunter,CLB,Commander Legends: Battle for Baldur's Gate,782,normal,rare,1,69611,a1480f99-83f8-48e7-ba52-9a3f3a9a24f3,1.46,false,false,near_mint,en,USD
Brass Herald,CMR,Commander Legends,301,normal,uncommon,3,56114,7c0380a4-225f-4a80-8c8b-d0f7e54f1626,0.11,false,false,near_mint,en,USD
Brass Knuckles,PIP,Fallout,227,normal,uncommon,1,92650,bf3fcf94-c206-46ac-9356-7561cc0cd711,0.12,false,false,near_mint,en,USD
Brave-Kin Duo,BLB,Bloomburrow,3,normal,common,1,95824,b8dd4693-424d-4d6e-86cf-24401a23d6b1,0.06,false,false,near_mint,en,USD
Brazen Scourge,FDN,Foundations,191,normal,uncommon,1,101616,eb84b86c-3276-4fc1-a09d-47de388cb729,0.02,false,false,near_mint,en,USD
Breaching Dragonstorm,TDM,Tarkir: Dragonstorm,101,normal,uncommon,1,105013,e2c2a069-7553-4879-abfb-b2aa3349e4b8,0.92,false,false,near_mint,en,USD
Breaching Hippocamp,THS,Theros,43,normal,common,1,15621,8841c01e-015e-4541-942a-f8859dd03fea,0.07,false,false,near_mint,en,USD
Break Down,PIP,Fallout,74,normal,uncommon,1,92036,3389f9d7-b8ae-4c51-90f9-b6385517914a,0.07,false,false,near_mint,en,USD
Breakneck Rider // Neck Breaker,SOI,Shadows over Innistrad,147,normal,uncommon,1,8849,fe9f85e8-1e4c-4478-8344-71fae357b694,0.17,false,false,near_mint,en,USD
Breath of Malfegor,ARB,Alara Reborn,35,normal,common,1,23473,7a12e4d0-8471-46ac-85e4-a2ea5be8bf8f,0.2,false,false,near_mint,en,USD
Breathless Knight,MH2,Modern Horizons 2,187,normal,common,2,59793,c4785739-821d-49b0-a298-3c2b95e16972,0.07,false,false,near_mint,en,USD
Bred for the Hunt,FIC,Final Fantasy Commander,321,normal,uncommon,1,106083,a06fe501-0e25-46ee-8ed8-055f3bf636cd,0.13,false,false,near_mint,en,USD
Bride's Gown,VOW,Innistrad: Crimson Vow,4,normal,uncommon,2,64377,b3e5dbbe-ca99-41a5-901d-511b9f3ccea6,0.07,false,false,near_mint,en,USD
Brimstone Trebuchet,ELD,Throne of Eldraine,116,normal,common,1,46222,77c49e0e-4375-4e45-a57b-8df667e45ce6,0.06,false,false,near_mint,en,USD
Brimstone Vandal,MID,Innistrad: Midnight Hunt,130,normal,common,3,63144,10addf9a-daca-4b84-a9d3-f98f7b955af9,0.04,false,false,near_mint,en,USD
Brimstone Volley,2XM,Double Masters,120,normal,uncommon,1,52172,94fa0577-f02a-4d24-835b-fef8d849b37a,0.11,false,false,near_mint,en,USD
Brine Comber // Brinebound Gift,VOW,Innistrad: Crimson Vow,233,normal,uncommon,1,64308,8d233bc5-8a08-4d38-abd4-21a112141afd,0.12,false,false,near_mint,en,USD
Brine Giant,THB,Theros Beyond Death,44,normal,common,1,47018,6811a9dc-e521-4c9e-accb-1efb8346c1db,0.04,false,false,near_mint,en,USD
Brineborn Cutthroat,FDN,Foundations,152,normal,uncommon,1,100986,acf7aafb-931f-49e5-8691-eab8cb34b05e,0.06,false,false,near_mint,en,USD
Bring the Ending,ONE,Phyrexia: All Will Be One,44,normal,common,1,78806,ba9d9d26-0c76-4a09-aa25-b32854e70c0b,0.07,false,false,near_mint,en,USD
Bristling Boar,IKO,Ikoria: Lair of Behemoths,146,normal,common,2,49931,c3c3243c-e9af-4b7d-8296-f7714436e571,0.03,false,false,near_mint,en,USD
Broken Wings,CMM,Commander Masters,277,normal,common,2,84415,608e5d6f-c050-44d9-8a5c-09c07786b6ab,0.04,false,false,near_mint,en,USD
Brokers Veteran,SNC,Streets of New Capenna,36,normal,common,3,67913,9d4a54bd-5598-4313-b5e6-29fd38da016a,0.02,false,false,near_mint,en,USD
Bronze Guardian,FIC,Final Fantasy Commander,234,normal,rare,1,105797,032dc879-bf2f-4626-8aac-4d5446421923,0.21,false,false,near_mint,en,USD
Bronzeplate Boar,NEO,Kamigawa: Neon Dynasty,135,normal,uncommon,1,66398,7c8f5da8-13a8-4b39-8ddc-7661892924af,0.07,false,false,near_mint,en,USD
Broodhatch Nantuko,A25,Masters 25,162,normal,uncommon,1,2554,b4b795f9-ee23-490b-af3d-de394ec07161,0.22,false,false,near_mint,en,USD
Brotherhood Outcast,PIP,Fallout,12,normal,uncommon,1,92224,5e96e656-7146-420d-aaae-3aedd773eea2,0.13,false,false,near_mint,en,USD
Brotherhood Scribe,PIP,Fallout,13,normal,rare,2,92612,b751250e-ebf2-42b1-9a45-779b39974ba7,0.11,false,false,near_mint,en,USD
Brotherhood Vertibird,PIP,Fallout,128,normal,rare,1,92662,c207c76d-5f10-4fd9-9826-cf0611bfa2d0,0.25,false,false,near_mint,en,USD
"Brudiclad, Telchor Engineer",M3C,Modern Horizons 3 Commander,257,normal,mythic,1,94806,c08f6c5d-f582-4628-b8e9-b6e93008fd11,0.25,false,false,near_mint,en,USD
Brushfire Elemental,ZNR,Zendikar Rising,221,normal,uncommon,1,54642,8fc448f6-a7fe-47c4-ac7c-385a77326469,0.09,false,false,near_mint,en,USD
Brushland,FIC,Final Fantasy Commander,377,normal,rare,2,106150,c2bc3f62-1e3a-4ec3-a83b-f6547d7c7b0d,0.28,false,false,near_mint,en,USD
Brute Strength,AKH,Amonkhet,122,normal,common,1,5563,1a7bd68d-02eb-44ec-955f-08b328e1b6d3,0.06,false,false,near_mint,en,USD
Bubble Snare,ZNR,Zendikar Rising,47,normal,common,5,54468,1bfba7a0-d5ca-4197-9e58-21f28345f1a6,0.06,false,false,near_mint,en,USD
"Bugenhagen, Wise Elder",FIC,Final Fantasy Commander,66,normal,rare,1,106061,99155fae-507a-4eab-918a-bdee021e2262,0.59,false,false,near_mint,en,USD
Burdened Aerialist,MH2,Modern Horizons 2,38,normal,common,1,59649,8387bc7c-2e0a-4ff2-9882-e5e7c92c8463,0.05,false,false,near_mint,en,USD
Buried Alive,MH3,Modern Horizons 3,273,normal,uncommon,1,94503,76878b19-2916-4f3f-bee5-20846bc9e2db,0.98,false,false,near_mint,en,USD
Buried Ruin,EOC,Edge of Eternities Commander,150,normal,uncommon,1,107287,7ab1a074-9d92-4125-9200-84cd035f8f53,0.24,false,false,near_mint,en,USD
Buried Ruin,PIP,Fallout,254,normal,uncommon,2,92427,8b3ebfce-47cd-4ebe-bfeb-2cb22a1bd9ec,0.28,false,false,near_mint,en,USD
Burning Prophet,RVR,Ravnica Remastered,104,normal,common,1,90003,fdc5436b-9655-4fd4-bb1e-9d6a30dfeb81,0.06,false,false,near_mint,en,USD
Burning Vengeance,INR,Innistrad Remastered,147,normal,uncommon,1,102493,389c7393-a10d-48c0-8b64-73faa8f7d3d4,0.08,false,false,near_mint,en,USD
Burnished Hart,FDN,Foundations,250,normal,uncommon,2,100609,65ebbff0-fbe6-4310-a33f-e00bb2534979,0.09,false,false,near_mint,en,USD
Bushmeat Poacher,IKO,Ikoria: Lair of Behemoths,77,normal,common,1,50000,cc01faf4-fabb-40c9-a1d6-359280535f91,0.04,false,false,near_mint,en,USD
Bushwhack,FDN,Foundations,215,normal,common,1,101469,03ebdb36-55e0-49dd-a514-785fbeb4ae19,0.15,false,false,near_mint,en,USD
Buster Sword,FIN,Final Fantasy,351,normal,mythic,2,106375,f57d0446-1eae-4b88-b65c-92a14a3f9cef,71.31,false,false,near_mint,en,USD
Butcher's Cleaver,INR,Innistrad Remastered,256,normal,uncommon,1,102505,3c55bce1-8746-4554-9876-f443c37a125b,0.06,false,false,near_mint,en,USD
By Invitation Only,VOW,Innistrad: Crimson Vow,5,normal,rare,1,64182,46764e49-64da-4a94-b61c-75e006b2c5a9,0.22,false,false,near_mint,en,USD
C.A.M.P.,PIP,Fallout,129,normal,uncommon,1,91827,034d4543-2c53-4cda-acfd-7f26b8dd17fb,0.13,false,false,near_mint,en,USD
Cache Grab,BLB,Bloomburrow,167,normal,common,1,95842,dfd977dc-a7c3-4d0a-aca7-b25bd154e963,0.07,false,false,near_mint,en,USD
Cackling Counterpart,INR,Innistrad Remastered,55,normal,uncommon,1,101882,a865fdc5-955a-4c4a-90c0-342c15fd7bbc,0.16,false,false,near_mint,en,USD
Cacophony Scamp,ONE,Phyrexia: All Will Be One,124,normal,uncommon,1,78489,3553dcef-7b99-49d5-b071-06b894696952,0.12,false,false,near_mint,en,USD
Cactuar,FIN,Final Fantasy,177,normal,uncommon,2,106657,d5273db4-6214-41e4-825a-612fca8bbe03,0.1,false,false,near_mint,en,USD
Cage of Hands,CMR,Commander Legends,14,normal,common,3,55709,655aefd8-8b0b-4c65-9973-376bbf05375b,0.04,false,false,near_mint,en,USD
"Cait Sith, Fortune Teller",FIC,Final Fantasy Commander,54,normal,rare,1,105895,3e0f6c53-6bbf-4d4c-bbbf-4dab22297527,0.23,false,false,near_mint,en,USD
"Cait, Cage Brawler",PIP,Fallout,96,normal,rare,1,92903,fca61d02-2819-483f-9d30-862f0650ab0a,0.15,false,false,near_mint,en,USD
Caldera Pyremaw,TDC,Tarkir: Dragonstorm Commander,33,normal,rare,1,105055,f5fab7a4-3612-4b79-b2f5-8a1e52ebe409,0.48,false,false,near_mint,en,USD
Call the Bloodline,SOI,Shadows over Innistrad,103,normal,uncommon,1,8893,3ec85cca-ac2c-4b1b-850b-6a762df72bd0,0.15,false,false,near_mint,en,USD
Call the Coppercoats,ONC,Phyrexia: All Will Be One Commander,60,normal,rare,1,78420,17844223-f9fb-4cd8-ba8e-d1db07e5ba55,6.01,false,false,near_mint,en,USD
Call the Mountain Chocobo,FIN,Final Fantasy,131,normal,common,6,106633,b2e1986c-2852-4843-bdc4-eddb727ba3d4,0.03,false,false,near_mint,en,USD
Callous Sell-Sword // Burn Together,WOE,Wilds of Eldraine,221,normal,uncommon,1,85498,770ee3da-d33e-466f-9a2e-ad2d08ef5012,0.17,false,false,near_mint,en,USD
Campus Guide,FDN,Foundations,251,normal,common,1,101504,43c59814-3167-4b05-bb85-6c736f3956a4,0.03,false,false,near_mint,en,USD
Cancel,FDN,Foundations,505,normal,common,1,100443,475bff39-220a-4490-9c2e-d311e306a6db,0.28,false,false,near_mint,en,USD
Canker Abomination,UMA,Ultimate Masters,212,normal,common,1,43309,f7158f78-daf3-46ff-aa5f-f8cff3a24ed5,0.06,false,false,near_mint,en,USD
Cankerbloom,ONE,Phyrexia: All Will Be One,294,normal,uncommon,7,78372,02272f89-dd8e-4a07-8bd4-b33ad4e12888,0.13,false,false,near_mint,en,USD
Canopy Baloth,ZNR,Zendikar Rising,304,normal,common,3,54765,d52e90d3-d356-4b23-8f5c-a4004b20394c,0.07,false,false,near_mint,en,USD
Canopy Vista,FIC,Final Fantasy Commander,378,normal,rare,2,105952,5d33aeaa-df27-4c41-9926-79e9dc6a9c69,0.16,false,false,near_mint,en,USD
Canopy Vista,PIP,Fallout,255,normal,rare,1,92021,3076b36b-292a-4b14-8284-28e623c20e30,0.18,false,false,near_mint,en,USD
Canyon Jerboa,ZNR,Zendikar Rising,290,normal,uncommon,1,54734,c0250dc8-9d4c-428a-9e34-9e3577be4745,0.12,false,false,near_mint,en,USD
Canyon Slough,EOC,Edge of Eternities Commander,152,normal,rare,1,107029,5d89a57c-d982-4d1d-beca-14f156b8c3e7,0.11,false,false,near_mint,en,USD
Capital City,FIN,Final Fantasy,274,normal,uncommon,3,106379,f73ce8ec-c916-48eb-ae20-c0d6d03d7145,0.12,false,false,near_mint,en,USD
Caprichrome,MH2,Modern Horizons 2,9,normal,uncommon,1,59859,e8c71a1f-191b-45f6-bb34-fba3e981a711,0.05,false,false,near_mint,en,USD
Captain's Call,CMR,Commander Legends,15,normal,common,2,55827,ac907330-492d-4705-bb8a-1fdb080632e1,0.05,false,false,near_mint,en,USD
Captivating Cave,LCI,The Lost Caverns of Ixalan,268,normal,common,2,88323,1d1a645e-85c7-4044-b817-6e24744d245e,0.07,false,false,near_mint,en,USD
Capture Sphere,2X2,Double Masters 2022,42,normal,common,1,70113,24cd21f5-94fd-4609-9e6a-d052aa81fe57,0.06,false,false,near_mint,en,USD
Carefree Swinemaster,CLB,Commander Legends: Battle for Baldur's Gate,219,normal,common,1,69218,ad8d2b97-72b9-4bde-ad31-fd9562512d30,0.06,false,false,near_mint,en,USD
Cargo Ship,FIN,Final Fantasy,47,normal,uncommon,3,106597,932b865c-bfe7-4bb7-82e9-2403cf0e0522,0.04,false,false,near_mint,en,USD
Carnage Gladiator,MM3,Modern Masters 2017,155,normal,uncommon,2,6058,2cb4d0dd-3363-45f0-9081-7b9c8c39d63f,0.23,false,false,near_mint,en,USD
Carnivorous Canopy,ONE,Phyrexia: All Will Be One,162,normal,common,4,78647,7b43ba43-f7ae-4e00-b797-2360c3ccd839,0.12,false,false,near_mint,en,USD
Carrion Locust,BRO,The Brothers' War,87,normal,common,1,75516,6759acb8-82c0-479f-86f3-f22ca7a2006c,0.04,false,false,near_mint,en,USD
Carrion Screecher,HOU,Hour of Devastation,61,normal,common,1,4614,57b9e3a3-8d01-4273-9658-9ffcbc2d2297,0.03,false,false,near_mint,en,USD
Cartographer's Hawk,CMM,Commander Masters,18,normal,uncommon,1,84070,12d0b07f-9823-45b7-89bb-0a2a71833d46,0.15,false,false,near_mint,en,USD
Cascade Bluffs,EOC,Edge of Eternities Commander,153,normal,rare,1,107260,3aa15173-06c7-4d25-97c8-523d23eaf973,0.44,false,false,near_mint,en,USD
Cascade Seer,ZNR,Zendikar Rising,48,normal,common,2,54452,13105c88-2926-40ad-bc7a-09d515aa36c6,0.08,false,false,near_mint,en,USD
"Cass, Hand of Vengeance",PIP,Fallout,97,normal,rare,1,92213,5b6d7fa6-4de6-4bc8-b250-2ed6eb559618,0.12,false,false,near_mint,en,USD
Castle Ardenvale,TDC,Tarkir: Dragonstorm Commander,346,normal,rare,1,104698,65e4de2e-47d2-4967-be31-9df0057a9c74,0.12,false,false,near_mint,en,USD
Castle Embereth,TDC,Tarkir: Dragonstorm Commander,347,normal,rare,1,104540,337f2d97-b317-4c10-b151-7acccf38fca8,0.18,false,false,near_mint,en,USD
Cat,TONE,Phyrexia: All Will Be One Tokens,1,normal,common,1,79030,11011596-4aa1-48a7-90d8-36cb7b27c711,0.16,false,false,near_mint,en,USD
Catapult Fodder // Catapult Captain,VOW,Innistrad: Crimson Vow,99,normal,uncommon,1,64447,e61b3afa-66e0-4f7b-84bc-7ae2cc6d28d4,0.19,false,false,near_mint,en,USD
Cathar Commando,INR,Innistrad Remastered,15,normal,common,1,102628,7cd21530-ca72-4986-a0f2-142b9f23c413,0.13,false,false,near_mint,en,USD
Cathars' Crusade,INR,Innistrad Remastered,17,normal,rare,1,102543,5296e353-2efc-4d72-a877-7957eff630b9,4.16,false,false,near_mint,en,USD
Cathartic Reunion,IKO,Ikoria: Lair of Behemoths,110,normal,common,1,49967,43d93cfd-06d1-4c6a-87f6-9b6eaa2a995f,0.13,false,false,near_mint,en,USD
Cathodion,2XM,Double Masters,237,normal,common,3,52096,13ddba34-e627-4f4c-b78c-ea0c48a22537,0.13,false,false,near_mint,en,USD
Cauldron's Gift,ELD,Throne of Eldraine,83,normal,uncommon,1,46255,5db19a94-1170-45a0-9f06-893bf58b7233,0.08,false,false,near_mint,en,USD
Cavalry Pegasus,C20,Commander 2020,81,normal,common,2,50337,c552cb9e-41f2-4006-8ff4-5e214b91652e,0.1,false,false,near_mint,en,USD
Cave of Temptation,MH1,Modern Horizons,237,normal,common,2,44697,d86e9149-6fd9-44fc-b765-3e646c7d83d6,0.07,false,false,near_mint,en,USD
Cavern Harpy,PLS,Planeshift,97,normal,common,1,32854,adfb0804-50d6-4bca-8733-72e01030a543,0.16,false,false,near_mint,en,USD
Cavern Whisperer,IKO,Ikoria: Lair of Behemoths,79,normal,common,2,49998,64ae7651-4a5c-41f3-b528-41b9b0f2e5d8,0.03,false,false,near_mint,en,USD
"Cayth, Famed Mechanist",M3C,Modern Horizons 3 Commander,6,normal,mythic,1,94468,5f8e6e5d-63d8-48c3-93a0-e7de1d75f5ca,0.44,false,false,near_mint,en,USD
"Cecil, Dark Knight // Cecil, Redeemed Paladin",FIN,Final Fantasy,91,normal,rare,1,103774,026e7167-d665-43d0-a51e-8df2d68cdb5e,0.93,false,false,near_mint,en,USD
"Celes, Rune Knight",FIC,Final Fantasy Commander,1,normal,mythic,1,105583,30584c53-533b-4dc7-b07c-8600164a99b3,1.75,false,false,near_mint,en,USD
Celestial Armor,FDN,Foundations,5,normal,rare,1,100742,809ee8ad-1573-49e5-9e84-b7cdd29efcae,0.7,false,false,near_mint,en,USD
Cement Shoes,SNC,Streets of New Capenna,235,normal,uncommon,2,67949,b1100dba-de2d-481e-b29c-71f6d34663ba,0.05,false,false,near_mint,en,USD
Cemetery Prowler,VOW,Innistrad: Crimson Vow,191,normal,mythic,1,64372,b124ccc4-76e3-41a4-92b2-8f1d06ea9cb8,3.41,false,false,near_mint,en,USD
Centaur Nurturer,WAR,War of the Spark,156,normal,common,2,44248,bf020acb-e0c6-43b4-8324-0f2ec68b73d6,0.06,false,false,near_mint,en,USD
Cephalopod Sentry,ONE,Phyrexia: All Will Be One,198,normal,uncommon,1,78482,30c22eb9-5056-4c0b-a5d8-41e09161eb40,0.09,false,false,near_mint,en,USD
Ceremonial Knife,VOW,Innistrad: Crimson Vow,254,normal,common,1,64335,9ccb4b1e-ef8f-4c5f-8b5b-6148455442f7,0.07,false,false,near_mint,en,USD
Cerodon Yearling,HOP,Planechase,86,normal,common,1,22948,116abc15-d79b-4dfe-8f9f-f38bcf429da8,0.18,false,false,near_mint,en,USD
Chain Devil,CLB,Commander Legends: Battle for Baldur's Gate,120,normal,common,1,68971,3b434c1d-792e-4ca7-aea0-938e85fe167c,0.06,false,false,near_mint,en,USD
Chain Reaction,EOC,Edge of Eternities Commander,87,normal,rare,1,107343,df294fe7-884d-4fd0-9554-dfba132471cd,0.16,false,false,near_mint,en,USD
Chainer's Edict,DMR,Dominaria Remastered,425,normal,uncommon,1,77997,7ecc1962-f4ad-4d76-a00a-f363e102018e,0.19,false,false,near_mint,en,USD
"Chainer, Nightmare Adept",MH2,Modern Horizons 2,289,normal,rare,1,59824,d8089e7f-7619-43fe-8e0b-31ce5d988a1b,0.66,false,false,near_mint,en,USD
Champion's Helm,PIP,Fallout,228,normal,rare,2,91980,26f5d866-4ee9-4054-8d48-82da0a2d1170,1.15,false,false,near_mint,en,USD
Champion's Helm,FIC,Final Fantasy Commander,337,normal,rare,1,106090,a207957a-16e4-4830-a101-39bcd4a46e61,1.14,false,false,near_mint,en,USD
Champions from Beyond,FIC,Final Fantasy Commander,11,normal,rare,1,106177,d1031ce5-063f-4c38-a6a9-abc15d254dfc,0.29,false,false,near_mint,en,USD
Chancellor of the Annex,NPH,New Phyrexia,6,normal,rare,1,19879,be1b482a-badb-4b9a-ab63-2e7944826aa0,2.0,false,false,near_mint,en,USD
Chandra's Fury,ORI,Magic Origins,136,normal,common,2,10806,d2b85237-98a8-4b52-9cc6-6fd14849b069,0.08,false,false,near_mint,en,USD
Chandra's Regulator,PM20,Core Set 2020 Promos,131,foil,rare,1,45113,b4448017-850e-4613-8d55-4f633c67c7e9,0.26,false,false,near_mint,en,USD
Chaos Warp,FIC,Final Fantasy Commander,291,normal,rare,1,106094,a3579f5c-255d-4b01-9b84-9f5c72cb4178,0.46,false,false,near_mint,en,USD
Chaos Warp,PIP,Fallout,189,normal,rare,1,92501,9a4d0e40-d771-458e-b705-1d2bef8c200e,0.47,false,false,near_mint,en,USD
Charforger,ONE,Phyrexia: All Will Be One,199,normal,uncommon,2,78525,45db6b46-c4b4-4684-8a49-53a64ffc82f2,0.06,false,false,near_mint,en,USD
Charge of the Mites,ONE,Phyrexia: All Will Be One,6,normal,common,2,78520,42060b9d-de58-485e-817a-1e64839943aa,0.06,false,false,near_mint,en,USD
"Charix, the Raging Isle",ZNR,Zendikar Rising,386,foil,rare,1,54600,6e23886b-8200-427d-99af-068a0133795d,0.25,false,false,near_mint,en,USD
"Charix, the Raging Isle",ZNR,Zendikar Rising,49,normal,rare,1,54797,e83a6804-1e3c-428c-af5e-1d56ba11c108,0.43,false,false,near_mint,en,USD
Charmed Sleep,BLB,Bloomburrow,388,normal,common,1,96063,7d171802-2604-45a5-a0f2-ab5afa1db5d5,0.13,false,false,near_mint,en,USD
Charmed Sleep,AFR,Adventures in the Forgotten Realms,50,normal,common,1,60221,4238ad00-af9c-4535-a589-c5afb0d2ec57,0.05,false,false,near_mint,en,USD
Chasm Skulker,FIC,Final Fantasy Commander,262,normal,rare,1,106024,886ce333-44d7-458e-a3bb-a58d1d7fc69b,0.23,false,false,near_mint,en,USD
Chatterstorm,BLC,Bloomburrow Commander,210,normal,common,1,96386,9426c906-e665-40a4-823a-0245bc39fbda,0.11,false,false,near_mint,en,USD
Chief of the Foundry,2XM,Double Masters,238,normal,uncommon,1,52007,bf306f7f-b231-4343-807c-083df8b90c87,0.2,false,false,near_mint,en,USD
Children of Korlis,TSR,Time Spiral Remastered,14,normal,common,1,57540,1a6cbece-f9d8-4c40-b72b-dfdb86430ff2,0.28,false,false,near_mint,en,USD
Chill of the Grave,VOW,Innistrad: Crimson Vow,51,normal,common,1,64235,60222e91-a688-4113-a8c2-ab08f52bb6e1,0.06,false,false,near_mint,en,USD
Chilling Trap,ZNR,Zendikar Rising,50,normal,common,1,54573,60f9adfd-a940-4d62-894b-84f17c693a10,0.11,false,false,near_mint,en,USD
Chimney Rabble,ONE,Phyrexia: All Will Be One,126,normal,common,1,78553,5668699d-8df8-426b-a04a-99cfe55e570b,0.05,false,false,near_mint,en,USD
"Chiss-Goria, Forge Tyrant",ONC,Phyrexia: All Will Be One Commander,25,normal,mythic,1,78700,923eb713-c955-4e12-8a8f-df3b4b361487,2.44,false,false,near_mint,en,USD
Chittering Skitterling,ONE,Phyrexia: All Will Be One,87,normal,uncommon,1,78901,e0328d43-ae9b-462a-a1e5-8ed408eea1a7,0.06,false,false,near_mint,en,USD
Choco-Comet,FIN,Final Fantasy,132,normal,uncommon,4,106592,8d8d3903-a7f4-4cd8-8d29-b4a173e4fbb2,0.08,false,false,near_mint,en,USD
Chocobo Kick,FIN,Final Fantasy,178,normal,common,6,106698,ff8c8be0-8223-499c-8704-cb68e0a42ce2,0.07,false,false,near_mint,en,USD
Chocobo Knights,FIC,Final Fantasy Commander,12,normal,rare,1,106222,e874e435-7ade-4299-9803-1358c0f07a8f,0.29,false,false,near_mint,en,USD
Chocobo Racetrack,FIN,Final Fantasy,179,normal,uncommon,2,106516,1565813b-6912-42f4-bae0-22136a2d6a92,0.25,false,false,near_mint,en,USD
Choked Estuary,MKC,Murders at Karlov Manor Commander,254,normal,rare,1,90572,e9ad18b2-1061-4893-9171-07ffe142a762,0.21,false,false,near_mint,en,USD
Choked Estuary,FIC,Final Fantasy Commander,379,normal,rare,1,106191,d9cf2b77-afb0-4c21-bc23-6942ec292035,0.21,false,false,near_mint,en,USD
Choking Restraints,EMN,Eldritch Moon,16,normal,common,1,8320,4549735d-df63-47db-ad53-0497499fe387,0.06,false,false,near_mint,en,USD
Chorale of the Void,EOE,Edge of Eternities,91,normal,rare,1,107461,7389fe88-f6ff-4497-a037-9ca283fb89e3,0.14,false,false,near_mint,en,USD
Chromatic Lantern,FCA,Final Fantasy: Through the Ages,61,normal,rare,1,106450,d170adf6-eb5e-4094-9917-3b68be92e8b9,5.3,false,false,near_mint,en,USD
Chromatic Lantern,M3C,Modern Horizons 3 Commander,285,normal,rare,2,94967,69d76fe8-3ef1-491f-a69f-560f11611e42,2.43,false,false,near_mint,en,USD
Chrome Prowler,ONE,Phyrexia: All Will Be One,45,normal,common,2,78762,a94378a2-cbde-4adf-b889-43e90fc6ba28,0.08,false,false,near_mint,en,USD
Churning Reservoir,ONE,Phyrexia: All Will Be One,127,normal,uncommon,1,78392,0c117239-8e40-4e7e-ab1b-82f2ddf55cf4,0.03,false,false,near_mint,en,USD
"Cid, Freeflier Pilot",FIC,Final Fantasy Commander,13,normal,rare,1,106121,afa9e3e6-a633-46ad-b52a-48574b2f3d07,0.41,false,false,near_mint,en,USD
"Cid, Timeless Artificer",FIN,Final Fantasy,409,normal,uncommon,3,105578,2bbab097-acb3-480d-a433-e4f81dde62e4,2.35,false,false,near_mint,en,USD
Cinder Barrens,C17,Commander 2017,241,normal,uncommon,3,4214,a91dd6b5-03e1-46fa-8c7a-2c780e641550,0.12,false,false,near_mint,en,USD
Cinder Glade,FIC,Final Fantasy Commander,380,normal,rare,1,105942,597dd04f-cb3d-4224-8e56-21f66485df47,0.32,false,false,near_mint,en,USD
Cinder Glade,PIP,Fallout,257,normal,rare,1,92651,bf4959e5-bdc8-4f60-a1d2-77dc17a493a0,0.2,false,false,near_mint,en,USD
Cinder Storm,A25,Masters 25,126,normal,common,1,2590,650a5856-b8a4-445a-93d2-f3869a03031f,0.04,false,false,near_mint,en,USD
Cinderclasm,ZNR,Zendikar Rising,136,normal,uncommon,2,54551,5516cf97-805f-4a21-a4c6-2d6e55865336,0.09,false,false,near_mint,en,USD
Cindering Cutthroat,BLB,Bloomburrow,208,normal,common,1,95820,b2ea10dd-21ea-4622-be27-79d03a802b85,0.04,false,false,near_mint,en,USD
Cinderslash Ravager,ONE,Phyrexia: All Will Be One,200,normal,uncommon,1,78935,eee24300-fff8-4405-9629-9f62b4a839ef,0.05,false,false,near_mint,en,USD
Circle of Flame,M15,Magic 2015,135,normal,uncommon,2,13717,96cbfd4a-ac95-4191-84f9-199a9e1807c4,0.2,false,false,near_mint,en,USD
Circle of Power,FIN,Final Fantasy,92,normal,uncommon,3,106164,c969bd0f-f174-4e2f-b95c-c9ccd5d0b8ba,0.08,false,false,near_mint,en,USD
Citadel Castellan,ORI,Magic Origins,213,normal,uncommon,1,10729,9aa11f30-f2b7-4279-9176-c336c74538bf,0.12,false,false,near_mint,en,USD
Citizen's Arrest,DMU,Dominaria United,11,normal,common,1,71627,9806370b-51e3-4144-a847-6b367fb937ef,0.03,false,false,near_mint,en,USD
Citizen's Crowbar,SNC,Streets of New Capenna,8,normal,uncommon,1,67962,b68896f5-1e13-400a-a327-b6c6f00858b7,0.09,false,false,near_mint,en,USD
Civic Gardener,SNC,Streets of New Capenna,140,normal,common,2,68085,f58d39d7-62bf-43c8-97b3-0f9069af0e29,0.04,false,false,near_mint,en,USD
Civil Servant,SNC,Streets of New Capenna,176,normal,common,1,67632,1cf5da68-a79b-40a3-93bc-785fb2352b05,0.07,false,false,near_mint,en,USD
Clarion Cathars,MID,Innistrad: Midnight Hunt,14,normal,common,1,63336,89f8ea28-7de1-4908-8e2d-b1aeff651015,0.04,false,false,near_mint,en,USD
Clash of the Eikons,FIN,Final Fantasy,180,normal,uncommon,4,106577,75c18134-f517-4a68-8640-0426b3cd4f6c,0.06,false,false,near_mint,en,USD
Claustrophobia,BBD,Battlebond,115,normal,common,1,1878,263c47d3-7804-47db-b8a1-4a1dc3837dff,0.1,false,false,near_mint,en,USD
Clay Revenant,BRO,The Brothers' War,118,normal,common,1,75914,fc295bac-5031-46c8-8d9a-368656bcf6d3,0.06,false,false,near_mint,en,USD
Cleansing Nova,CMM,Commander Masters,817,normal,rare,1,84092,167d2e51-eb69-488c-a6b6-042a7b0e1744,0.66,false,false,near_mint,en,USD
Cleansing Nova,FIC,Final Fantasy Commander,235,normal,rare,1,106012,81096eba-ad0a-4fa8-8d56-5a1ea9a9155b,0.21,false,false,near_mint,en,USD
Cleanup Crew,SNC,Streets of New Capenna,141,normal,uncommon,1,67754,5354868b-c96b-4765-b0c8-8895093e4019,0.06,false,false,near_mint,en,USD
Clear,USG,Urza's Saga,7,normal,uncommon,1,35961,c7cdb977-7d5b-4050-bb01-181f6b363de7,0.27,false,false,near_mint,en,USD
Clear Shot,INR,Innistrad Remastered,188,normal,uncommon,2,102653,88b8905b-68d3-491b-b7fe-eed74841e9a0,0.05,false,false,near_mint,en,USD
Clear the Mind,RNA,Ravnica Allegiance,34,normal,common,1,43830,a7da6982-9e57-41d2-a052-f2a3bb646436,0.89,false,false,near_mint,en,USD
Clearwater Pathway // Murkwater Pathway,ZNR,Zendikar Rising,260,normal,rare,1,54709,b4b99ebb-0d54-4fe5-a495-979aaa564aa8,4.14,false,false,near_mint,en,USD
Cleaving Reaper,KHM,Kaldheim,376,normal,rare,1,57053,b59dadef-74e5-47c7-a3e0-51075ddb82b1,0.14,false,false,near_mint,en,USD
"Cleon, Merry Champion",J25,Foundations Jumpstart,47,normal,uncommon,1,101279,e793fae6-ca9a-49e7-b90d-fe7e9c72de0d,0.21,false,false,near_mint,en,USD
Cleric of the Forward Order,DMR,Dominaria Remastered,3,normal,common,1,77881,435b24ae-590f-4a79-8aeb-b006de6545ca,0.04,false,false,near_mint,en,USD
Clever Concealment,FIC,Final Fantasy Commander,236,normal,rare,1,105914,4836e220-5c89-49fc-8918-a51adf026ab4,7.4,false,false,near_mint,en,USD
Clever Concealment,ONC,Phyrexia: All Will Be One Commander,5,normal,rare,1,78572,5d84cc58-0965-4c7f-a408-7630f23fb8f3,11.01,false,false,near_mint,en,USD
Cliffhaven Kitesail,ZNR,Zendikar Rising,243,normal,common,2,54809,eebf8f67-49d0-42de-a5cc-ad13d19d2c55,0.12,false,false,near_mint,en,USD
Cliffhaven Sell-Sword,ZNR,Zendikar Rising,8,normal,common,2,54626,7f334767-4353-4379-a934-fa67075db439,0.05,false,false,near_mint,en,USD
Clifftop Retreat,EOC,Edge of Eternities Commander,155,normal,rare,1,107355,f795f6fd-eac9-4c6d-90f5-bc475c8d69ac,0.23,false,false,near_mint,en,USD
Clifftop Retreat,PIP,Fallout,258,normal,rare,2,92812,e6454d4c-5820-4cb8-b625-3d9a09778513,0.26,false,false,near_mint,en,USD
Clifftop Retreat,FIC,Final Fantasy Commander,381,normal,rare,2,105866,2cddc851-fef6-4a45-818c-97d3dfc4140d,0.26,false,false,near_mint,en,USD
Clive's Hideaway,FIN,Final Fantasy,275,normal,rare,1,106557,5e43c36f-b8a2-4b2b-b2ea-57e6fa97521c,0.24,false,false,near_mint,en,USD
"Clive, Ifrit's Dominant // Ifrit, Warden of Inferno",FIN,Final Fantasy,133,normal,mythic,1,105675,9a069e96-2786-493d-aca8-f70611435dbe,2.2,false,false,near_mint,en,USD
Clockwork Drawbridge,DMU,Dominaria United,13,normal,common,2,71217,037cb79c-163d-4b36-bd93-954eca8fe26e,0.06,false,false,near_mint,en,USD
Cloud of Darkness,FIN,Final Fantasy,217,normal,uncommon,2,106614,a292094a-674a-401f-8776-ba5ebe57c946,0.06,false,false,near_mint,en,USD
Cloud's Limit Break,FIC,Final Fantasy Commander,14,normal,rare,1,105848,1eb10082-4f0a-41f9-9a70-0d3c7ead249f,0.3,false,false,near_mint,en,USD
"Cloud, Ex-SOLDIER",FIC,Final Fantasy Commander,2,normal,mythic,1,103777,07b4e4f8-6a31-4533-be51-668ce3ddc84f,1.52,false,false,near_mint,en,USD
"Cloud, Midgar Mercenary",FIN,Final Fantasy,10,normal,mythic,1,105580,2cf7e8a3-fad7-413d-b17c-7519a9cf5fb5,16.61,false,false,near_mint,en,USD
"Cloud, Planet's Champion",FIN,Final Fantasy,552,foil,mythic,2,103799,a6d58067-337d-43dc-b4a3-c6acc701d450,1.81,false,false,near_mint,en,USD
Cloudblazer,FDN,Foundations,653,normal,uncommon,1,100959,a9c966ab-0d92-4fa7-8a91-1f77089d8fc7,0.13,false,false,near_mint,en,USD
Cloudbound Moogle,FIN,Final Fantasy,11,normal,common,9,106283,7387bca7-f496-45da-a0ac-6be049303a8f,0.05,false,false,near_mint,en,USD
Cloudkill,CLB,Commander Legends: Battle for Baldur's Gate,121,normal,uncommon,1,69120,7c71b2b8-f5ef-4885-9f8d-284fe335d184,0.07,false,false,near_mint,en,USD
Cloudpiercer,IKO,Ikoria: Lair of Behemoths,291,normal,common,3,49786,3db7d906-1794-40eb-9d73-1f2a4db3a13f,0.1,false,false,near_mint,en,USD
Cloudreader Sphinx,2XM,Double Masters,45,normal,common,1,52109,2afaeec0-9ea3-4aec-9876-8e005e787d71,0.09,false,false,near_mint,en,USD
Clout of the Dominus,EVE,Eventide,99,normal,common,2,24452,7c8ce6d6-014f-46c2-baf3-f250e9dc3085,1.65,false,false,near_mint,en,USD
Clue,TFIC,Final Fantasy Commander Tokens,9,normal,common,1,105981,6e886e0b-2ce7-4231-a47c-a39bda50e8fd,,false,false,near_mint,en,USD
Clue,TPIP,Fallout Tokens,11,normal,common,2,92252,65ff5544-bdf8-43a3-a74d-4a2b7d79245a,0.16,false,false,near_mint,en,USD
Coalition Relic,M3C,Modern Horizons 3 Commander,286,normal,rare,1,94746,54f816e4-76ed-4f09-8398-a73e06dce3e6,0.26,false,false,near_mint,en,USD
Coalition Skyknight,DMU,Dominaria United,14,normal,uncommon,1,71595,8b12da45-aff4-406d-83a3-39ecaff6ff56,0.05,false,false,near_mint,en,USD
Coalition Warbrute,DMU,Dominaria United,118,normal,common,1,71447,554c422f-2a1b-47c0-9358-42b85cdbb84e,0.07,false,false,near_mint,en,USD
Coastal Bulwark,BRO,The Brothers' War,76,normal,common,4,75843,e24567f8-d195-4547-bba4-7a8131dc7889,0.07,false,false,near_mint,en,USD
Coastal Tower,8ED,Eighth Edition,323,normal,uncommon,1,30213,9513c206-b578-4973-93cc-077e5a6658b0,0.33,false,false,near_mint,en,USD
Coastline Marauders,CMR,Commander Legends,168,normal,uncommon,1,55744,7a47e6bc-422a-4627-b21e-5a042193bed0,0.16,false,false,near_mint,en,USD
Cobblebrute,ORI,Magic Origins,138,normal,common,3,10804,ffa87a70-c9fb-4ab3-ac16-367888aa775b,0.04,false,false,near_mint,en,USD
Cobbled Lancer,INR,Innistrad Remastered,56,normal,uncommon,3,102719,ad933b4d-e1e7-49cc-aa18-8eee2ec8c8a5,0.03,false,false,near_mint,en,USD
Cobbled Wings,INR,Innistrad Remastered,258,normal,common,1,102823,e8bb16f6-71b2-4338-a546-27f37f50e811,0.05,false,false,near_mint,en,USD
"Codsworth, Handy Helper",PIP,Fallout,14,normal,rare,1,92631,bbdfbd21-61b1-4ebd-8d37-bce2a391a7e9,9.69,false,false,near_mint,en,USD
Coeurl,FIN,Final Fantasy,12,normal,common,7,106284,7604b534-5480-42fa-bc36-bbae730f8582,0.02,false,false,near_mint,en,USD
Coin of Fate,FIC,Final Fantasy Commander,15,normal,rare,1,106170,cde3765f-e25c-4d16-b361-448167ed8736,0.12,false,false,near_mint,en,USD
Coliseum Behemoth,FIN,Final Fantasy,181,normal,uncommon,2,106594,900206f1-7dd6-4db9-a430-73e560fd196b,0.05,false,false,near_mint,en,USD
Collective Effort,ONC,Phyrexia: All Will Be One Commander,61,normal,rare,1,78494,368eb49a-24b6-4608-9016-f17127827b60,0.27,false,false,near_mint,en,USD
Collective Effort,FIC,Final Fantasy Commander,237,normal,rare,1,106119,af2dcc4d-f4bf-49e4-9103-9b4bc9545ae4,0.17,false,false,near_mint,en,USD
Colossal Might,CMD,Commander 2011,190,normal,common,1,19424,6f5d699f-5c15-4a38-8e83-c84f762d9fe9,0.31,false,false,near_mint,en,USD
Colossus Hammer,FIC,Final Fantasy Commander,338,normal,uncommon,1,106241,f50acbb6-b295-4aaa-bd75-7a94b704b945,0.77,false,false,near_mint,en,USD
Combat Tutorial,FIN,Final Fantasy,48,normal,common,7,106679,ec195607-ac30-4931-acfd-f9d8ac8b047f,0.08,false,false,near_mint,en,USD
Combustible Gearhulk,FIC,Final Fantasy Commander,292,normal,mythic,1,105805,07cc036d-f46e-490d-adbb-d6974c4e10fd,0.22,false,false,near_mint,en,USD
Combustible Gearhulk,DRC,Aetherdrift Commander,102,normal,mythic,2,103028,4be99ea7-331a-406d-8a75-5bcfe64d1890,0.19,false,false,near_mint,en,USD
Command Beacon,FCA,Final Fantasy: Through the Ages,64,normal,rare,1,106331,2670653e-fcaa-46e3-b3bf-cb8e8b981a9c,4.35,false,false,near_mint,en,USD
Command Tower,M3C,Modern Horizons 3 Commander,331,normal,common,1,94722,27e36832-09ca-4070-8511-94580014c3ed,0.24,false,false,near_mint,en,USD
Command Tower,TDC,Tarkir: Dragonstorm Commander,107,normal,common,1,104302,5fc770b6-03ac-45c3-a2ca-bd508096384e,0.29,false,false,near_mint,en,USD
Command Tower,LCC,The Lost Caverns of Ixalan Commander,325,normal,common,1,88927,d477d733-2360-4f1d-9ecd-cdedc2e8a7ae,0.21,false,false,near_mint,en,USD
Command Tower,FIC,Final Fantasy Commander,484,normal,common,6,105918,4a2dfd72-a8f4-4e43-b5de-caf6a129a51a,0.26,false,false,near_mint,en,USD
Command Tower,PIP,Fallout,259,normal,common,2,92477,952cb8cb-633c-468f-8ef5-54ff91ddfb22,0.3,false,false,near_mint,en,USD
Commander Sofia Daguerre,PIP,Fallout,15,normal,uncommon,1,92293,712697a4-69b4-4237-9340-96f0e5a32229,0.09,false,false,near_mint,en,USD
Commander's Sphere,DRC,Aetherdrift Commander,125,normal,common,4,102989,3adcc4c3-9305-4394-a64f-fd0fa107cbf9,0.18,false,false,near_mint,en,USD
Commander's Sphere,FIC,Final Fantasy Commander,339,normal,common,1,105808,0851660f-fa02-4f08-b28b-10279c58d4e4,0.18,false,false,near_mint,en,USD
Commune with Beavers,FIN,Final Fantasy,182,normal,common,7,105641,784287c2-43c5-4210-93ae-cdd33b9acb1b,0.09,false,false,near_mint,en,USD
Compleat Devotion,ONE,Phyrexia: All Will Be One,7,normal,common,2,78466,2bb29a69-3e42-4268-8026-f01072d7b56c,0.05,false,false,near_mint,en,USD
Compulsive Research,TDC,Tarkir: Dragonstorm Commander,147,normal,common,1,104849,a247ab59-7749-4d37-87f6-f90f44cd54f4,0.09,false,false,near_mint,en,USD
Concealed Courtyard,OTJ,Outlaws of Thunder Junction,268,normal,rare,1,93318,b75df1f0-0513-40e4-a449-454f75de6434,0.76,false,false,near_mint,en,USD
Concerted Defense,ZNR,Zendikar Rising,52,normal,uncommon,1,54482,235c108d-3902-4c2e-919c-a5449cd2dc3c,0.11,false,false,near_mint,en,USD
Condemn,RVR,Ravnica Remastered,14,normal,uncommon,1,89549,0c93201b-7664-4bfd-a462-f1c684ebedf6,0.17,false,false,near_mint,en,USD
Conduct Electricity,BLB,Bloomburrow,130,normal,common,3,95906,2f373dd6-2412-453c-85ba-10230dfe473a,0.03,false,false,near_mint,en,USD
Conduit Goblin,MH3,Modern Horizons 3,179,normal,common,1,94461,5c9ad04d-c4d4-4d06-93bb-a881be733717,0.02,false,false,near_mint,en,USD
Conduit of Storms // Conduit of Emrakul,INR,Innistrad Remastered,150,normal,common,1,102710,a60c3aa0-9c6b-4fb2-8ece-b9a02c64c1cf,0.03,false,false,near_mint,en,USD
Confiscate,CMR,Commander Legends,62,normal,uncommon,2,55552,09e4a88d-670b-4332-bf36-41c2e2492424,0.05,false,false,near_mint,en,USD
Confiscation Coup,DRC,Aetherdrift Commander,73,normal,rare,1,103388,fdd39363-34f0-4bb7-9537-69a47789a3b4,0.05,false,false,near_mint,en,USD
Conformer Shuriken,FIC,Final Fantasy Commander,98,normal,rare,1,105793,019615fa-4bec-41e8-9c4c-2c6f91bdefb2,0.32,false,false,near_mint,en,USD
Conqueror's Flail,FIC,Final Fantasy Commander,340,normal,rare,1,106037,8e47061a-5505-4fe3-8caa-b0279b26e9b2,0.99,false,false,near_mint,en,USD
Consider,TDC,Tarkir: Dragonstorm Commander,148,normal,common,1,105076,ff6f3824-3670-46e1-af43-0db405726084,0.27,false,false,near_mint,en,USD
Consul's Lieutenant,ORI,Magic Origins,11,normal,uncommon,1,10931,301a1b68-2890-4702-a90e-bad8d309c40d,0.12,false,false,near_mint,en,USD
Consulate Surveillance,KLD,Kaladesh,10,normal,uncommon,1,7633,72c92238-7765-48ee-a799-9e8b68ec118d,0.2,false,false,near_mint,en,USD
Contagious Vorrac,ONE,Phyrexia: All Will Be One,164,normal,common,2,78425,18af2c85-e58f-4043-99d3-e90121348aca,0.05,false,false,near_mint,en,USD
Contaminated Aquifer,FIC,Final Fantasy Commander,383,normal,common,1,106145,bf544abb-c338-4da4-bb77-eddd3aaacc9a,0.16,false,false,near_mint,en,USD
Contaminated Landscape,MH3,Modern Horizons 3,218,normal,common,1,94823,e2312c49-1627-47ad-8113-78a999a97d8d,0.11,false,false,near_mint,en,USD
Contortionist Troupe,MID,Innistrad: Midnight Hunt,178,normal,uncommon,1,63432,c81da535-04e4-4dc8-9e12-7b417aba2f39,0.06,false,false,near_mint,en,USD
Conversion Apparatus,M3C,Modern Horizons 3 Commander,128,normal,rare,1,94738,41bcf6d0-4f72-4611-b9fc-2713b70ac618,0.13,false,false,near_mint,en,USD
Convolute,IKO,Ikoria: Lair of Behemoths,45,normal,common,1,50032,3fd8e607-8179-4ae8-ba7f-f5f22649dc18,0.03,false,false,near_mint,en,USD
Coordinated Maneuver,TDM,Tarkir: Dragonstorm,6,normal,common,2,104941,c6569487-53c5-4b91-877d-e4e31bfa90c0,0.04,false,false,near_mint,en,USD
Copper Longlegs,ONE,Phyrexia: All Will Be One,165,normal,common,3,78963,f8855fbf-4f1e-4c44-9653-bbbfc3f2fafd,0.1,false,false,near_mint,en,USD
Copperline Gorge,ONE,Phyrexia: All Will Be One,371,normal,rare,1,78653,7d316dca-05e6-471e-99ad-dfd9eecedf39,0.83,false,false,near_mint,en,USD
Copperline Gorge,BLC,Bloomburrow Commander,301,normal,rare,1,96452,c25daaa2-2a04-4fb0-8db3-6e564c26fadc,0.35,false,false,near_mint,en,USD
Copy,TVOW,Innistrad: Crimson Vow Tokens,19,normal,common,1,64681,dd2942a8-68e8-4f73-956f-f19c690fa512,0.5,false,false,near_mint,en,USD
Copy,TFIN,Final Fantasy Tokens,1,normal,common,2,106253,fcde6a95-37f1-4bb4-9cea-5b65dbc9c76a,,false,false,near_mint,en,USD
Copy,TPIP,Fallout Tokens,1,normal,common,2,92336,78c43047-87f6-4382-874e-02e9628647bd,0.24,false,false,near_mint,en,USD
Coral Sword,FIN,Final Fantasy,134,normal,uncommon,2,106400,13e81e32-7246-46b9-872e-cde77cedd197,0.07,false,false,near_mint,en,USD
Cori Mountain Monastery,TDM,Tarkir: Dragonstorm,393,normal,rare,1,104778,85b84c4c-465d-4d8d-8d38-2ed08a9213b3,0.65,false,false,near_mint,en,USD
Cornered by Black Mages,FIN,Final Fantasy,93,normal,common,6,106564,688fcf8a-0a44-416a-8086-83acf9a6fe69,0.12,false,false,near_mint,en,USD
Coronation of Chaos,CLB,Commander Legends: Battle for Baldur's Gate,168,normal,common,1,69139,8647092a-9d09-42cb-bcda-4e5e7a6c8a1c,0.14,false,false,near_mint,en,USD
Corpse Churn,CMR,Commander Legends,113,normal,common,1,56098,6fedb37f-4f3c-477c-84c0-aa864e87c111,0.07,false,false,near_mint,en,USD
Corpse Churn,CLU,Ravnica: Clue Edition,107,normal,common,1,91178,c151c2e9-a7d1-42ee-a68c-885df78db53e,0.18,false,false,near_mint,en,USD
Corpseberry Cultivator,BLB,Bloomburrow,210,normal,common,1,95829,c911a759-ed7b-452b-88a3-663478357610,0.08,false,false,near_mint,en,USD
Corroding Dragonstorm,TDM,Tarkir: Dragonstorm,75,normal,uncommon,1,104372,e2a2d395-26d6-4eb2-9e8c-ed7dbbd3a8f5,0.06,false,false,near_mint,en,USD
Costly Plunder,2XM,Double Masters,80,normal,common,1,52135,598405fd-02d2-4bf8-b241-7a2ae6338913,0.16,false,false,near_mint,en,USD
Counterspell,FCA,Final Fantasy: Through the Ages,4,normal,uncommon,2,106455,e1e48b21-1a4f-4708-a4b4-e2e296df924c,0.78,false,false,near_mint,en,USD
Counterspell,DSC,Duskmourn: House of Horror Commander,114,normal,uncommon,2,99147,4f616706-ec97-4923-bb1e-11a69fbaa1f8,1.69,false,false,near_mint,en,USD
Courageous Goblin,FDN,Foundations,82,normal,common,1,101566,8db6819c-666a-409d-85a5-b9ac34d8dd2f,0.05,false,false,near_mint,en,USD
Courageous Outrider,EMN,Eldritch Moon,18,normal,uncommon,1,8318,4123da54-9947-462e-9862-3eecc459a75b,0.03,false,false,near_mint,en,USD
Courier Bat,VOW,Innistrad: Crimson Vow,102,normal,common,1,64202,4d9a8dc7-1ee9-4731-bd72-3d02f4e7c6c4,0.09,false,false,near_mint,en,USD
Court of Grace,ONC,Phyrexia: All Will Be One Commander,62,normal,rare,1,78915,e4e3e867-95e7-47bc-95c4-77c686ddf82a,2.52,false,false,near_mint,en,USD
Coveted Jewel,BLC,Bloomburrow Commander,268,normal,rare,2,96380,90617b21-821b-4945-89b5-f5d1b57ca3aa,0.12,false,false,near_mint,en,USD
Coveted Jewel,FIC,Final Fantasy Commander,341,normal,rare,1,105947,5b4ce244-d34f-4e96-9fe5-a0a8cefb92c7,0.14,false,false,near_mint,en,USD
Crackling Doom,2X2,Double Masters 2022,196,normal,uncommon,2,70424,a66e5673-e34b-46e8-a0e4-55f3ee20f99a,0.32,false,false,near_mint,en,USD
Crackling Doom,FIC,Final Fantasy Commander,322,normal,uncommon,1,106220,e7674039-7640-4f70-84e9-d1fa76a59dbe,0.15,false,false,near_mint,en,USD
Crackling Emergence,NEO,Kamigawa: Neon Dynasty,136,normal,common,1,66886,6f77f987-ebb7-4105-a67c-0987f50fc676,0.08,false,false,near_mint,en,USD
Cradle of Safety,VOW,Innistrad: Crimson Vow,54,normal,common,2,64170,42cbad81-152a-435f-9289-f4b6483a059b,0.05,false,false,near_mint,en,USD
Cram Session,STX,Strixhaven: School of Mages,170,normal,common,2,58313,c59a249f-35ed-447a-845b-32ba5a53124e,0.06,false,false,near_mint,en,USD
Crashing Drawbridge,TDC,Tarkir: Dragonstorm Commander,316,normal,common,1,104422,018257cf-8981-4691-92ab-6a33f77c9680,0.35,false,false,near_mint,en,USD
Crawl from the Cellar,INR,Innistrad Remastered,102,normal,common,2,102619,79563dd1-640c-4ebd-a347-0b71439b79d3,0.03,false,false,near_mint,en,USD
Crawling Chorus,ONE,Phyrexia: All Will Be One,8,normal,common,2,78766,aace4c44-7250-414b-aac4-df042a1e2e1d,0.09,false,false,near_mint,en,USD
Crawling Infestation,CMM,Commander Masters,281,normal,common,1,84252,3a404d9b-02dd-45bc-b3eb-bc28452da22e,0.12,false,false,near_mint,en,USD
Creeping Dread,SOI,Shadows over Innistrad,104,normal,uncommon,1,8892,8b3376c4-369a-4d63-bd48-966bcfb0c9b9,0.12,false,false,near_mint,en,USD
Crimson Caravaneer,PIP,Fallout,56,normal,uncommon,1,92067,3acc522b-6297-455e-8bb5-6187061496d0,0.12,false,false,near_mint,en,USD
Crossroads Consecrator,EMN,Eldritch Moon,154,normal,common,1,8180,b1a83854-dc45-4c26-aca0-67f372236383,0.03,false,false,near_mint,en,USD
Crossroads Village,FIN,Final Fantasy,276,normal,common,7,106561,64db46d4-f91f-49cc-971c-b8e19f0c4ea9,0.12,false,false,near_mint,en,USD
Crossway Troublemakers,FDN,Foundations,518,normal,rare,1,97167,03a5e19c-4cb8-4bd7-923c-4db747dc6ca3,0.28,false,false,near_mint,en,USD
Crucible of Worlds,2X2,Double Masters 2022,393,normal,mythic,1,70050,0dccb71b-a25a-4ef8-b2ab-716fd38dcc0b,30.54,false,false,near_mint,en,USD
Cruel Grimnarch,ONE,Phyrexia: All Will Be One,88,normal,common,2,78912,e3f571b5-ce50-4856-a151-fe6610d27bca,0.07,false,false,near_mint,en,USD
Cruel Revival,ORI,Magic Origins,88,normal,uncommon,1,10854,a863ae27-a99a-4a60-ab07-25c1bacec64d,0.05,false,false,near_mint,en,USD
Cruel Witness,VOW,Innistrad: Crimson Vow,55,normal,common,1,64227,5bf2c686-efb0-46c7-b34e-c77987914b96,0.03,false,false,near_mint,en,USD
Crusader of Odric,INR,Innistrad Remastered,18,normal,common,1,102799,d6ae6566-3df8-4e09-b487-f0362622ca04,0.03,false,false,near_mint,en,USD
Crush Contraband,PIP,Fallout,158,normal,uncommon,1,92795,e0941279-8695-4b71-b27a-5477a1858525,0.12,false,false,near_mint,en,USD
Crush Contraband,NEC,Neon Dynasty Commander,82,normal,uncommon,1,66971,08c5cdbe-2142-4ddc-b9b5-35ca60eb9970,0.14,false,false,near_mint,en,USD
Crushing Canopy,VOW,Innistrad: Crimson Vow,194,normal,common,2,64457,eae67d98-5167-442b-8586-0b2bcb0c56eb,0.03,false,false,near_mint,en,USD
Crushing Disappointment,STX,Strixhaven: School of Mages,68,normal,common,1,58178,7fbe8cf1-11df-4ca4-9a6b-265193c49250,0.06,false,false,near_mint,en,USD
Crux of Fate,FIC,Final Fantasy Commander,275,normal,rare,1,105926,4d507db6-29a6-4816-8e37-5b6e318d740f,0.34,false,false,near_mint,en,USD
Cry of the Carnarium,RNA,Ravnica Allegiance,70,normal,uncommon,1,43794,715a14a3-046e-45ca-b943-dd630e5202b7,0.12,false,false,near_mint,en,USD
Crypt Feaster,FDN,Foundations,59,normal,common,1,100382,3b072811-998a-4a71-b59c-6afecc0dc4b6,0.05,false,false,near_mint,en,USD
Cryptic Command,FCA,Final Fantasy: Through the Ages,29,normal,rare,1,106437,7b182d1f-be0f-4b97-bca3-083483f7713c,3.71,false,false,near_mint,en,USD
Cryptolith Fragment // Aurora of Emrakul,INR,Innistrad Remastered,260,normal,uncommon,2,102465,262b7b55-0b32-4c4f-a2ca-02f0b83fa7a2,0.16,false,false,near_mint,en,USD
Crystal Fragments // Summon: Alexander,FIN,Final Fantasy,13,normal,uncommon,1,106434,5f51c853-949d-44e9-a3a2-02e1ce69a147,0.1,false,false,near_mint,en,USD
Crystal Slipper,ELD,Throne of Eldraine,119,normal,common,1,46219,9f738ca6-5254-4dbc-9f59-854e81c8dac2,0.08,false,false,near_mint,en,USD
Crystallization,ARB,Alara Reborn,144,normal,common,1,23364,cd0e9e1b-bd37-43a7-abd3-4582315a268d,0.19,false,false,near_mint,en,USD
Cultivate,FIC,Final Fantasy Commander,300,normal,common,1,105818,0c5f5297-fe94-44df-9004-427640196afd,0.62,false,false,near_mint,en,USD
Cunning Geysermage,ZNR,Zendikar Rising,55,normal,common,2,54476,2217f0a9-5af5-45cc-8cf7-8878d4f66dd8,0.02,false,false,near_mint,en,USD
Cunning Strike,FRF,Fate Reforged,150,normal,common,2,11976,e4991f81-3190-4d33-bf09-9d5387cbec11,0.03,false,false,near_mint,en,USD
"Curie, Emergent Intelligence",PIP,Fallout,30,normal,rare,1,92179,54870f19-96f3-4cde-ae44-a9c5bbb0dbc1,0.21,false,false,near_mint,en,USD
Curious Homunculus // Voracious Reader,EMN,Eldritch Moon,54,normal,uncommon,1,8282,22e816af-df55-4a3f-a6e7-0ff3bb1b45b5,0.25,false,false,near_mint,en,USD
Curse of Hospitality,VOW,Innistrad: Crimson Vow,152,normal,rare,1,64180,45bcb839-4cff-4349-9892-0c76ae81929c,0.32,false,false,near_mint,en,USD
Curse of Opulence,TDC,Tarkir: Dragonstorm Commander,209,normal,uncommon,1,104609,494a6f50-9cd3-4bfc-9382-dce4f7047a81,0.69,false,false,near_mint,en,USD
Curse of the Swine,TDC,Tarkir: Dragonstorm Commander,149,normal,rare,1,104610,4967955e-66ce-4df5-a9fa-305c3f8e2e25,0.14,false,false,near_mint,en,USD
Cut a Deal,ONC,Phyrexia: All Will Be One Commander,63,normal,uncommon,1,78860,cdfbf95a-44c7-4a3d-9bd9-00330d82fc36,0.39,false,false,near_mint,en,USD
Cut a Deal,FIC,Final Fantasy Commander,238,normal,uncommon,1,106127,b42f5488-949f-434a-a9cf-c98e070d6a7f,0.22,false,false,near_mint,en,USD
Cut Short,MOM,March of the Machine,10,normal,common,1,81433,b0a45d4d-d16a-43c6-843c-916d4629aae1,0.05,false,false,near_mint,en,USD
Cutthroat Centurion,ONE,Phyrexia: All Will Be One,89,normal,common,3,78788,b3890961-d636-4ccc-9c42-2088a8531c9b,0.05,false,false,near_mint,en,USD
"Cyan, Vengeful Samurai",FIC,Final Fantasy Commander,16,normal,rare,1,106089,a1e779b4-32dd-406b-8b68-48f6df458005,0.13,false,false,near_mint,en,USD
Daggerback Basilisk,M19,Core Set 2019,174,normal,common,1,1138,7bc8325b-c7a8-49a5-8a54-a419800ffb93,0.04,false,false,near_mint,en,USD
"Dakkon, Shadow Slayer",MH2,Modern Horizons 2,363,normal,mythic,1,59391,05467b80-0781-4f03-8027-59dbb44d8826,0.69,false,false,near_mint,en,USD
Dalkovan Packbeasts,TDM,Tarkir: Dragonstorm,7,normal,uncommon,1,104631,4df7b253-6107-47d6-b650-cb4d3e0aec6b,0.15,false,false,near_mint,en,USD
Damn,DRC,Aetherdrift Commander,89,normal,rare,1,102938,1b25c224-4531-4fdc-9845-6663eaf60540,1.04,false,false,near_mint,en,USD
Damning Verdict,FIC,Final Fantasy Commander,239,normal,rare,1,106033,8d82e20d-09c0-4b16-9b25-4790924aa0b6,3.51,false,false,near_mint,en,USD
Dancer's Chakrams,FIC,Final Fantasy Commander,17,normal,rare,1,105860,27ec595f-406b-4539-8d2e-eb98df1a0fc9,0.21,false,false,near_mint,en,USD
"Danitha Capashen, Paragon",FCA,Final Fantasy: Through the Ages,22,normal,uncommon,1,106329,210ff924-215e-4ae8-8706-5af3891c6605,0.26,false,false,near_mint,en,USD
Dapper Shieldmate,SNC,Streets of New Capenna,9,normal,common,2,68025,d6ce9c33-4ab3-43c9-b6bc-ee2d40d8f9b6,0.03,false,false,near_mint,en,USD
Daring Escape,SNC,Streets of New Capenna,104,normal,common,1,67709,3d09dbcd-188b-4b52-943e-947cbf2c0002,0.05,false,false,near_mint,en,USD
Daring Saboteur,LCC,The Lost Caverns of Ixalan Commander,151,normal,uncommon,1,88553,66483d05-444a-4710-97fa-7b7481b4a420,0.02,false,false,near_mint,en,USD
Dark Bargain,IKO,Ikoria: Lair of Behemoths,82,normal,common,2,49995,6ef6f861-90ef-4e1d-9f17-1dd306e7d0af,0.05,false,false,near_mint,en,USD
Dark Knight's Greatsword,FIN,Final Fantasy,95,normal,uncommon,2,106634,b50dcc7c-260f-4d8c-9a9e-9244ec23a91e,0.07,false,false,near_mint,en,USD
Dark Tutelage,WOT,Wilds of Eldraine: Enchanting Tales,28,normal,uncommon,1,85616,a2b11a54-b38c-4e22-8b6d-dfc6c037db0e,0.15,false,false,near_mint,en,USD
Darkstar Augur,TBLB,Bloomburrow Tokens,11,normal,common,1,96146,01b55966-0910-484d-9b2b-0a59233c44c4,0.32,false,false,near_mint,en,USD
Darkstar Augur,BLB,Bloomburrow,90,normal,rare,1,95898,1c603751-1e2b-4c8e-a8d2-5c0876e7254f,0.56,false,false,near_mint,en,USD
Darksteel Ingot,OTC,Outlaws of Thunder Junction Commander,256,normal,uncommon,1,93931,f279fcf1-e4f5-4873-9d73-8d62e0343b81,0.28,false,false,near_mint,en,USD
Darksteel Plate,FIC,Final Fantasy Commander,342,normal,rare,1,105917,49277723-84df-4842-a8e5-cdf1c1aa8161,3.95,false,false,near_mint,en,USD
Darkwater Catacombs,FIC,Final Fantasy Commander,384,normal,rare,1,106141,bcb5a670-7c8f-4b76-82c6-c89abffbb4bd,0.2,false,false,near_mint,en,USD
Dash Hopes,PLC,Planar Chaos,68,normal,common,1,26466,814bcfc0-7539-4ed9-8b51-27e6a3ab9d9a,0.66,false,false,near_mint,en,USD
Dauntless Cathar,INR,Innistrad Remastered,19,normal,common,2,102745,b680d42c-8198-43b0-b934-2add08a02bbc,0.02,false,false,near_mint,en,USD
Dauntless Dismantler,LCI,The Lost Caverns of Ixalan,8,normal,uncommon,1,88424,3d771631-0aab-4f09-b9a6-49b6b2d8d2aa,0.13,false,false,near_mint,en,USD
Dauntless Onslaught,DDO,Duel Decks: Elspeth vs. Kiora,6,normal,uncommon,1,11924,0da57140-ccd3-4729-a892-fe2bb719d410,0.05,false,false,near_mint,en,USD
Dauntless Unity,ZNR,Zendikar Rising,9,normal,common,2,54701,b12a4d17-68e6-4133-99fd-e501e24e6c6b,0.04,false,false,near_mint,en,USD
Dawnbringer Cleric,CLB,Commander Legends: Battle for Baldur's Gate,15,normal,common,1,68903,201f06ef-c180-4ce3-afaf-bec3b14c0222,0.09,false,false,near_mint,en,USD
Dawnhart Disciple,INR,Innistrad Remastered,191,normal,common,4,102522,4463b28a-c2c9-4cbf-951e-e3ce6b1f14cb,0.02,false,false,near_mint,en,USD
"Daxos, Blessed by the Sun",THB,Theros Beyond Death,258,normal,uncommon,2,46804,f5770e8a-045d-42bc-b6aa-17b89488c9d4,0.17,false,false,near_mint,en,USD
Day of Judgment,FDN,Foundations,140,normal,rare,1,95585,96e84bdc-8a9a-4c58-ba8b-9f052fd60069,1.48,false,false,near_mint,en,USD
Daybreak Combatants,VOW,Innistrad: Crimson Vow,153,normal,common,3,64296,8697a861-0f67-4ed3-bed8-f264fc78565e,0.03,false,false,near_mint,en,USD
Daysquad Marshal,IKO,Ikoria: Lair of Behemoths,8,normal,common,1,50069,17d566bd-f272-49d1-bffb-588f2a42046a,0.04,false,false,near_mint,en,USD
Dazzling Angel,FDN,Foundations,9,normal,common,1,101468,027dc444-e544-4693-8653-3dcdda530162,0.13,false,false,near_mint,en,USD
Dazzling Denial,BLB,Bloomburrow,45,normal,common,1,96369,8739f1ac-2e57-4b52-a7ff-cc8df5936aad,0.1,false,false,near_mint,en,USD
Dazzling Ramparts,KTK,Khans of Tarkir,6,normal,uncommon,1,13392,ce43a2df-4305-4ab1-ae45-96cca597650e,0.07,false,false,near_mint,en,USD
Deadbridge Shaman,EMA,Eternal Masters,85,normal,common,2,8590,f110fa8e-3fbf-4a81-a743-e709f58e4414,0.05,false,false,near_mint,en,USD
Deadly Alliance,ZNR,Zendikar Rising,96,normal,common,1,54407,007a5c8c-ed0b-4844-9393-a3d25d4ffa1d,0.08,false,false,near_mint,en,USD
Deadly Allure,INR,Innistrad Remastered,103,normal,uncommon,2,102632,7f07cf72-7f2e-44cc-8966-93463974220a,0.06,false,false,near_mint,en,USD
Deadly Brew,FDN,Foundations,654,normal,uncommon,1,100474,4cd4d5a4-4342-49fb-b1e4-7d08e6cf5376,0.18,false,false,near_mint,en,USD
Deadly Dispute,FCA,Final Fantasy: Through the Ages,33,normal,uncommon,1,106355,a4e0b297-6d33-4e2b-b497-aa952dcf2141,0.26,false,false,near_mint,en,USD
Deadly Embrace,FIN,Final Fantasy,557,normal,rare,1,106087,a11cb85c-85dd-435c-8303-4d0d18bdb1e9,0.25,false,false,near_mint,en,USD
Deadly Recluse,CMM,Commander Masters,282,normal,common,1,84917,d432d17e-052b-4a81-bad8-14babf6e593f,0.16,false,false,near_mint,en,USD
Deadly Tempest,C21,Commander 2021,140,normal,rare,1,58794,5f673d4a-76fa-4e9d-b7f6-299d80c55cb5,0.98,false,false,near_mint,en,USD
Deathbloom Gardener,DMU,Dominaria United,159,normal,common,1,71592,88dee3d1-0496-40ea-b208-7362a932f531,0.1,false,false,near_mint,en,USD
Decanter of Endless Water,CLB,Commander Legends: Battle for Baldur's Gate,444,normal,common,1,69162,914b42b3-03af-4945-9f1f-46c09a1a2314,1.33,false,false,near_mint,en,USD
Decimate,FIC,Final Fantasy Commander,323,normal,rare,1,106192,dae88c31-77a5-40aa-84be-d74b4545a6ee,0.16,false,false,near_mint,en,USD
Decoction Module,DRC,Aetherdrift Commander,128,normal,uncommon,1,102909,0e63512b-32a4-495a-8f8d-273e74505995,0.07,false,false,near_mint,en,USD
Decorated Griffin,THS,Theros,7,normal,uncommon,1,15657,7bc2f3a0-444d-4cad-970f-6c4a63b02cce,0.04,false,false,near_mint,en,USD
Decree of Pain,CMM,Commander Masters,148,normal,rare,1,84519,7af6702a-a7d9-4d86-8ba2-364417a31dbb,0.19,false,false,near_mint,en,USD
Decree of Pain,40K,"Warhammer 40,000 Commander",198,normal,rare,1,72353,458b4f09-7c59-4e72-b37f-f1a69ec0fb05,0.37,false,false,near_mint,en,USD
"Dee Kay, Finder of the Lost",UNF,Unfinity,259,normal,uncommon,1,73028,171a969e-3d5e-4110-a770-4183c2a2710d,0.1,false,false,near_mint,en,USD
Deem Inferior,MH3,Modern Horizons 3,57,normal,common,1,94616,cc0835c7-58ca-4f16-984a-c590ce6a229a,0.15,false,false,near_mint,en,USD
Deem Worthy,AKH,Amonkhet,127,normal,uncommon,1,5558,99a2ed5f-62b8-4308-a656-f273f62f6ab8,0.04,false,false,near_mint,en,USD
Deep Analysis,TDC,Tarkir: Dragonstorm Commander,150,normal,common,1,104523,2d93b071-d303-4892-bac4-77a75eaa91a1,0.1,false,false,near_mint,en,USD
Deep-Sea Terror,ORI,Magic Origins,52,normal,common,2,10890,007b526c-5387-4ed4-a320-b826d507e014,0.04,false,false,near_mint,en,USD
Deface,RNA,Ravnica Allegiance,98,normal,common,1,43766,43df9f41-944e-4cf3-ac80-524eadac221d,0.07,false,false,near_mint,en,USD
Defeat,DTK,Dragons of Tarkir,97,normal,common,1,11717,60473300-0bdc-4e89-87d9-28c8d7b4d83d,0.04,false,false,near_mint,en,USD
Defiant Salvager,CMR,Commander Legends,117,normal,common,1,56209,cfd1c30e-e539-4382-b0fd-724a502a4b7e,0.03,false,false,near_mint,en,USD
Defiler of Faith,DMU,Dominaria United,16,normal,rare,1,71345,2cfe404d-1a27-4627-9284-56188d92d5d5,0.34,false,false,near_mint,en,USD
Defy Gravity,UMA,Ultimate Masters,48,normal,common,1,43451,c31e6c69-e5c4-47b0-b226-4e1d84fabfa7,0.08,false,false,near_mint,en,USD
Deliberate,ZNR,Zendikar Rising,56,normal,common,3,54741,c41c0dd0-fef2-4f3c-8f3c-9c9c521b5442,0.12,false,false,near_mint,en,USD
Delivery Moogle,FIN,Final Fantasy,15,normal,uncommon,1,106684,f58840dc-c641-4092-8b67-9c0d449af715,0.12,false,false,near_mint,en,USD
Delta Bloodflies,TDM,Tarkir: Dragonstorm,77,normal,common,3,104457,119bb72d-aed9-47dc-9285-7bc836cc3776,0.04,false,false,near_mint,en,USD
Delver of Secrets // Insectile Aberration,INR,Innistrad Remastered,60,normal,common,2,102586,6904ea20-e504-47da-95a0-08739fdde260,0.15,false,false,near_mint,en,USD
Delver's Torch,AFR,Adventures in the Forgotten Realms,10,normal,common,4,60237,53df7b80-71bf-4013-ad44-f76eae8ac81b,0.1,false,false,near_mint,en,USD
Demolish,ORI,Magic Origins,139,normal,common,1,10803,ae7c95da-458d-4914-9e7c-2c5fc1aa626b,0.16,false,false,near_mint,en,USD
Demolition Field,FIC,Final Fantasy Commander,385,normal,uncommon,2,106007,7f6d8cae-face-4bff-8c0a-348cefe1e9dd,0.2,false,false,near_mint,en,USD
Demon Bolt,CLB,Commander Legends: Battle for Baldur's Gate,787,normal,common,1,69477,3c43bf24-399e-407a-a563-bb04f93a0497,0.07,false,false,near_mint,en,USD
Demon Wall,FIN,Final Fantasy,97,normal,uncommon,1,106514,13abd96c-d1af-43d0-b3a4-ac3db20e3b51,0.16,false,false,near_mint,en,USD
Demon's Disciple,CMM,Commander Masters,149,normal,common,2,84884,cc7f2ce1-b442-4051-b1fe-90efde9bc181,0.21,false,false,near_mint,en,USD
Demon's Due,SNC,Streets of New Capenna,75,normal,common,1,67674,2e59fb98-c887-42f1-a620-9e6b40b94cb5,0.05,false,false,near_mint,en,USD
Demon's Grasp,DDR,Duel Decks: Nissa vs. Ob Nixilis,43,normal,common,1,7820,8ee78a0d-8a76-4d21-b65c-03f27f1a96c5,0.07,false,false,near_mint,en,USD
Demon's Horn,DVD,Duel Decks Anthology: Divine vs. Demonic,57,normal,uncommon,1,12421,cd708b10-472f-44b1-9b62-668da6104ef5,0.96,false,false,near_mint,en,USD
Demonic Covenant,DSC,Duskmourn: House of Horror Commander,19,normal,rare,1,99252,90e9b488-37fd-42db-b0f2-b6c5a15a6e36,0.15,false,false,near_mint,en,USD
Demonic Embrace,M21,Core Set 2021,95,normal,rare,1,50812,56149192-ddc1-45a4-b7aa-be311da5fe8e,0.31,false,false,near_mint,en,USD
Demonic Lore,CMR,Commander Legends,118,normal,uncommon,3,55656,47733f20-f7b2-4a01-b429-0ec49b230fd9,0.08,false,false,near_mint,en,USD
Demonlord Belzenlok,CMM,Commander Masters,151,normal,rare,1,84763,b07114d8-40b3-4102-8d70-e3ed94a7f515,0.28,false,false,near_mint,en,USD
Demonmail Hauberk,INR,Innistrad Remastered,261,normal,uncommon,1,102510,3fcb057e-0a6f-4ed0-bdb6-1c1b93f5ad9c,0.11,false,false,near_mint,en,USD
Deny the Divine,THB,Theros Beyond Death,47,normal,common,1,47015,1200f68a-a8ea-4777-b6b0-de48b2203fd1,0.05,false,false,near_mint,en,USD
Deranged Assistant,INR,Innistrad Remastered,61,normal,common,1,102495,3960ed42-b3e7-4464-b345-1b9b22719efc,0.03,false,false,near_mint,en,USD
Desecration Demon,FDN,Foundations,603,normal,rare,1,100509,52bf6460-0df6-4dd3-8af8-df728683bcaa,0.24,false,false,near_mint,en,USD
Deserted Beach,INR,Innistrad Remastered,276,normal,rare,1,102774,c819de09-dac2-407a-98c8-775865e9bdf8,5.08,false,false,near_mint,en,USD
Desolate Mire,FIC,Final Fantasy Commander,386,normal,rare,2,106085,a0ecbdad-aebf-421d-a71e-e112f8c0e4bb,0.17,false,false,near_mint,en,USD
Despark,TDC,Tarkir: Dragonstorm Commander,284,normal,uncommon,1,105050,f37a4bc1-3702-44d7-8b29-dca99b563c6b,0.25,false,false,near_mint,en,USD
Desperate Farmer // Depraved Harvester,INR,Innistrad Remastered,105,normal,common,3,102418,0ec488de-fded-4df9-97ed-ba46cbacfdbf,0.03,false,false,near_mint,en,USD
Despoiler of Souls,DDR,Duel Decks: Nissa vs. Ob Nixilis,45,normal,rare,1,7818,9f1fb659-70fe-4d8a-ba2c-07ab0d75c218,0.15,false,false,near_mint,en,USD
Destroy Evil,FIC,Final Fantasy Commander,240,normal,common,1,105974,694e5322-b7c9-4f38-97ce-0b03a391a453,0.14,false,false,near_mint,en,USD
Devoted Grafkeeper // Departed Soulkeeper,MID,Innistrad: Midnight Hunt,218,normal,uncommon,1,63352,965e6bd5-dc32-406c-bc99-ceb15be4d3f2,0.05,false,false,near_mint,en,USD
Devoted Paladin,AFR,Adventures in the Forgotten Realms,11,normal,common,9,60204,3620ed96-1d15-4942-b9e5-9f9a64b0cab4,0.05,false,false,near_mint,en,USD
Diabolic Edict,MH1,Modern Horizons,87,normal,common,2,44847,4eabbed2-1399-4cf1-9eba-b53c56caced4,0.11,false,false,near_mint,en,USD
Diabolic Intent,FCA,Final Fantasy: Through the Ages,34,normal,rare,1,106411,a2ec8e5e-ada8-4cd7-b43d-157568356a80,8.67,false,false,near_mint,en,USD
Diabolic Tutor,KLD,Kaladesh,75,normal,uncommon,1,7568,06750380-a9a9-4ab4-a03b-d4d35a31132a,0.95,false,false,near_mint,en,USD
Diabolic Vision,BTD,Beatdown Box Set,67,normal,uncommon,1,33356,e83a5b23-0e39-4c5a-a313-10110eb32fd5,0.65,false,false,near_mint,en,USD
Diamond Weapon,FIN,Final Fantasy,183,normal,uncommon,3,106567,6ce7f494-2a19-4b11-94d4-fc5e5a7068bd,0.15,false,false,near_mint,en,USD
Dig Through Time,FIC,Final Fantasy Commander,263,normal,rare,1,105990,766b2e52-6ba1-4222-a9f4-01a2bf3e9443,0.21,false,false,near_mint,en,USD
Dig Up,VOW,Innistrad: Crimson Vow,197,normal,rare,1,64311,8f14c947-2452-4fd6-8f1a-391cf5898100,0.31,false,false,near_mint,en,USD
Dig Up the Body,SNC,Streets of New Capenna,76,normal,common,1,67879,902abe4d-5c19-4c96-b825-e6cd4d954a84,0.07,false,false,near_mint,en,USD
Diluvian Primordial,OTC,Outlaws of Thunder Junction Commander,96,normal,rare,1,93916,eb14cd77-d37e-4849-816f-cd36e2a37765,0.38,false,false,near_mint,en,USD
Diminish,IMA,Iconic Masters,50,normal,common,2,3575,9d468111-f7af-4ea2-a250-cd8c15ba60cc,0.08,false,false,near_mint,en,USD
Dimir Aqueduct,DSC,Duskmourn: House of Horror Commander,270,normal,uncommon,2,99238,84bf9d60-64b8-4209-acfe-e07eefc6bf1f,0.23,false,false,near_mint,en,USD
Dimir Guildgate,GRN,Guilds of Ravnica,246,normal,common,1,237,3694ac90-e71e-4736-8945-7dbf5b5fd6a9,0.06,false,false,near_mint,en,USD
Dimir Locket,ZNC,Zendikar Rising Commander,111,normal,common,1,55334,08e3dd7a-8378-4368-a5e4-a1ca7899a67b,0.18,false,false,near_mint,en,USD
Dimir Signet,CLU,Ravnica: Clue Edition,221,normal,common,1,91186,c3af24ce-b1ab-4137-9222-a4080acae928,0.61,false,false,near_mint,en,USD
"Dion, Bahamut's Dominant // Bahamut, Warden of Light",FIN,Final Fantasy,16,normal,rare,1,106590,8c0f9306-2058-476d-a711-bd37a6e15e42,0.36,false,false,near_mint,en,USD
Dire Downdraft,BLB,Bloomburrow,46,normal,common,1,96526,f1931f22-974c-43ad-911e-684bf3f9995d,0.03,false,false,near_mint,en,USD
Dire Fleet Interloper,XLN,Ixalan,103,normal,common,1,3909,e2e3f7ee-98d0-45bd-97ae-3dc8050085a1,0.03,false,false,near_mint,en,USD
Diregraf Scavenger,VOW,Innistrad: Crimson Vow,105,normal,common,3,64476,f72eb127-3f4c-42ed-8ba6-b6d83ea18545,0.07,false,false,near_mint,en,USD
Diresight,BLB,Bloomburrow,91,normal,common,1,95985,fada29c0-5293-40a4-b36d-d073ee99e650,0.09,false,false,near_mint,en,USD
Dirge of Dread,C13,Commander 2013,73,normal,common,1,15313,a938b00e-a829-4860-a53a-83110493d0bd,0.18,false,false,near_mint,en,USD
Dirgur Island Dragon // Skimming Strike,TDM,Tarkir: Dragonstorm,40,normal,common,2,104342,b1d21a9a-6b0c-4fbc-a427-81be885d326b,0.35,false,false,near_mint,en,USD
Disciplined Duelist,SNC,Streets of New Capenna,304,normal,uncommon,1,67997,c55b348b-c147-4d02-b26c-d610f515bce0,0.03,false,false,near_mint,en,USD
Discordant Piper,THB,Theros Beyond Death,88,normal,common,1,46974,a8cce294-f6ee-4b18-8b65-7d01d0317b00,0.03,false,false,near_mint,en,USD
Discover the Impossible,NEO,Kamigawa: Neon Dynasty,50,normal,uncommon,1,66568,8c201117-9850-4e92-9ecc-e4d71a70a959,0.04,false,false,near_mint,en,USD
Disenchant,FDN,Foundations,572,normal,common,1,100709,7ac43e16-8b14-46f2-877a-600ea918766b,0.12,false,false,near_mint,en,USD
Disenchant,CMR,Commander Legends,372,normal,common,1,56028,2ba38105-bada-449a-ab2f-3d6db2764a06,0.12,false,false,near_mint,en,USD
Dismal Backwater,ZNC,Zendikar Rising Commander,128,normal,common,1,55488,e20c6b51-48a3-4dbc-90b5-e08f40a58f63,0.18,false,false,near_mint,en,USD
Dismal Backwater,FDN,Foundations,261,normal,common,1,101220,dbb0df36-8467-4a41-8e1c-6c3584d4fd10,0.1,false,false,near_mint,en,USD
Dismal Backwater,M20,Core Set 2020,245,normal,common,2,45215,a5ff247f-82d1-4b79-9ac0-1471a1f0f58b,0.08,false,false,near_mint,en,USD
Dismantling Wave,TDC,Tarkir: Dragonstorm Commander,112,normal,rare,1,104844,a06bc946-8625-4a87-8695-ecf236df95bc,0.24,false,false,near_mint,en,USD
Dispatch,FIC,Final Fantasy Commander,241,normal,uncommon,1,105875,2ecc0fcb-9141-465c-90b1-7652d3c9a4ab,0.29,false,false,near_mint,en,USD
Dispatch,PIP,Fallout,159,normal,uncommon,1,92148,4cfcc2a8-ab59-47b5-88a9-0692e6091334,0.34,false,false,near_mint,en,USD
Disperse,M19,Core Set 2019,50,normal,common,1,1262,2ff7c89c-41dc-4ac3-bbce-38ab86f435ea,0.05,false,false,near_mint,en,USD
Displacer Beast,AFR,Adventures in the Forgotten Realms,305,normal,uncommon,1,60313,8646ae5c-e757-4d16-bf2a-d48770d620fa,0.13,false,false,near_mint,en,USD
Distemper of the Blood,EMN,Eldritch Moon,126,normal,common,1,8209,d0ad2acb-073b-4a98-be8c-2ea39ca85496,0.06,false,false,near_mint,en,USD
Distorted Curiosity,ONE,Phyrexia: All Will Be One,46,normal,uncommon,3,78966,f932ddd3-beb4-4dc8-8c15-e1c9c2276986,0.08,false,false,near_mint,en,USD
Divest,2XM,Double Masters,87,normal,common,1,52121,4494cb6d-1a99-40b6-96cc-0dc2ddec102f,0.09,false,false,near_mint,en,USD
Divine Arrow,IKO,Ikoria: Lair of Behemoths,9,normal,common,2,50068,5b29acc2-5749-4e8a-924d-3c82406e6393,0.05,false,false,near_mint,en,USD
Divine Arrow,WAR,War of the Spark,10,normal,common,1,44394,73cbb58a-1b00-4883-9b45-da7ded7317e3,0.04,false,false,near_mint,en,USD
Divine Gambit,STA,Strixhaven Mystical Archive,4,normal,uncommon,1,58110,5ae3b199-92a0-4d94-819c-fbf24a87d353,0.08,false,false,near_mint,en,USD
Djinn Monk,TIMA,Iconic Masters Tokens,4,normal,common,1,3298,12b5e32a-b86b-4f8b-ae93-19f0b95c4514,0.03,false,false,near_mint,en,USD
Docent of Perfection // Final Iteration,INR,Innistrad Remastered,62,normal,rare,1,102685,96658239-3169-42ef-9983-cd4da24e0f4c,0.63,false,false,near_mint,en,USD
Dogged Pursuit,KHM,Kaldheim,85,normal,common,1,56903,60f6a159-b969-4767-802e-409f8bf286fe,0.08,false,false,near_mint,en,USD
"Dogmeat, Ever Loyal",PIP,Fallout,2,foil,mythic,1,92398,86b45e3e-8460-4678-87d1-d74479936c83,0.39,false,false,near_mint,en,USD
"Donal, Herald of Wings",VOC,Crimson Vow Commander,3,normal,mythic,1,64565,70cf8d2b-5220-4fe9-b39d-6700f0b27cca,0.5,false,false,near_mint,en,USD
Doomed Dissenter,VOW,Innistrad: Crimson Vow,106,normal,common,2,64479,f7c0cf16-81ea-45e3-99cc-4424d59bb44b,0.1,false,false,near_mint,en,USD
Doomed Traveler,CLU,Ravnica: Clue Edition,59,normal,common,1,91032,8a03d414-bff9-4aba-8b0a-0ed57982251e,0.12,false,false,near_mint,en,USD
Doomskar Titan,KHM,Kaldheim,130,normal,uncommon,1,57019,a4e125e4-103f-4a68-b85f-1382646da71e,0.03,false,false,near_mint,en,USD
Doorkeeper,IMA,Iconic Masters,53,normal,common,1,3572,ca527a9e-3a01-4e0b-add4-a6882f1c89d1,0.06,false,false,near_mint,en,USD
Dovin's Veto,WAR,War of the Spark,193,normal,uncommon,1,44211,5d6b5054-2224-4f68-9d82-3ed17c5dacc4,2.78,false,false,near_mint,en,USD
Dovin's Veto,FCA,Final Fantasy: Through the Ages,51,normal,uncommon,3,106360,ba332954-ed8c-48d7-8d85-971c7b71dccf,0.54,false,false,near_mint,en,USD
Dr. Madison Li,PIP,Fallout,3,foil,mythic,2,92480,95af426d-a8af-4314-9ad0-ac61935e8e8e,0.17,false,false,near_mint,en,USD
Drag to the Bottom,DMU,Dominaria United,91,normal,rare,1,71640,9d243099-94b1-4571-96af-4c5a34241911,0.08,false,false,near_mint,en,USD
Dragon,TKHM,Kaldheim Tokens,11,normal,common,1,56732,029c9790-d5f3-4fe2-a2f5-6da5d27de835,1.46,false,false,near_mint,en,USD
Dragon,TFDN,Foundations Tokens,17,normal,common,1,101575,a5d4dd3b-0a5f-4d2c-aa6b-3c47e71e8c39,,false,false,near_mint,en,USD
Dragon Egg,CMR,Commander Legends,173,normal,common,2,56035,300761b6-9943-4251-9b1a-96a940f3334b,0.1,false,false,near_mint,en,USD
Dragonlord Ojutai,NCC,New Capenna Commander,337,normal,mythic,1,68346,a9f39d28-08eb-4eff-ae55-abd377877a27,0.56,false,false,near_mint,en,USD
Dragonmaster Outcast,TDC,Tarkir: Dragonstorm Commander,211,normal,mythic,1,104857,a485edea-07cd-48dd-97e7-daeba85553d6,0.3,false,false,near_mint,en,USD
Dragonrage,FRF,Fate Reforged,97,normal,uncommon,1,12029,77b7bf2a-9d68-4aa8-a0b1-5df22a5a3c1b,0.1,false,false,near_mint,en,USD
Dragonskull Summit,FIC,Final Fantasy Commander,387,normal,rare,1,105908,44f78cab-06d4-4786-987f-4d0d15654fd5,0.93,false,false,near_mint,en,USD
Dragonstorm Globe,TDM,Tarkir: Dragonstorm,241,normal,common,1,104767,7f50aa6e-ce6a-4479-9725-202926245f2c,0.1,false,false,near_mint,en,USD
Dragoon's Lance,FIN,Final Fantasy,17,normal,uncommon,3,105671,96630531-8eb7-4e3e-8d63-60c562a5571b,0.07,false,false,near_mint,en,USD
Dragoon's Wyvern,FIN,Final Fantasy,49,normal,common,3,105729,d92bce20-308e-4841-aaf8-8e20698292e7,0.05,false,false,near_mint,en,USD
Drakewing Krasis,GTC,Gatecrash,157,normal,common,2,16667,016d1d17-ba5c-4168-9a3d-232bdcc98c80,0.03,false,false,near_mint,en,USD
"Drana, Kalastria Bloodchief",C17,Commander 2017,112,normal,rare,1,4343,2c58ce5e-b038-4376-a5f4-9849baa255b9,0.36,false,false,near_mint,en,USD
"Drana, the Last Bloodchief",ZNR,Zendikar Rising,98,normal,mythic,1,54566,5cd4154e-7681-444b-a0f2-33e887791ba7,1.39,false,false,near_mint,en,USD
Drannith Stinger,IKO,Ikoria: Lair of Behemoths,113,normal,common,1,49964,612ee4be-e7a2-423c-a37c-7c6ca97f630e,0.09,false,false,near_mint,en,USD
Draugr Thought-Thief,KHM,Kaldheim,55,normal,common,1,56812,31da60a2-d4d3-4954-be59-c7ff61fa2905,0.05,false,false,near_mint,en,USD
Draugr's Helm,KHM,Kaldheim,88,normal,uncommon,1,57171,fd4aade3-b1e3-43d1-b4a8-6b55ecdb4327,0.05,false,false,near_mint,en,USD
Dread Return,CMM,Commander Masters,153,normal,common,2,84222,34a87901-98bb-41dd-b566-bcb510c20022,0.31,false,false,near_mint,en,USD
Dreadful Apathy,THB,Theros Beyond Death,11,normal,common,1,47051,e20c2369-db77-465e-9f0e-bb009225345a,0.03,false,false,near_mint,en,USD
Dreadlight Monstrosity,VOW,Innistrad: Crimson Vow,57,normal,common,3,64105,16345278-7565-406b-a958-835081082bc8,0.1,false,false,near_mint,en,USD
Dreadwaters,ORI,Magic Origins,56,normal,common,1,10886,c4c1434a-4832-4008-a091-e0703dedd0a2,0.07,false,false,near_mint,en,USD
Dreadwing Scavenger,FDN,Foundations,118,normal,uncommon,1,101252,e24d838b-ab48-410a-9a50-dbfea5da089b,0.1,false,false,near_mint,en,USD
Dreadwurm,ZNR,Zendikar Rising,100,normal,common,6,54513,339736a8-a00f-4e21-8d92-38486f73dba9,0.08,false,false,near_mint,en,USD
Dream Trawler,THB,Theros Beyond Death,214,normal,rare,1,46848,7d3e97d8-92c7-43c4-bdaf-7b0a6ce7cb5f,0.3,false,false,near_mint,en,USD
Dreamroot Cascade,TDC,Tarkir: Dragonstorm Commander,358,normal,rare,1,104605,4852abd7-98fa-4f5c-936d-b1355e7b0978,0.66,false,false,near_mint,en,USD
Dreamroot Cascade,VOW,Innistrad: Crimson Vow,282,normal,rare,1,64138,2997c3b1-0255-41be-9189-03da53838f63,3.43,false,false,near_mint,en,USD
Dreams of Laguna,FIN,Final Fantasy,50,normal,common,8,106292,ba752243-2727-4b8a-8e21-e70becfd4ff3,0.05,false,false,near_mint,en,USD
Dreamstone Hedron,M3C,Modern Horizons 3 Commander,289,normal,uncommon,1,94918,25c5e6f8-eec6-4a90-b7c6-36f882bab64a,0.19,false,false,near_mint,en,USD
Drey Keeper,MH2,Modern Horizons 2,194,normal,common,2,59695,995529d1-e2b0-4cce-bd40-56c7ef3c33da,0.12,false,false,near_mint,en,USD
Drifting Meadow,DMR,Dominaria Remastered,245,normal,common,1,78028,8cb024fa-2df1-4414-b0d7-6f700d152c51,0.08,false,false,near_mint,en,USD
Driver of the Dead,FDN,Foundations,605,normal,common,1,100431,4443696a-0b9a-4081-91aa-800b5c4065d2,0.11,false,false,near_mint,en,USD
Drogskol Infantry // Drogskol Armaments,VOW,Innistrad: Crimson Vow,10,normal,common,2,64483,f88e269e-ff3d-4775-8520-5b7a6dddf23d,0.04,false,false,near_mint,en,USD
Drogskol Shieldmate,INR,Innistrad Remastered,20,normal,common,1,102752,ba94ea90-66e5-4fd2-80fd-4baec5f8a1e4,0.02,false,false,near_mint,en,USD
Dromoka Dunecaster,DTK,Dragons of Tarkir,13,normal,common,1,11801,fc98e542-4bcc-43e1-9616-64ce40348a34,0.03,false,false,near_mint,en,USD
Drone,TONE,Phyrexia: All Will Be One Tokens,8,normal,common,1,79063,cfacac5f-7685-4792-9e4c-166d4b421240,0.09,false,false,near_mint,en,USD
Dross Skullbomb,ONE,Phyrexia: All Will Be One,225,normal,common,2,78595,66270dd2-9139-4329-9621-852962836688,0.03,false,false,near_mint,en,USD
Drown in Ichor,ONE,Phyrexia: All Will Be One,91,normal,uncommon,1,78818,bf148ef4-0ed7-4fbe-8ab6-01dd3981c8d3,0.84,false,false,near_mint,en,USD
Drowned Catacomb,FIC,Final Fantasy Commander,388,normal,rare,1,106026,8a47d5f6-e08d-4311-97d0-16f7737b83a0,1.41,false,false,near_mint,en,USD
Drownyard Amalgam,MID,Innistrad: Midnight Hunt,50,normal,common,1,63299,71b05d44-d987-45e1-bbd9-842dbe58c2b5,0.03,false,false,near_mint,en,USD
Drownyard Lurker,MH3,Modern Horizons 3,3,normal,common,1,94867,7faf5812-2067-4386-bb83-150723d67d02,0.04,false,false,near_mint,en,USD
Drudge Beetle,RVR,Ravnica Remastered,136,normal,common,1,89801,91df915e-3cc6-4f24-aaaf-db8f015127a6,0.04,false,false,near_mint,en,USD
Druid of the Emerald Grove,CLB,Commander Legends: Battle for Baldur's Gate,226,normal,common,1,69148,8a270d07-29da-4c31-ae6a-5f60c162f508,0.05,false,false,near_mint,en,USD
Druid of the Spade,BLB,Bloomburrow,170,normal,common,1,96054,6b485cf7-bad0-4824-9ba7-cb112ce4769f,0.02,false,false,near_mint,en,USD
Drunau Corpse Trawler,INR,Innistrad Remastered,63,normal,uncommon,1,102425,11b29a06-c1e1-4d81-ac50-906c94617abe,0.04,false,false,near_mint,en,USD
"Duchess, Wayward Tavernkeep",PIP,Fallout,57,normal,rare,1,92057,38c0a17f-787b-41ac-8375-d9532dce1f4f,0.09,false,false,near_mint,en,USD
Duel for Dominance,INR,Innistrad Remastered,192,normal,common,1,102775,c823ffae-4967-4a5d-a5d5-f00c25262e4f,0.04,false,false,near_mint,en,USD
Duelcraft Trainer,MID,Innistrad: Midnight Hunt,16,normal,uncommon,1,63291,6b75855c-88dc-4491-8045-080debfeb7b5,0.06,false,false,near_mint,en,USD
Dueling Coach,STX,Strixhaven: School of Mages,15,normal,uncommon,1,58079,45b3dbb0-0d68-4351-bfc9-a09c50454bf7,0.06,false,false,near_mint,en,USD
Dueling Rapier,AFR,Adventures in the Forgotten Realms,140,normal,common,1,60421,c304118a-c83b-490a-b0e2-721734a996ee,0.12,false,false,near_mint,en,USD
Duelist of Deep Faith,ONE,Phyrexia: All Will Be One,9,normal,common,2,78552,56444440-a9e6-4583-a289-9f0571a98093,0.08,false,false,near_mint,en,USD
Dune Mover,ONE,Phyrexia: All Will Be One,226,normal,common,1,78460,29d2c689-af37-433a-a012-e8d384702811,0.08,false,false,near_mint,en,USD
Dungeon Map,AFR,Adventures in the Forgotten Realms,242,normal,uncommon,2,60128,028506ad-ad36-44e5-b488-d038e2d2445f,0.11,false,false,near_mint,en,USD
Durable Coilbug,IKO,Ikoria: Lair of Behemoths,85,normal,common,1,49992,a0cbdfb6-c029-440f-bc07-c95e03c20110,0.03,false,false,near_mint,en,USD
Duress,FDN,Foundations,606,normal,common,4,100348,34c3a894-ee75-4db9-a69f-711bb3cc150a,0.15,false,false,near_mint,en,USD
Duress,MID,Innistrad: Midnight Hunt,98,normal,common,1,63424,c0a72721-2a4a-4d48-a7b0-2370b90b8619,0.12,false,false,near_mint,en,USD
Duress,STA,Strixhaven Mystical Archive,29,normal,uncommon,1,58112,5bb89f3f-f3b0-402d-9f3c-5b4b8a9d1e91,0.34,false,false,near_mint,en,USD
Duress,DMR,Dominaria Remastered,81,normal,common,1,77953,68cd43ba-646b-44b3-a1a5-0e6b6ceca866,0.08,false,false,near_mint,en,USD
Dusk Imp,8ED,Eighth Edition,130,normal,common,1,30406,fba0721a-dc1f-42e4-a12a-2ecb356f9339,0.04,false,false,near_mint,en,USD
Dusk Mangler,CLB,Commander Legends: Battle for Baldur's Gate,751,normal,uncommon,2,69707,ed473b7d-2078-424e-b1a0-a58e04bf9cc2,0.13,false,false,near_mint,en,USD
Duskshell Crawler,FIC,Final Fantasy Commander,301,normal,common,1,105867,2ce4ebd2-c3e6-4299-bdb7-8e5eb1834168,0.16,false,false,near_mint,en,USD
Duskshell Crawler,CLU,Ravnica: Clue Edition,161,normal,common,1,91280,eb39a0c0-668f-4881-957a-3d09c50beaf4,0.22,false,false,near_mint,en,USD
Duskwatch Recruiter // Krallenhorde Howler,INR,Innistrad Remastered,193,normal,uncommon,2,102536,4ef68479-ab2e-4a60-886c-ad007b64f185,0.18,false,false,near_mint,en,USD
Dwarven Castle Guard,FIN,Final Fantasy,18,normal,common,10,106454,e17c0d27-e88d-4ba9-acbb-3f916cee3d7e,0.05,false,false,near_mint,en,USD
Dwarven Priest,M19,Core Set 2019,11,normal,common,1,1301,7e1e0f13-35a6-4a5e-8666-47bc5c275be7,0.07,false,false,near_mint,en,USD
Dwarven Reinforcements,KHM,Kaldheim,134,normal,common,1,56838,40bcc7cb-65dd-4bc6-8606-a162fa6c65f7,0.05,false,false,near_mint,en,USD
Dwynen's Elite,ORI,Magic Origins,173,normal,uncommon,1,10769,c203722b-3f16-4b6c-9b2e-18169d3f80c9,0.18,false,false,near_mint,en,USD
Dynacharge,MM3,Modern Masters 2017,94,normal,common,1,6119,a9e530cc-21b9-43c2-a6a9-f1d96e06c2cd,0.1,false,false,near_mint,en,USD
Earth Elemental,BBD,Battlebond,174,normal,common,1,1819,659eeb25-b79b-4229-9d84-e28f6a636958,0.02,false,false,near_mint,en,USD
Earthen Arms,BFZ,Battle for Zendikar,172,normal,common,1,10179,dadc77d8-ef1c-431d-8716-9583f4fad33f,0.04,false,false,near_mint,en,USD
Eat to Extinction,THB,Theros Beyond Death,312,normal,rare,1,46750,24c06877-a78b-470d-82ab-9d93d5c5e189,0.37,false,false,near_mint,en,USD
Eccentric Farmer,INR,Innistrad Remastered,194,normal,common,1,102859,fe2a1718-eae1-4330-b494-c3088b992aae,0.02,false,false,near_mint,en,USD
Echoing Courage,A25,Masters 25,166,normal,common,2,2550,04367e72-3f8c-4cba-8bdf-5a1ba9c9f01f,0.07,false,false,near_mint,en,USD
Echoing Truth,DMC,Dominaria United Commander,109,normal,common,1,71479,5d987d26-c8e8-4edf-8ac0-6a2980265710,0.16,false,false,near_mint,en,USD
"Eden, Seat of the Sanctum",FIN,Final Fantasy,277,normal,uncommon,4,106674,e28eac1e-adc7-4f8d-b206-bef09ba07d38,0.08,false,false,near_mint,en,USD
"Edgar, King of Figaro",FIN,Final Fantasy,51,normal,rare,2,106443,950ee302-5512-43c5-ac7c-b2b06f4177bf,0.25,false,false,near_mint,en,USD
"Edgar, Master Machinist",FIC,Final Fantasy Commander,80,normal,rare,1,105813,098a8025-6454-45d8-abe3-2c3dada3f582,0.21,false,false,near_mint,en,USD
Eel Umbra,2X2,Double Masters 2022,48,normal,common,1,70449,b4ab47ce-a6dd-4839-ab41-053c5c5de768,0.16,false,false,near_mint,en,USD
Eidolon of Philosophy,THB,Theros Beyond Death,48,normal,common,1,47014,d2897635-b387-485d-932f-5655244a381f,0.03,false,false,near_mint,en,USD
Eject,FIN,Final Fantasy,52,normal,uncommon,1,106631,aec83c9a-8ec4-4a5a-b27f-0e74a2b3d21e,0.09,false,false,near_mint,en,USD
"Elas il-Kor, Sadistic Pilgrim",DMU,Dominaria United,297,normal,uncommon,1,71446,552fbde6-515d-457e-81c9-d67157eaaf37,0.74,false,false,near_mint,en,USD
Elder Mastery,DDH,Duel Decks: Ajani vs. Nicol Bolas,68,normal,uncommon,1,18924,58cc3ec9-b4ad-4106-b5e9-66ee58e90150,0.24,false,false,near_mint,en,USD
Elder Owyn Lyons,PIP,Fallout,103,normal,uncommon,1,92761,d923c845-59e0-403e-b57b-955fec528f1e,0.09,false,false,near_mint,en,USD
Elderfang Disciple,KHM,Kaldheim,93,normal,common,2,56952,7f3a6148-d005-49c1-a7fc-867c4e8251cd,0.14,false,false,near_mint,en,USD
Electric Revelation,OTC,Outlaws of Thunder Junction Commander,163,normal,common,1,93864,d06023c5-8cb8-4d67-bba6-8dd5201a25dd,0.11,false,false,near_mint,en,USD
Electrify,M19,Core Set 2019,139,normal,common,2,1173,60bee89d-d916-4095-830f-6270f8c4f0d8,0.05,false,false,near_mint,en,USD
Electrodominance,TDC,Tarkir: Dragonstorm Commander,212,normal,rare,1,104779,85e29bdc-938e-4132-813e-70c5e922efaf,0.34,false,false,near_mint,en,USD
Electrolyze,GK1,GRN Guild Kit,37,normal,uncommon,1,109,b7dda3bf-08a9-42f7-bc64-4a41f6f210fa,0.24,false,false,near_mint,en,USD
Electrosiphon,PIP,Fallout,104,normal,rare,2,92384,8377fce8-edc8-4926-bf75-57162ff6df9f,0.17,false,false,near_mint,en,USD
Electrostatic Pummeler,KLD,Kaladesh,210,normal,rare,1,7433,c565d11b-a57e-4de4-9d18-2be48a2ef742,0.28,false,false,near_mint,en,USD
Elemental,TORI,Magic Origins Tokens,8,normal,common,2,10646,b7047838-ac9f-4ca1-9827-73d87098124f,0.58,false,false,near_mint,en,USD
"Elena, Turk Recruit",FIC,Final Fantasy Commander,18,normal,rare,1,106179,d16553a3-65c3-4dec-af92-123d1e5dce10,0.17,false,false,near_mint,en,USD
Elenda and Azor,MOC,March of the Machine Commander,6,normal,mythic,1,81327,35db4bfe-78e1-46b1-a70b-728ceede94b2,0.34,false,false,near_mint,en,USD
"Elenda, Saint of Dusk",FDN,Foundations,119,normal,rare,1,100264,24955f5f-093c-4d33-b0c1-911cd36032ce,0.36,false,false,near_mint,en,USD
Elesh Norn // The Argent Etchings,MOM,March of the Machine,12,normal,mythic,1,81236,d8999135-ddb1-4e4c-b885-e25f23dac3d3,6.37,false,false,near_mint,en,USD
"Elesh Norn, Grand Cenobite",MUL,Multiverse Legends,3,normal,mythic,1,81004,0ee0719c-07d0-419a-b6ed-fc3bf982e4d3,19.81,false,false,near_mint,en,USD
"Elesh Norn, Mother of Machines",ONE,Phyrexia: All Will Be One,10,normal,mythic,1,78223,44dcab01-1d13-4dfc-ae2f-fbaa3dd35087,17.87,false,false,near_mint,en,USD
Elf Warrior,TNCC,New Capenna Commander Tokens,23,normal,common,1,68519,2dec2e14-9a14-4a33-beb8-f4fbce81d437,0.27,false,false,near_mint,en,USD
Elfsworn Giant,FDN,Foundations,103,normal,common,1,100497,5128a5be-ffa6-4998-8488-872d80b24cb2,0.09,false,false,near_mint,en,USD
Elite Headhunter,ELD,Throne of Eldraine,209,normal,uncommon,2,46129,aa9d0279-4fe0-4228-a82f-bc3cd91500df,0.08,false,false,near_mint,en,USD
Elite Instructor,THB,Theros Beyond Death,49,normal,common,1,47013,821cd2dd-aa03-4c55-b9e4-98e0284889d3,0.01,false,false,near_mint,en,USD
Elixir,FIN,Final Fantasy,256,normal,uncommon,2,106616,a4b05d37-df62-475c-8371-735ed2fa1b05,0.11,false,false,near_mint,en,USD
"Elsha, Threefold Master",TDC,Tarkir: Dragonstorm Commander,2,normal,mythic,1,104381,eee11606-5902-41d3-aec6-d6a3da01091b,1.43,false,false,near_mint,en,USD
Elspeth Tirel,ONC,Phyrexia: All Will Be One Commander,64,normal,mythic,1,78563,59dedcb3-6c03-4484-a493-e6f808a33ead,1.89,false,false,near_mint,en,USD
Elusive Spellfist,IMA,Iconic Masters,54,normal,common,1,3571,aac94901-f4ec-4888-82ef-87fd2b20cf11,0.05,false,false,near_mint,en,USD
Elvish Aberration,DMR,Dominaria Remastered,156,normal,common,1,78133,cfd91d0d-bc6c-41a1-aecf-d31465717182,0.05,false,false,near_mint,en,USD
Elvish Vatkeeper,MOM,March of the Machine,223,normal,uncommon,1,81200,b3227c07-9ef2-46a6-9b4f-bbd6ef12f4a5,0.06,false,false,near_mint,en,USD
Elvish Visionary,CMR,Commander Legends,223,normal,common,1,55812,a2f174e6-9532-4fc3-815b-2dc3966c6523,0.11,false,false,near_mint,en,USD
Ember-Eye Wolf,SOI,Shadows over Innistrad,154,normal,common,1,8842,98fe1e1e-b14a-4efe-894b-b9da635f007f,0.06,false,false,near_mint,en,USD
Embereth Paladin,ELD,Throne of Eldraine,121,normal,common,2,46217,6bcfe06b-3bb5-434e-acf4-4bfa8a94141d,0.1,false,false,near_mint,en,USD
Embereth Shieldbreaker // Battle Display,CLB,Commander Legends: Battle for Baldur's Gate,792,normal,uncommon,1,69689,e2f789b3-3274-4a93-b44b-fabc44c1833c,0.07,false,false,near_mint,en,USD
Embermouth Sentinel,TDM,Tarkir: Dragonstorm,242,normal,common,1,104606,485f75d5-da5b-4605-885a-561ccd999cc6,0.03,false,false,near_mint,en,USD
Emergent Sequence,STX,Strixhaven: School of Mages,129,normal,uncommon,1,57974,04a81975-5f0e-4593-a2da-b9689f9a985f,0.14,false,false,near_mint,en,USD
Emeria Angel,TDC,Tarkir: Dragonstorm Commander,114,normal,rare,2,104497,2406ab7c-c6be-421a-a92c-048441a01acd,0.26,false,false,near_mint,en,USD
Emeria Captain,ZNR,Zendikar Rising,11,normal,uncommon,1,54581,6490370e-fff5-4f17-b715-74ff8df5bc7c,0.1,false,false,near_mint,en,USD
Emet-Selch of the Third Seat,FIC,Final Fantasy Commander,81,normal,rare,2,105734,dd3141de-633e-48e3-a89f-a91339f5e882,0.36,false,false,near_mint,en,USD
"Emet-Selch, Unsundered // Hades, Sorcerer of Eld",FIN,Final Fantasy,394,normal,mythic,1,103813,fd537047-d997-4ee1-b259-3ed54b7c5576,7.35,false,false,near_mint,en,USD
Emissary of the Sleepless,SOI,Shadows over Innistrad,17,normal,common,2,8979,cc5fa496-a830-4031-a19a-d6467d074ad1,0.02,false,false,near_mint,en,USD
Emmessi Tome,EMA,Eternal Masters,221,normal,uncommon,1,8454,decb78dd-03d7-43a0-8ff5-1b97c6f515c9,0.04,false,false,near_mint,en,USD
Emperor Crocodile,EMA,Eternal Masters,165,normal,common,2,8510,6c8c30e2-e751-4481-9a46-413c52bbff90,0.04,false,false,near_mint,en,USD
Empyrean Eagle,FDN,Foundations,239,normal,uncommon,1,100533,577e99a7-4a55-4314-8f08-2ae0c33b85c7,0.12,false,false,near_mint,en,USD
Emrakul's Messenger,MH3,Modern Horizons 3,61,normal,uncommon,1,94674,f0f818d7-320c-47b9-a083-40007f3d91ea,0.23,false,false,near_mint,en,USD
Enchanted Carriage,ELD,Throne of Eldraine,218,normal,uncommon,1,46120,0057c2ae-ea4f-404a-ab95-f3979efd1b3b,0.12,false,false,near_mint,en,USD
Enchanter's Bane,DSC,Duskmourn: House of Horror Commander,164,normal,rare,1,99118,3f053af0-9a08-44e5-be57-6d0fabfde31a,0.18,false,false,near_mint,en,USD
Encroaching Dragonstorm,TDM,Tarkir: Dragonstorm,142,normal,uncommon,1,104630,4ddd4477-f8c9-4d05-9177-f8344ba8f40b,0.15,false,false,near_mint,en,USD
Encroaching Mycosynth,ONE,Phyrexia: All Will Be One,47,normal,rare,1,78592,65a2fcc9-2317-48a1-a5eb-234fb3300364,0.31,false,false,near_mint,en,USD
Encrust,M15,Magic 2015,53,normal,common,1,13799,f531a657-9e60-453a-b72c-2ba04913698f,0.06,false,false,near_mint,en,USD
End the Festivities,VOW,Innistrad: Crimson Vow,155,normal,common,2,64392,bec748e6-7245-4a71-aeee-cefed8346948,0.78,false,false,near_mint,en,USD
Endless Detour,FIC,Final Fantasy Commander,324,normal,rare,1,105884,33a37435-bd6c-4330-8138-98a2afa36e54,0.12,false,false,near_mint,en,USD
Endless Ranks of the Dead,MIC,Midnight Hunt Commander,116,normal,rare,1,63561,155ae16c-f32b-421d-a92a-bf13d9f32891,4.36,false,false,near_mint,en,USD
Endoskeleton,USG,Urza's Saga,294,normal,uncommon,1,35674,ce4630c3-bf8e-46ac-be68-f454c4ca1047,0.3,false,false,near_mint,en,USD
Endurance Bobblehead,PIP,Fallout,132,normal,uncommon,1,92405,8768789b-c414-4e35-bff3-d06a69dccff6,0.35,false,false,near_mint,en,USD
Enduring Sliver,MH1,Modern Horizons,6,normal,common,1,44928,6ed0f6a5-ed40-44fc-a5e1-3f8bb968d1d9,0.15,false,false,near_mint,en,USD
Enhanced Awareness,FRF,Fate Reforged,33,normal,common,1,12093,21df7db7-c23b-4dca-b9c8-c785d7007285,0.02,false,false,near_mint,en,USD
Enlarge,2XM,Double Masters,166,normal,uncommon,2,52095,0f4e699f-5f2c-4487-8a40-42be6f561631,0.24,false,false,near_mint,en,USD
Enlightened Maniac,EMN,Eldritch Moon,58,normal,common,1,8278,a6e692b8-f71d-485b-b37b-71259dc6c48e,0.02,false,false,near_mint,en,USD
Enshrouding Mist,ORI,Magic Origins,13,normal,common,1,10929,b059bd3e-451c-445a-b299-544c82fc0eb9,0.02,false,false,near_mint,en,USD
Enthralling Hold,M21,Core Set 2021,49,normal,uncommon,2,51009,d3bc7176-abe0-47cf-a242-cf22a1f590be,0.08,false,false,near_mint,en,USD
Enthusiastic Study,STX,Strixhaven: School of Mages,99,normal,common,1,58097,543c64ff-2c51-4a63-a940-dc8645717c85,0.07,false,false,near_mint,en,USD
Entrancing Lyre,THB,Theros Beyond Death,233,normal,uncommon,1,46829,064abee6-7394-4b75-946f-4ad9840034ac,0.07,false,false,near_mint,en,USD
Envelop,JUD,Judgment,39,normal,common,1,31559,e7ed250e-12d0-4ebc-9410-5711e71c6d1f,1.28,false,false,near_mint,en,USD
Environmental Sciences,STX,Strixhaven: School of Mages,1,normal,common,1,58081,46b394fc-a99c-44e7-9226-da0699167541,0.21,false,false,near_mint,en,USD
Ephara's Radiance,BNG,Born of the Gods,9,normal,common,1,14951,e0741582-0c7b-4d5b-83a9-dd8862de1f24,0.05,false,false,near_mint,en,USD
Epic Confrontation,A25,Masters 25,170,normal,common,3,2546,02ac4e89-d5fa-4f1b-bd61-be15eb322f40,0.1,false,false,near_mint,en,USD
Epiphany Storm,BNG,Born of the Gods,91,normal,common,1,14869,dd3a0128-4499-498d-9721-b1fd70ea84b4,0.06,false,false,near_mint,en,USD
Epitaph Golem,INR,Innistrad Remastered,262,normal,common,1,102455,202125f5-9182-436f-86df-701cdc7e60ce,0.03,false,false,near_mint,en,USD
Era of Innovation,DRC,Aetherdrift Commander,75,normal,uncommon,1,103341,edf49825-c432-4eb3-97da-b92ae6b9fab8,0.04,false,false,near_mint,en,USD
Erg Raiders,A25,Masters 25,90,normal,common,3,2626,b29d88ad-5074-4f37-bb6a-2a7fe75c5771,0.04,false,false,near_mint,en,USD
Erudite Wizard,FDN,Foundations,37,normal,common,1,100835,9273c417-0fcd-4273-b24e-afff76336d0c,0.04,false,false,near_mint,en,USD
Escaped Experiment,ONE,Phyrexia: All Will Be One,48,normal,common,3,78580,611497d2-83df-4c69-bbeb-6a807c686bc4,0.04,false,false,near_mint,en,USD
"Esior, Wardwing Familiar",CMR,Commander Legends,67,normal,uncommon,3,55765,86958821-76eb-43a5-974b-7c945e826a66,0.57,false,false,near_mint,en,USD
Esper Origins // Summon: Esper Maduin,FIN,Final Fantasy,185,normal,rare,2,105823,0f503360-216a-4629-89b2-d32072850aef,0.57,false,false,near_mint,en,USD
Espers to Magicite,FIC,Final Fantasy Commander,43,normal,rare,2,105980,6cb18871-dd23-4ce8-a535-16adefae63c0,0.2,false,false,near_mint,en,USD
Essence Capture,NEO,Kamigawa: Neon Dynasty,52,normal,uncommon,1,66624,f39bf1fa-b530-4353-a683-843466227109,0.07,false,false,near_mint,en,USD
Essence Extraction,KLD,Kaladesh,80,normal,uncommon,1,7563,d7693c10-5ebb-4896-bb60-63d03577dd60,0.07,false,false,near_mint,en,USD
Essence Flux,INR,Innistrad Remastered,64,normal,common,3,102778,c94b37df-aaa5-4981-be3b-c934a7971123,0.54,false,false,near_mint,en,USD
Essence Scatter,FDN,Foundations,153,normal,uncommon,1,101226,dd05c850-f91e-4ffb-b4cc-8418d49dad90,0.12,false,false,near_mint,en,USD
Estinien Varlineau,FIC,Final Fantasy Commander,82,normal,rare,2,105998,7812c768-8417-4689-9a51-f577c1cf5dc0,0.17,false,false,near_mint,en,USD
Estwald Shieldbasher,VOW,Innistrad: Crimson Vow,11,normal,common,5,64239,61c7d889-8cc0-4e80-b6d5-d41961820224,0.05,false,false,near_mint,en,USD
Eternal Thirst,IMA,Iconic Masters,89,normal,common,1,3536,14ab1802-1756-44cf-8cf5-ca69f24875f2,0.22,false,false,near_mint,en,USD
Eternity Snare,BNG,Born of the Gods,37,normal,uncommon,1,14923,fa167147-68ca-49af-98d3-538474ea1158,0.06,false,false,near_mint,en,USD
Ether,FIN,Final Fantasy,53,normal,uncommon,3,106586,896ee6e9-15a9-4974-b576-50f4759fac38,0.05,false,false,near_mint,en,USD
Ethereal Guidance,SOI,Shadows over Innistrad,18,normal,common,1,8978,f47dd220-6193-4e31-a1df-591b6424ad27,0.03,false,false,near_mint,en,USD
Etherium Pteramander,MH3,Modern Horizons 3,92,normal,uncommon,1,94410,3abd093b-c1d6-400e-bc26-1aa045fe47b8,0.06,false,false,near_mint,en,USD
Ethersworn Adjudicator,MOC,March of the Machine Commander,222,normal,mythic,1,81755,774ece27-ca6b-4e04-88ae-cfc774401bdc,0.3,false,false,near_mint,en,USD
Eutropia the Twice-Favored,THB,Theros Beyond Death,216,normal,uncommon,1,46846,c2159949-3d21-448d-bc34-a3dbaf219476,0.1,false,false,near_mint,en,USD
Ever-Watching Threshold,C18,Commander 2018,9,normal,rare,1,834,b711a0aa-90e5-4f16-9dc3-9cc331fc3101,0.54,false,false,near_mint,en,USD
Everflowing Chalice,FIC,Final Fantasy Commander,343,normal,uncommon,1,105953,5d659b0c-dc93-464f-847f-2af075caf145,0.21,false,false,near_mint,en,USD
Everflowing Chalice,PIP,Fallout,230,normal,uncommon,1,92637,bd6be33e-1a5b-482c-a444-3e8ab98d591d,0.2,false,false,near_mint,en,USD
Evil Reawakened,FIN,Final Fantasy,98,normal,uncommon,5,106300,eb98cbc3-749c-44f4-974c-00be1286d69e,0.08,false,false,near_mint,en,USD
Evolution Charm,TSR,Time Spiral Remastered,202,normal,common,1,57698,723d21cb-f506-4ad4-89d8-ecfdaed5952f,0.12,false,false,near_mint,en,USD
Evolutionary Leap,NCC,New Capenna Commander,288,normal,rare,1,68212,4d007d3c-3356-4394-9bcd-2b2c1031c20b,0.57,false,false,near_mint,en,USD
Evolved Spinoderm,ONE,Phyrexia: All Will Be One,313,normal,rare,4,78782,b1dd555e-cd27-4b9e-9ee6-b785242637d6,0.11,false,false,near_mint,en,USD
Evolving Adaptive,ONE,Phyrexia: All Will Be One,167,normal,uncommon,1,78407,13366c60-1200-4ad2-bbf4-77596121fcd2,0.07,false,false,near_mint,en,USD
Evolving Wilds,CLB,Commander Legends: Battle for Baldur's Gate,352,normal,common,1,69255,bbc8841a-0f6e-4078-a0b9-a4bda642182e,0.07,false,false,near_mint,en,USD
Evolving Wilds,VOW,Innistrad: Crimson Vow,263,normal,common,1,64453,e80fe230-745d-42ae-a1f5-a8cc950783d0,0.1,false,false,near_mint,en,USD
Evolving Wilds,TDM,Tarkir: Dragonstorm,255,normal,common,1,104685,62209251-4118-4843-895b-46afb7284c75,0.05,false,false,near_mint,en,USD
Evolving Wilds,IKO,Ikoria: Lair of Behemoths,247,normal,common,2,49830,8e3d6745-8904-4905-a98f-d43f18b51d6d,0.09,false,false,near_mint,en,USD
Evolving Wilds,FIC,Final Fantasy Commander,389,normal,common,4,105887,351f791c-4bee-4fce-aee4-d0214ca0c945,0.14,false,false,near_mint,en,USD
Evolving Wilds,PIP,Fallout,263,normal,common,2,92458,912837ca-054a-49a8-a5c5-5e65631b0575,0.13,false,false,near_mint,en,USD
Evolving Wilds,DSC,Duskmourn: House of Horror Commander,274,normal,common,1,99386,e524216c-ed35-49a3-868f-7ad0a0027a80,0.07,false,false,near_mint,en,USD
Excalibur II,FIN,Final Fantasy,352,normal,rare,2,106643,becf759b-e3bc-4281-a1e1-1da9f36247ef,1.66,false,false,near_mint,en,USD
Excavated Wall,STX,Strixhaven: School of Mages,255,normal,common,2,58411,fed54d00-b11f-4529-864c-63a114617b36,0.11,false,false,near_mint,en,USD
"Exdeath, Void Warlock // Neo Exdeath, Dimension's End",FIN,Final Fantasy,220,normal,uncommon,2,106520,1b4bab87-4000-461d-8b58-d34928fee305,0.06,false,false,near_mint,en,USD
Executioner's Capsule,2XM,Double Masters,92,normal,common,2,52088,032ea333-96e1-4ad8-8947-21d6bc3a9f91,0.12,false,false,near_mint,en,USD
Exhibition Magician,SNC,Streets of New Capenna,106,normal,common,1,68009,cbb4479f-3157-44b4-b18b-7553c7513118,0.04,false,false,near_mint,en,USD
Exhilarating Elocution,STX,Strixhaven: School of Mages,185,normal,common,1,58187,8468417d-7ef5-43e0-9190-e88f3eed9e82,0.06,false,false,near_mint,en,USD
Exotic Orchard,PIP,Fallout,264,normal,rare,2,92323,75f07a84-2788-4f5b-bd76-701bab10f01b,0.23,false,false,near_mint,en,USD
Exotic Orchard,FIC,Final Fantasy Commander,390,normal,rare,4,105912,47c2b572-b54a-444c-8d74-b005e94d751f,0.19,false,false,near_mint,en,USD
Exotic Orchard,EOC,Edge of Eternities Commander,159,normal,rare,2,107347,e86174cd-0291-4fca-8e22-2d2b6f921460,0.16,false,false,near_mint,en,USD
Expand the Sphere,ONE,Phyrexia: All Will Be One,168,normal,uncommon,2,78556,572e174e-99f7-4b5e-8506-1833adddbf07,0.11,false,false,near_mint,en,USD
Expansion // Explosion,TDC,Tarkir: Dragonstorm Commander,287,normal,rare,1,104697,65c091fa-00a8-4f20-8148-46db3fc3c67d,0.13,false,false,near_mint,en,USD
Expedition Diviner,ZNR,Zendikar Rising,57,normal,common,3,54429,090f6e94-fb5f-4861-a465-f11766303676,0.05,false,false,near_mint,en,USD
Expedition Skulker,ZNR,Zendikar Rising,101,normal,common,1,54496,2966b1f0-3d30-4d92-87e5-f39ceacefbd2,0.07,false,false,near_mint,en,USD
Expendable Lackey,SNC,Streets of New Capenna,43,normal,common,1,67889,9515329a-0738-4b23-a326-ff417f47da77,0.03,false,false,near_mint,en,USD
Experimental Augury,EOC,Edge of Eternities Commander,73,normal,common,3,107295,8b817b17-27cf-4f6b-baf2-4c4dbb3e71d1,0.12,false,false,near_mint,en,USD
Expert-Level Safe,PIP,Fallout,133,normal,uncommon,1,92131,499f4bdc-8b6a-4e87-92fd-8368537a6ced,0.08,false,false,near_mint,en,USD
Explorer's Scope,FIC,Final Fantasy Commander,344,normal,common,1,106139,bc50f65f-1866-4fa6-b318-1d981845723b,0.16,false,false,near_mint,en,USD
Explorer's Scope,PIP,Fallout,231,normal,common,1,92815,e66cbdcb-c42c-4f30-871f-f1bc11f475df,0.15,false,false,near_mint,en,USD
Explosion of Riches,CMR,Commander Legends,176,normal,uncommon,1,56220,da2f3dd5-a943-447b-8c76-8f69f06cefa4,0.08,false,false,near_mint,en,USD
Explosive Welcome,STX,Strixhaven: School of Mages,100,normal,uncommon,1,58007,122c01e6-38a6-456e-971e-9004df85ac1c,0.05,false,false,near_mint,en,USD
Expressive Iteration,TDC,Tarkir: Dragonstorm Commander,288,normal,uncommon,1,104596,45e92d69-0684-4a57-8c1c-bbf742bd8a23,0.32,false,false,near_mint,en,USD
Exquisite Huntmaster,CMR,Commander Legends,122,normal,common,1,55647,444b75d9-f7c7-4a13-9318-02d7bbd80c9c,0.07,false,false,near_mint,en,USD
Exsanguinate,FIC,Final Fantasy Commander,276,normal,uncommon,1,105883,333c8e71-fe90-408c-aabd-c5b7d83d0f03,0.25,false,false,near_mint,en,USD
Exuberant Fuseling,ONE,Phyrexia: All Will Be One,129,normal,uncommon,2,78753,a6e8d7b9-ff5e-48ae-9e38-d2b6a45b119b,0.07,false,false,near_mint,en,USD
Eye of Malcator,ONE,Phyrexia: All Will Be One,50,normal,common,2,78651,7cc4246b-ff59-44b2-acff-c0bb6e4cd6ac,0.03,false,false,near_mint,en,USD
Eye of Nidhogg,FIC,Final Fantasy Commander,44,normal,rare,1,105839,186862e7-91ba-47e9-bc38-e8e20772d40c,0.2,false,false,near_mint,en,USD
Eyeblight Assassin,CMR,Commander Legends,123,normal,common,2,56128,8a480da7-1b5d-41a5-b603-e63af100724a,0.04,false,false,near_mint,en,USD
Eyeblight Massacre,KHC,Kaldheim Commander,49,normal,uncommon,1,57178,00652c09-c50c-40da-8f0f-86b5cc3f6c26,0.12,false,false,near_mint,en,USD
Fable of the Mirror-Breaker // Reflection of Kiki-Jiki,NEO,Kamigawa: Neon Dynasty,141,normal,rare,1,66508,24c0d87b-0049-4beb-b9cb-6f813b7aa7dc,7.01,false,false,near_mint,en,USD
Fabled Passage,M21,Core Set 2021,246,normal,rare,1,51008,d313d051-7295-4884-8cbf-f2f835fd45f4,4.76,false,false,near_mint,en,USD
Fabrication Module,KLD,Kaladesh,211,normal,uncommon,1,7432,f93a9693-f899-47ac-8ee0-3549d9333fff,0.24,false,false,near_mint,en,USD
Fade into Antiquity,NEO,Kamigawa: Neon Dynasty,182,normal,common,1,66874,55174ab7-9f2e-42e5-a61b-57458cfd33f3,0.08,false,false,near_mint,en,USD
Faerie Duelist,RNA,Ravnica Allegiance,39,normal,common,1,43825,a7da9c9b-aeef-4f48-bc8f-39425841cc8c,0.06,false,false,near_mint,en,USD
Faerie Mechanist,2XM,Double Masters,50,normal,common,1,52200,e3b14d57-a856-49d4-931f-ff5a0407b135,0.09,false,false,near_mint,en,USD
Faerie Squadron,INV,Invasion,58,normal,common,1,33275,4c707c81-dbbd-43be-a79a-7bc92a584839,0.13,false,false,near_mint,en,USD
Fairgrounds Patrol,MH2,Modern Horizons 2,13,normal,common,1,59447,237e07ed-24ef-40f7-91fc-fe212d948ca8,0.03,false,false,near_mint,en,USD
Faith's Fetters,CMR,Commander Legends,20,normal,uncommon,3,55544,04a7da8c-a444-4deb-89b9-2fc9e5475bff,0.08,false,false,near_mint,en,USD
Faithbearer Paladin,EMN,Eldritch Moon,25,normal,common,1,8311,af15a774-b97f-4bc0-913d-4d2a047fed8a,0.03,false,false,near_mint,en,USD
Faithbound Judge // Sinner's Judgment,VOW,Innistrad: Crimson Vow,12,normal,mythic,1,64432,db791fb6-b0ff-4ded-bd3d-9447cf398312,0.58,false,false,near_mint,en,USD
Faithful Mending,MID,Innistrad: Midnight Hunt,221,normal,uncommon,1,63236,50752ca9-ea85-4c4b-9bf5-4f8759a7dcec,0.8,false,false,near_mint,en,USD
Faithless Looting,TDC,Tarkir: Dragonstorm Commander,213,normal,common,3,104933,c43aeb5a-8bdc-4aa9-89d1-156f97ac38aa,0.25,false,false,near_mint,en,USD
Faithless Salvaging,MH2,Modern Horizons 2,122,normal,common,1,59796,c6ed4077-4ed5-48fb-91c9-a9195d652978,0.05,false,false,near_mint,en,USD
Falcon Abomination,MID,Innistrad: Midnight Hunt,52,normal,common,2,63498,f0668413-859d-4ec4-a4d8-17ec7f5b1b8b,0.06,false,false,near_mint,en,USD
Falkenrath Celebrants,VOW,Innistrad: Crimson Vow,306,normal,common,3,64253,6aacc8fa-9440-494b-a3d9-7b1678c5a9f6,0.08,false,false,near_mint,en,USD
Falkenrath Gorger,INR,Innistrad Remastered,152,normal,rare,1,101849,16c376f5-f69b-49d4-95f4-92bdd68c564c,0.17,false,false,near_mint,en,USD
Falkenrath Noble,DSC,Duskmourn: House of Horror Commander,140,normal,common,1,99408,f38eac93-3a0e-40e0-84f8-3670fd84ca00,0.13,false,false,near_mint,en,USD
Famished Foragers,MID,Innistrad: Midnight Hunt,138,normal,common,2,63519,fdbe6937-ceda-4367-a101-562fd5e0e09d,0.03,false,false,near_mint,en,USD
"Fandaniel, Telophoroi Ascian",FIC,Final Fantasy Commander,46,normal,rare,1,105811,08c9bf6c-fc52-4565-96d1-951a314e59e5,0.25,false,false,near_mint,en,USD
"Fang, Fearless l'Cie",FIN,Final Fantasy,99,normal,uncommon,3,105759,f73a5cbb-905f-4b99-8d23-9d1b6bd47ee8,0.13,false,false,near_mint,en,USD
Farbog Revenant,SOI,Shadows over Innistrad,110,normal,common,1,8886,0f6de332-debb-49f3-8b29-1719060ab00c,0.03,false,false,near_mint,en,USD
Farewell,FIC,Final Fantasy Commander,242,normal,rare,1,105928,4d8b6418-da30-4c68-b87c-3936eb77620c,3.23,false,false,near_mint,en,USD
Farhaven Elf,KHC,Kaldheim Commander,62,normal,common,1,57205,320d0a4c-c556-4468-b934-bfdf17961a53,0.23,false,false,near_mint,en,USD
Farseek,FCA,Final Fantasy: Through the Ages,45,normal,uncommon,1,106460,f36f237f-6b44-4513-ba5d-fe6b4936f78e,0.29,false,false,near_mint,en,USD
Farseek,FIC,Final Fantasy Commander,302,normal,common,1,106247,f9b52ee8-3cde-4082-8a6c-0a82caa3505d,0.49,false,false,near_mint,en,USD
Fatal Push,FCA,Final Fantasy: Through the Ages,9,normal,uncommon,1,106425,2430f223-edb2-402b-a85b-5d328323992d,0.32,false,false,near_mint,en,USD
Fate of the Sun-Cryst,FIN,Final Fantasy,19,normal,common,9,106287,900cdf11-b42e-4dcc-97c3-2e4d8e406a70,0.03,false,false,near_mint,en,USD
Fated Intervention,CP1,Magic 2015 Clash Pack,2,foil,rare,1,13856,1129b8cb-6381-4d17-9e45-a61f9558d312,0.26,false,false,near_mint,en,USD
Fathom Mage,FIC,Final Fantasy Commander,325,normal,rare,1,105923,4bb9c7e1-46a6-4acf-8415-221d9c9d9d23,0.22,false,false,near_mint,en,USD
Favorable Winds,XLN,Ixalan,56,normal,uncommon,1,3956,adfe8174-4e75-4e8f-b59c-f80a98492b5f,0.39,false,false,near_mint,en,USD
Fear of Death,VOW,Innistrad: Crimson Vow,59,normal,common,1,64380,b81704d2-d555-4894-b36c-6b65d1ebe681,0.03,false,false,near_mint,en,USD
Fearful Villager // Fearsome Werewolf,VOW,Innistrad: Crimson Vow,157,normal,common,5,64229,5eb3a08e-1d31-4ab9-854f-a86b060696ec,0.04,false,false,near_mint,en,USD
Fearless Fledgling,ZNR,Zendikar Rising,291,normal,uncommon,2,54534,48b8024d-a300-43cb-9dde-6b4cb1fa19f7,0.1,false,false,near_mint,en,USD
Fearless Halberdier,M20,Core Set 2020,329,normal,common,2,45131,89f08297-f477-4330-a99e-3f0847c31364,0.11,false,false,near_mint,en,USD
Feast of Sanity,MH2,Modern Horizons 2,84,normal,uncommon,1,59712,9f71309d-1b62-461d-b939-87f2932937a7,0.15,false,false,near_mint,en,USD
Feebleness,TSR,Time Spiral Remastered,116,normal,common,1,57561,265960a9-bea6-4111-b9a7-b6a37194b1c5,0.04,false,false,near_mint,en,USD
Feed the Infection,ONE,Phyrexia: All Will Be One,93,normal,uncommon,2,78735,9f013a1a-d4b9-4380-9802-c299ee6c4492,0.08,false,false,near_mint,en,USD
Feed the Swarm,TDC,Tarkir: Dragonstorm Commander,180,normal,common,3,104872,a776f96b-01bf-430a-b1ad-9f4651070610,0.18,false,false,near_mint,en,USD
Felhide Minotaur,THS,Theros,87,normal,common,2,15577,b4e424de-81be-4f90-a7a2-4102c8ba8989,0.04,false,false,near_mint,en,USD
Felidar Retreat,FDN,Foundations,574,normal,rare,1,100801,89e3cc09-5057-4c05-88fc-d6cda809fc74,1.84,false,false,near_mint,en,USD
Fell the Pheasant,ELD,Throne of Eldraine,153,normal,common,1,46185,33d3cc84-7cb6-4de2-9018-4695a3b1e099,0.05,false,false,near_mint,en,USD
Fell the Profane // Fell Mire,MH3,Modern Horizons 3,244,normal,uncommon,1,94566,a3cb782d-c459-468d-9779-9b5669abc337,4.75,false,false,near_mint,en,USD
Fellwar Stone,TDC,Tarkir: Dragonstorm Commander,318,normal,uncommon,1,104965,ce55e00c-cd95-48eb-986e-edf5125f3534,1.0,false,false,near_mint,en,USD
"Felothar, Dawn of the Abzan",TDM,Tarkir: Dragonstorm,358,normal,rare,1,104830,9c4f9d0f-11fa-4986-a7e8-64a922681906,0.19,false,false,near_mint,en,USD
Fencing Ace,CMM,Commander Masters,23,normal,uncommon,1,84649,994094f8-e175-4e2e-aa39-c096f0ed9e6a,0.03,false,false,near_mint,en,USD
Feral Deathgorger // Dusk Sight,TDM,Tarkir: Dragonstorm,80,normal,common,1,104845,a147b94f-dfcf-44ce-8a73-b2fe6c4efc0e,0.03,false,false,near_mint,en,USD
Ferocious Tigorilla,IKO,Ikoria: Lair of Behemoths,115,normal,common,1,49962,5976e8d8-5122-4423-b3eb-61170390ad7a,0.05,false,false,near_mint,en,USD
Ferocity of the Wilds,ELD,Throne of Eldraine,123,normal,uncommon,1,46215,8f7005fd-5917-4f7d-9a7d-7ccc044d0f87,0.18,false,false,near_mint,en,USD
Ferrous Lake,TDC,Tarkir: Dragonstorm Commander,361,normal,rare,1,104583,4105785e-cbaa-4017-ae93-ba5ac8f2fd4c,0.2,false,false,near_mint,en,USD
Ferrous Lake,PIP,Fallout,148,normal,rare,1,91828,0406ff96-419b-44bc-b836-a39eaa55ae78,0.3,false,false,near_mint,en,USD
Fertile Ground,PIP,Fallout,198,normal,common,1,92413,88d3b2bb-2be0-4de9-9de0-1a07da693e4f,0.28,false,false,near_mint,en,USD
Fervent Charge,PIP,Fallout,215,normal,rare,1,92780,dd2a0286-a16d-4e48-a295-da8232ddc9c7,0.21,false,false,near_mint,en,USD
Festival Crasher,INR,Innistrad Remastered,153,normal,common,5,102800,d8d050c1-ae0c-46c1-8aa7-7cde4606105b,0.05,false,false,near_mint,en,USD
Fetid Heath,FIC,Final Fantasy Commander,391,normal,rare,2,105936,5277f73d-b964-4ce6-823d-ce0fbf0a2d28,0.35,false,false,near_mint,en,USD
Fetid Imp,M21,Core Set 2021,98,normal,common,1,50813,56a95546-c45a-4da5-b1e8-d5658b5b7d53,0.04,false,false,near_mint,en,USD
Fetid Pools,PIP,Fallout,265,normal,rare,1,91921,1ae00e88-0dfc-477a-a982-0187efe753f2,0.15,false,false,near_mint,en,USD
Field Creeper,M19,Core Set 2019,234,normal,common,1,1078,e148c1bf-84a2-48cd-882e-ad0fd74b8f0f,0.05,false,false,near_mint,en,USD
Field of Ruin,THB,Theros Beyond Death,242,normal,uncommon,1,46820,3e84e179-9d59-4d08-8a36-51ad2fc32ae3,0.18,false,false,near_mint,en,USD
Field Research,ZNR,Zendikar Rising,58,normal,common,2,54680,a48c3a2f-678b-4e70-a53f-258457d88d29,0.04,false,false,near_mint,en,USD
Fiend Hunter,INR,Innistrad Remastered,22,normal,uncommon,1,102849,f606cf4d-e29b-415a-956c-b148045c44e9,0.13,false,false,near_mint,en,USD
Fierce Empath,FDN,Foundations,636,normal,common,1,100290,28a1dd7f-2e42-4062-a941-b489b98a49fc,0.12,false,false,near_mint,en,USD
Fierce Retribution,VOW,Innistrad: Crimson Vow,13,normal,common,1,64324,9597b163-5c6b-4f64-b1f1-5f1fa2e23e5d,0.05,false,false,near_mint,en,USD
Fiery Annihilation,FDN,Foundations,86,normal,uncommon,1,100523,54fe00aa-d284-48f9-b5a2-1bd4c5fa8e58,0.11,false,false,near_mint,en,USD
Fiery Fall,2X2,Double Masters 2022,109,normal,common,1,70094,1ed3229f-40ab-420d-a41a-57f1ff8ab7ad,0.02,false,false,near_mint,en,USD
Fiery Intervention,DOM,Dominaria,118,normal,common,3,2158,67f36a25-3692-4f2e-a25e-84b90656e6a4,0.02,false,false,near_mint,en,USD
Fiery Temper,INR,Innistrad Remastered,154,normal,uncommon,2,102450,1d3a3a1d-c393-4a57-8a0e-5907d1722331,0.17,false,false,near_mint,en,USD
Fight On!,FIN,Final Fantasy,100,normal,common,5,106673,e1b0739a-dcc4-4034-96d7-69e551b2f36b,0.1,false,false,near_mint,en,USD
Fight Rigging,FIC,Final Fantasy Commander,303,normal,rare,1,106232,ed314c9c-ce86-4782-981f-7956ceca564c,0.13,false,false,near_mint,en,USD
Fight with Fire,DOM,Dominaria,119,normal,uncommon,2,2157,72c94d7a-cad7-438f-bc96-e6a7158ab0e6,0.07,false,false,near_mint,en,USD
Fighter Class,AFR,Adventures in the Forgotten Realms,222,normal,rare,1,60452,d54a8329-b940-42c9-8ace-1d74407d14cb,7.74,false,false,near_mint,en,USD
Filigree Crawler,AER,Aether Revolt,150,normal,common,1,6264,8d8e817c-079e-4e7c-a8ca-54634f30bf36,0.08,false,false,near_mint,en,USD
Filigree Racer,M3C,Modern Horizons 3 Commander,108,normal,rare,1,94716,1ea6bb35-be74-4d42-96d3-bb7070054140,0.07,false,false,near_mint,en,USD
Final Act,M3C,Modern Horizons 3 Commander,104,normal,rare,1,94268,0991db5d-2aba-467f-9044-c11e024d5d43,0.48,false,false,near_mint,en,USD
Final Flare,THB,Theros Beyond Death,134,normal,common,1,46928,f0c95dee-a480-4878-a967-9e46be9ee372,0.04,false,false,near_mint,en,USD
Final Judgment,FIC,Final Fantasy Commander,243,normal,mythic,1,105904,438a7db0-8005-46ac-8dd1-e7e364fd2ba7,0.22,false,false,near_mint,en,USD
Finale of Glory,CLU,Ravnica: Clue Edition,61,normal,mythic,1,90695,1e71b0fb-2d36-4b81-bd5b-c3fd083e3e97,1.07,false,false,near_mint,en,USD
Find the Path,AFR,Adventures in the Forgotten Realms,183,normal,common,4,60249,5afe37a0-ccc3-467a-b787-304465b38355,0.04,false,false,near_mint,en,USD
Fire Magic,FIN,Final Fantasy,136,normal,uncommon,4,105601,415ff6a5-61ef-4b37-ae08-e44476300d4a,0.7,false,false,near_mint,en,USD
Fire-Lit Thicket,FIC,Final Fantasy Commander,392,normal,rare,1,106140,bcab849e-336d-490f-8dd2-0936fba2afbe,1.45,false,false,near_mint,en,USD
Firebrand Archer,FDN,Foundations,196,normal,common,1,101630,fe0312f1-4c98-4b7f-8a34-0059ea80edef,0.18,false,false,near_mint,en,USD
Firemane Angel,GK1,GRN Guild Kit,88,normal,rare,1,58,a74cd41b-8718-4b20-94b5-ebd1558469f3,0.28,false,false,near_mint,en,USD
Firemane Avenger,CLU,Ravnica: Clue Edition,189,normal,rare,1,91174,c04d0f5a-b1e4-490d-b119-95378535ac5d,0.26,false,false,near_mint,en,USD
Firemane Commando,MOC,March of the Machine Commander,73,normal,rare,1,81339,426a50de-13bb-4481-8643-ad492d3fc84a,6.49,false,false,near_mint,en,USD
Fireshrieker,PIP,Fallout,232,normal,uncommon,1,92043,34cda06f-b935-4a40-aae5-9fcf7966e68c,0.26,false,false,near_mint,en,USD
Firmament Sage,MID,Innistrad: Midnight Hunt,53,normal,uncommon,1,63370,9db186a1-3dc5-4ed2-8cd4-1e4f13094885,0.1,false,false,near_mint,en,USD
First Day of Class,STX,Strixhaven: School of Mages,102,normal,common,2,57989,091eb13d-9318-4b12-9f94-6276b11981d1,0.18,false,false,near_mint,en,USD
First Response,CMR,Commander Legends,22,normal,uncommon,1,55540,0270f9f2-9afe-4bbb-b14c-0e2da7f54dfc,0.08,false,false,near_mint,en,USD
Fissure Wizard,ZNR,Zendikar Rising,140,normal,common,1,54671,9fa10a18-5059-46ab-9983-0ea78b507331,0.08,false,false,near_mint,en,USD
Fists of the Anvil,10E,Tenth Edition,201,normal,common,2,25877,5fab4a7e-ef8a-4f38-b659-5598a2ead833,0.14,false,false,near_mint,en,USD
Flame Discharge,NEO,Kamigawa: Neon Dynasty,142,normal,uncommon,1,66640,0b44534f-d10c-4754-8585-5fe9db5fd4ea,0.03,false,false,near_mint,en,USD
Flame Spill,IKO,Ikoria: Lair of Behemoths,117,normal,uncommon,1,49960,b3090004-d7dd-47bc-92e5-977be4fd9ae5,0.11,false,false,near_mint,en,USD
Flame-Blessed Bolt,VOW,Innistrad: Crimson Vow,158,normal,common,3,64373,b1771a8f-7bea-4bb0-9949-566ee6613b93,0.04,false,false,near_mint,en,USD
Flames of the Firebrand,M14,Magic 2014,139,normal,uncommon,1,15912,aba659ce-b15c-4af9-bba1-0fb79b23f444,0.06,false,false,near_mint,en,USD
Flametongue Kavu,DMR,Dominaria Remastered,120,normal,uncommon,1,77801,1b3a5139-3341-409e-be33-184897c7398e,0.13,false,false,near_mint,en,USD
Flawless Maneuver,CMM,Commander Masters,24,normal,rare,1,84728,ab12f69e-1491-47a8-8c46-d85bbf637ff6,16.43,false,false,near_mint,en,USD
Flayer of the Hatebound,FIC,Final Fantasy Commander,293,normal,rare,1,106261,fe233fa7-bc38-45f5-bfe5-da93877f1075,0.13,false,false,near_mint,en,USD
Fleeting Spirit,VOW,Innistrad: Crimson Vow,14,normal,uncommon,2,64433,db9d80f7-9742-4437-a9f4-6717a678f935,0.1,false,false,near_mint,en,USD
Flensing Raptor,ONE,Phyrexia: All Will Be One,12,normal,common,2,78408,134aecf0-dc48-4fb3-8c8b-4e5272077856,0.07,false,false,near_mint,en,USD
Fleshless Gladiator,ONE,Phyrexia: All Will Be One,94,normal,common,3,78389,0b2a32c9-f0ae-4ae4-a5c5-72bea05018fb,0.03,false,false,near_mint,en,USD
Flicker of Fate,THB,Theros Beyond Death,16,normal,common,1,47046,59e19bac-176c-4e37-bfc8-27c00de7c37f,0.24,false,false,near_mint,en,USD
Flight of Fancy,UMA,Ultimate Masters,54,normal,common,1,43445,4b770973-2061-44cb-8c02-b2251d711e92,0.06,false,false,near_mint,en,USD
Fling,ELD,Throne of Eldraine,126,normal,common,2,46212,cb28fe03-8269-41de-b766-42c3421aeaef,0.07,false,false,near_mint,en,USD
Flip the Switch,MID,Innistrad: Midnight Hunt,54,normal,common,1,63263,5cdbe4e3-f030-46fa-ae84-edf261b61706,0.05,false,false,near_mint,en,USD
Flood of Recollection,CMR,Commander Legends,61,normal,common,1,55873,c14a5b69-ce04-40fc-9933-20b16537de24,0.07,false,false,near_mint,en,USD
Flooded Grove,FIC,Final Fantasy Commander,393,normal,rare,1,106004,7b280a73-9246-4da4-8fc1-a5683edd8aab,0.23,false,false,near_mint,en,USD
Floodtide Serpent,BNG,Born of the Gods,41,normal,common,1,14919,7a2a4b24-096a-4d36-a872-73fa4552bb35,0.06,false,false,near_mint,en,USD
Floriferous Vinewall,M3C,Modern Horizons 3 Commander,228,normal,common,1,95022,c3c27704-7886-4cce-ad66-fb94668822c4,0.1,false,false,near_mint,en,USD
Flourishing Hunter,VOW,Innistrad: Crimson Vow,199,normal,common,5,64140,2abc54df-773d-4f46-b241-e1f42af8ab95,0.03,false,false,near_mint,en,USD
Flowstone Infusion,DMU,Dominaria United,124,normal,common,1,71711,b57c3674-9a31-4418-b306-e6b0a2514d8f,0.05,false,false,near_mint,en,USD
Focus the Mind,TDM,Tarkir: Dragonstorm,45,normal,common,1,105153,abb0ba34-6904-4c17-a04d-ea4f12c7cf21,0.04,false,false,near_mint,en,USD
Font of Progress,ONE,Phyrexia: All Will Be One,51,normal,uncommon,3,78453,272c9888-ef13-4d47-a4bc-f5239b357a1b,0.06,false,false,near_mint,en,USD
Food,TPIP,Fallout Tokens,13,normal,common,2,92619,b8a004f0-b216-41cc-904f-91eea562d485,0.21,false,false,near_mint,en,USD
Forbidden Friendship,IKO,Ikoria: Lair of Behemoths,119,normal,common,2,49958,e634baa3-2cdd-412a-9407-c347fe46f9b8,0.06,false,false,near_mint,en,USD
Foreboding Landscape,TDC,Tarkir: Dragonstorm Commander,365,normal,common,1,104970,cf53f97c-dd4c-44bd-93ba-faa6d64c985a,0.17,false,false,near_mint,en,USD
Foreboding Ruins,FIC,Final Fantasy Commander,394,normal,rare,1,106102,a7659f3f-a26a-4097-88ea-d72c3abb5e1d,0.22,false,false,near_mint,en,USD
Foresee,TSR,Time Spiral Remastered,69,normal,common,2,57583,2ecf2ee8-6b93-4757-89c4-f1e76509a217,0.12,false,false,near_mint,en,USD
Forest,FIN,Final Fantasy,308,normal,common,15,105710,c52038c8-5bba-4d8e-845f-30af44300acc,0.19,false,false,near_mint,en,USD
Forest,VOW,Innistrad: Crimson Vow,277,normal,common,1,64455,e8760175-e9bb-4ef9-87ca-591d1edd5163,0.23,false,false,near_mint,en,USD
Forest,ZNR,Zendikar Rising,280,normal,common,12,54788,e2ef9b74-481b-424b-8e33-f0b910f66370,0.28,false,false,near_mint,en,USD
Forest,TDM,Tarkir: Dragonstorm,276,normal,common,2,104283,48811e13-5774-4da1-95ec-6ea5dc4976ad,0.96,false,false,near_mint,en,USD
Forest,CMA,Commander Anthology,318,normal,common,5,4968,329ae876-a7ed-43e4-9ed9-ac71191ba8d2,2.05,false,false,near_mint,en,USD
Forest,PIP,Fallout,326,normal,common,5,92063,3a1e5ef3-790d-4f45-a264-157448bab2e8,0.17,false,false,near_mint,en,USD
Forest,ONE,Phyrexia: All Will Be One,271,normal,common,9,78244,b6ec4ded-7c8d-416a-9a12-3e5d6c91ac93,0.52,false,false,near_mint,en,USD
Foretell,TFIC,Final Fantasy Commander Tokens,10,normal,common,1,105850,207b3d62-2541-4a51-8152-3c54218ab6f7,,false,false,near_mint,en,USD
Forge of Heroes,FIC,Final Fantasy Commander,395,normal,common,1,106002,7ac60dfc-040e-4cc1-a967-3c915770fc8e,0.13,false,false,near_mint,en,USD
Forgehammer Centurion,ONE,Phyrexia: All Will Be One,130,normal,common,3,78833,c4c2c914-e9a7-450b-88d9-8885fe0f6643,0.03,false,false,near_mint,en,USD
Forgotten Ancient,FIC,Final Fantasy Commander,304,normal,rare,1,106197,de0f3be6-4e5b-4186-af49-fe3dadadcd01,0.32,false,false,near_mint,en,USD
Forgotten Cave,BLC,Bloomburrow Commander,305,normal,common,1,96511,e8ae2de4-0460-40b4-aa41-70f95919923e,0.11,false,false,near_mint,en,USD
Forgotten Creation,DRC,Aetherdrift Commander,77,normal,rare,1,102966,2ff3a5b6-b39a-45d0-a8f5-1447776bfe74,0.17,false,false,near_mint,en,USD
Fortified Village,FIC,Final Fantasy Commander,396,normal,rare,2,105825,1028b210-db71-4bbd-8bd7-59dc4032f426,0.11,false,false,near_mint,en,USD
Fortify,TSR,Time Spiral Remastered,18,normal,common,2,57811,b47af529-6ba1-4900-a6f6-7647c9632e11,0.03,false,false,near_mint,en,USD
Fortifying Draught,STX,Strixhaven: School of Mages,132,normal,uncommon,1,58132,6789b717-a000-464a-a39b-32c1aeefe560,0.06,false,false,near_mint,en,USD
Fortifying Provisions,ELD,Throne of Eldraine,13,normal,common,1,46325,98ce113c-53da-4fab-b7c9-fc3df248b65e,0.03,false,false,near_mint,en,USD
Foul Play,MID,Innistrad: Midnight Hunt,101,normal,uncommon,1,63334,87e4b75c-e993-4983-8933-977be314bba6,0.04,false,false,near_mint,en,USD
Foundry Helix,MH2,Modern Horizons 2,196,normal,common,1,59701,9c54b7c6-f94c-4349-8725-319c54240409,0.03,false,false,near_mint,en,USD
Fountainport Bell,BLB,Bloomburrow,245,normal,common,2,96094,a5c94bc0-a49d-451b-8e8d-64d46b8b8603,0.07,false,false,near_mint,en,USD
Fractal Summoning,STX,Strixhaven: School of Mages,187,normal,common,1,58322,cc3f1f7e-eb19-49c1-a1ee-93b85ac8815c,0.08,false,false,near_mint,en,USD
Frantic Search,TDC,Tarkir: Dragonstorm Commander,153,normal,common,2,104847,a1c71f3e-16be-492a-8a3e-5911867270bd,0.46,false,false,near_mint,en,USD
Free from Flesh,ONE,Phyrexia: All Will Be One,131,normal,common,3,78470,2c83600d-ea4d-4219-8dbb-34c4215a2005,0.03,false,false,near_mint,en,USD
Frenzied Devils,VOW,Innistrad: Crimson Vow,159,normal,uncommon,1,64379,b7912206-6de3-4085-b5f6-a2e90ea55b90,0.06,false,false,near_mint,en,USD
Frenzied Raptor,IKO,Ikoria: Lair of Behemoths,120,normal,common,3,49957,5fb22ac0-3863-4165-8c93-f2ec1775474f,0.04,false,false,near_mint,en,USD
Freya Crescent,FIN,Final Fantasy,138,normal,uncommon,3,106289,9921f646-e893-44db-ac89-0633c1009788,0.1,false,false,near_mint,en,USD
Frogify,2XM,Double Masters,52,normal,common,1,52192,d89be5f5-75d4-42a0-81e9-5da5bf868e73,0.18,false,false,near_mint,en,USD
From Father to Son,FIN,Final Fantasy,20,normal,rare,2,106421,0c730a3b-334e-466b-bb9b-4b41fce2af6d,0.23,false,false,near_mint,en,USD
Frontline Heroism,J25,Foundations Jumpstart,15,normal,rare,1,101278,e78eda51-255a-4421-9b6f-025a432e9df9,0.36,false,false,near_mint,en,USD
Frontline Rush,TDM,Tarkir: Dragonstorm,186,normal,uncommon,1,104520,2ce8a205-99d6-4a9c-83a7-18b7220177d3,0.1,false,false,near_mint,en,USD
Frostboil Snarl,DRC,Aetherdrift Commander,158,normal,rare,1,103143,85ca1a50-7627-4a6e-aaf7-83761abc31b9,0.15,false,false,near_mint,en,USD
Frostburn Weird,CLU,Ravnica: Clue Edition,193,normal,common,1,90779,32b03336-76f2-4086-b737-7cd6e30014e6,0.09,false,false,near_mint,en,USD
Fully Grown,IKO,Ikoria: Lair of Behemoths,154,normal,common,2,49923,0b683d3f-025c-4b8d-89d7-3513488649d5,0.08,false,false,near_mint,en,USD
Fuming Effigy,STX,Strixhaven: School of Mages,103,normal,common,1,58170,7ce76a38-fc5f-4e29-ba24-4a877179a62c,0.07,false,false,near_mint,en,USD
Funeral Longboat,KHM,Kaldheim,238,normal,common,1,56851,45c48042-178f-432e-9eee-10bfa1e0795f,0.04,false,false,near_mint,en,USD
Funeral Rites,THB,Theros Beyond Death,97,normal,common,1,46965,30aa6796-0cb6-426b-9e3f-4d7e4959a6a4,0.05,false,false,near_mint,en,USD
Furious Rise,FIC,Final Fantasy Commander,294,normal,uncommon,1,106104,a886ed1a-d6a4-46d2-8b97-ee4a533773fb,0.12,false,false,near_mint,en,USD
Furnace Punisher,ONE,Phyrexia: All Will Be One,291,normal,uncommon,2,78617,6f66c086-bb19-45d1-8387-17348f2c5c78,0.08,false,false,near_mint,en,USD
Furnace Skullbomb,ONE,Phyrexia: All Will Be One,228,normal,common,2,78853,cb530f9d-cf35-48a7-8711-f74b3d9a35a7,0.04,false,false,near_mint,en,USD
Furnace Strider,ONE,Phyrexia: All Will Be One,133,normal,common,2,78764,aa625ab0-1e79-4497-a5da-98fe1abfd024,0.03,false,false,near_mint,en,USD
Furycalm Snarl,M3C,Modern Horizons 3 Commander,345,normal,rare,2,94803,bc5e1636-14f0-402a-b813-62f52b0e1cbf,0.18,false,false,near_mint,en,USD
Furycalm Snarl,FIC,Final Fantasy Commander,397,normal,rare,2,105972,67e44005-d0a5-49d2-b2f7-4b991ffbb5ce,0.2,false,false,near_mint,en,USD
Futurist Sentinel,NEO,Kamigawa: Neon Dynasty,54,normal,common,1,66746,8672f626-3e46-447b-841f-6a04cd380653,0.04,false,false,near_mint,en,USD
"Fynn, the Fangbearer",FCA,Final Fantasy: Through the Ages,46,normal,uncommon,2,106372,e983925b-de9c-4a09-8bff-913301aff269,0.15,false,false,near_mint,en,USD
G'raha Tia,FIN,Final Fantasy,21,normal,uncommon,4,106501,076a8eca-ed73-4ee9-aab4-d9d43d394ee6,0.05,false,false,near_mint,en,USD
"G'raha Tia, Scion Reborn",FIC,Final Fantasy Commander,3,normal,mythic,1,105762,f90eb8ef-ad70-4d6c-9958-e6153f8599bc,0.72,false,false,near_mint,en,USD
Gaelicat,FIN,Final Fantasy,22,normal,common,5,106528,29606c49-e1a4-49c3-883b-9122c08bbbc7,0.04,false,false,near_mint,en,USD
Gaius van Baelsar,FIN,Final Fantasy,102,normal,uncommon,3,106446,a4ee8ba5-6a79-4652-b2a4-a3dae804bc28,0.12,false,false,near_mint,en,USD
Galedrifter // Waildrifter,MID,Innistrad: Midnight Hunt,55,normal,common,3,63488,eb34c472-c6ff-4d83-ac8b-a8f279593f98,0.01,false,false,near_mint,en,USD
Galuf's Final Act,FIN,Final Fantasy,186,normal,uncommon,2,106266,0ce05634-6c01-4941-a135-904cb4e33ac4,0.09,false,false,near_mint,en,USD
Galvanic Bombardment,EMN,Eldritch Moon,129,normal,common,1,8206,dc6a4367-bbee-43b8-b5dd-28498f8e2ede,0.03,false,false,near_mint,en,USD
Galvanic Discharge,MH3,Modern Horizons 3,122,normal,common,1,94401,32aa6e33-221f-414c-9b51-850d97a7e051,0.09,false,false,near_mint,en,USD
Galvanic Juggernaut,INR,Innistrad Remastered,263,normal,uncommon,1,102693,9cc1c735-22ad-4714-84e7-253df00941fa,0.04,false,false,near_mint,en,USD
Galvanic Relay,MH2,Modern Horizons 2,127,normal,common,1,59395,06373318-e548-4664-b227-17e3b6fd0a88,0.06,false,false,near_mint,en,USD
Game Trail,FIC,Final Fantasy Commander,398,normal,rare,1,105927,4d62258f-135b-44ca-a27d-3c2267f408a5,0.2,false,false,near_mint,en,USD
"Garland, Knight of Cornelia // Chaos, the Endless",FIN,Final Fantasy,221,normal,uncommon,1,103808,dd463dbe-5f2c-4d4f-86f8-ad8ff407af62,0.09,false,false,near_mint,en,USD
"Garnet, Princess of Alexandria",FIN,Final Fantasy,222,normal,uncommon,3,106638,b883df14-8d7b-4f6a-9a6a-2f71f5b6ddda,0.09,false,false,near_mint,en,USD
Gathan Raiders,TSR,Time Spiral Remastered,165,normal,common,1,57663,58c232e5-54e2-44b7-85b1-ed039a8e5a73,0.04,false,false,near_mint,en,USD
Gather the Pack,ORI,Magic Origins,178,normal,uncommon,2,10764,9a4f5b00-ac50-485f-a38a-b9f409307d5c,0.13,false,false,near_mint,en,USD
Gather the Townsfolk,INR,Innistrad Remastered,23,normal,common,1,102639,81bd1cd0-fa8c-4e93-aebe-dfde70ac002b,0.1,false,false,near_mint,en,USD
Gatta and Luzzu,FIC,Final Fantasy Commander,19,normal,rare,1,105911,4742c222-1f29-4e1a-a545-798d175255ca,0.18,false,false,near_mint,en,USD
"Gau, Feral Youth",FIC,Final Fantasy Commander,55,normal,rare,1,106025,89175ce1-0746-4ba1-970e-617d134b0527,0.12,false,false,near_mint,en,USD
Gavony Unhallowed,EMN,Eldritch Moon,89,normal,common,1,8247,21f4c713-089b-497c-8c0f-826cab10aa87,0.04,false,false,near_mint,en,USD
Geistlight Snare,INR,Innistrad Remastered,66,normal,uncommon,1,102470,293511f6-09c2-4311-a2a6-0b0b7ef65bef,0.03,false,false,near_mint,en,USD
Gelatinous Genesis,2XM,Double Masters,169,normal,uncommon,1,52129,4e5c2be0-76ab-4873-a1fc-9ff65a9347c7,0.37,false,false,near_mint,en,USD
General Leo Cristophe,FIC,Final Fantasy Commander,20,normal,rare,1,105891,39384ab7-54da-43e3-8fbc-5c171b7ca7f4,0.16,false,false,near_mint,en,USD
Generator Servant,UMA,Ultimate Masters,133,normal,common,1,43377,5ea15262-c00f-4865-bb6a-37ccb2ef62bd,0.12,false,false,near_mint,en,USD
Generous Gift,LCC,The Lost Caverns of Ixalan Commander,128,normal,uncommon,1,89060,fc70e127-ffc8-45ed-9ca3-7f9f926ac4d5,0.84,false,false,near_mint,en,USD
Generous Patron,FIC,Final Fantasy Commander,305,normal,rare,1,106040,8f4a43b9-6ee8-4b89-b204-83093fba8de4,0.2,false,false,near_mint,en,USD
Genji Glove,FIN,Final Fantasy,258,normal,rare,2,106687,f724dde1-84b0-4e3b-a9b8-44cd22bb9f79,4.35,false,false,near_mint,en,USD
Geode Rager,CLB,Commander Legends: Battle for Baldur's Gate,794,normal,rare,1,69439,1c5974dd-78fc-4bfb-8678-72041c797584,1.9,false,false,near_mint,en,USD
Geothermal Bog,DSC,Duskmourn: House of Horror Commander,278,normal,common,1,99197,6da04570-5d3c-4e9f-a9c1-20589a4bcc24,0.15,false,false,near_mint,en,USD
Geothermal Bog,FIC,Final Fantasy Commander,399,normal,common,1,106185,d504caa5-e557-4e69-8899-44760b88f076,0.14,false,false,near_mint,en,USD
Geothermal Kami,NEO,Kamigawa: Neon Dynasty,186,normal,common,1,66370,559d7162-39fc-4d99-8c5f-b40a765b883a,0.03,false,false,near_mint,en,USD
Ghastly Demise,CMR,Commander Legends,129,normal,common,1,55750,7fcfe11a-fcc9-41e1-91ef-755bb4e22389,0.06,false,false,near_mint,en,USD
Ghastly Gloomhunter,ZNR,Zendikar Rising,103,normal,common,1,54818,f272ac54-fea8-4044-83e2-f8fdc10f467d,0.06,false,false,near_mint,en,USD
Ghor-Clan Rampager,2XM,Double Masters,198,normal,uncommon,1,52125,4aae3f29-dde8-4880-b675-75468d53b3f4,0.06,false,false,near_mint,en,USD
Ghost of Ramirez DePietro,LCC,The Lost Caverns of Ixalan Commander,157,normal,uncommon,1,88302,15e649e1-dcb3-41d9-8055-cf3c98e25b1e,0.09,false,false,near_mint,en,USD
Ghost-Lit Drifter,MH2,Modern Horizons 2,45,normal,uncommon,1,59571,5a8cd89e-d849-4107-a629-98eae4c91489,0.02,false,false,near_mint,en,USD
Ghostblade Eidolon,C15,Commander 2015,70,normal,uncommon,1,9966,0795101e-07d9-419a-adca-3eb57536fd5f,0.28,false,false,near_mint,en,USD
Ghostly Prison,TDC,Tarkir: Dragonstorm Commander,116,normal,uncommon,1,104997,da3b83cb-f778-4096-9022-b1d6637354ff,4.96,false,false,near_mint,en,USD
Ghoulcaller's Accomplice,UMA,Ultimate Masters,96,normal,common,2,43408,4e27974c-1279-486f-8e14-b326cd90cb06,0.07,false,false,near_mint,en,USD
Ghoulcaller's Bell,ISD,Innistrad,224,normal,common,1,18674,863e7c2a-698c-4dce-a10b-ca58e4affa57,0.18,false,false,near_mint,en,USD
"Giada, Font of Hope",SNC,Streets of New Capenna,14,normal,rare,1,67973,bae077bd-fc8d-44d7-8c75-8dc8699c168e,1.17,false,false,near_mint,en,USD
Giant Dustwasp,TSR,Time Spiral Remastered,206,normal,common,2,57850,c8aec78a-9fd4-4cf9-a9ec-e234f6a552e4,0.05,false,false,near_mint,en,USD
Giant Opportunity,ELD,Throne of Eldraine,159,normal,uncommon,1,46179,40383646-3fc4-4267-b9ad-bf90a85972fc,0.12,false,false,near_mint,en,USD
Gideon Jura,CMM,Commander Masters,822,normal,mythic,1,84928,d608df31-bcc6-4fec-89f1-5cefe5c2ec99,0.25,false,false,near_mint,en,USD
Gift of Fangs,VOW,Innistrad: Crimson Vow,113,normal,common,2,64361,a864375f-99c3-4c68-9440-bc25ff6d0dc0,0.08,false,false,near_mint,en,USD
Gift of Paradise,C21,Commander 2021,191,normal,common,1,58781,48273e83-139a-43a4-9bb8-171d3620da60,0.14,false,false,near_mint,en,USD
Gift of Tusks,OGW,Oath of the Gatewatch,55,normal,uncommon,1,9327,3821122c-c495-42b0-b8f6-3f469967f16d,0.09,false,false,near_mint,en,USD
Gigantoad,FIN,Final Fantasy,187,normal,common,5,106642,bc10d648-4053-460f-bc52-9c20477bf6de,0.04,false,false,near_mint,en,USD
Gilded Pinions,SNC,Streets of New Capenna,238,normal,common,1,68038,dca8554a-f74c-4d2d-95b6-ef6e74431d7c,0.07,false,false,near_mint,en,USD
Gilt-Blade Prowler,MH2,Modern Horizons 2,86,normal,common,1,59488,32a8cf47-cfe4-4a11-a57d-bebeb2fae437,0.05,false,false,near_mint,en,USD
"Gimli, Mournful Avenger",LTR,The Lord of the Rings: Tales of Middle-earth,209,normal,rare,1,83579,df4be38c-3f93-4ff4-bff4-94753b96f2f3,0.14,false,false,near_mint,en,USD
"Giott, King of the Dwarves",FIN,Final Fantasy,223,normal,uncommon,2,106565,6a7784de-a10d-4ce6-98a5-aaf3e85773b6,0.06,false,false,near_mint,en,USD
Gisa's Bidding,INR,Innistrad Remastered,111,normal,common,1,102557,5ad2fdbf-4a68-42e8-9c4f-7a075261ddf8,0.05,false,false,near_mint,en,USD
Gitaxian Anatomist,ONE,Phyrexia: All Will Be One,52,normal,common,2,78586,63517062-77da-4b60-aa24-f91553a81bed,0.04,false,false,near_mint,en,USD
Gitaxian Raptor,ONE,Phyrexia: All Will Be One,53,normal,common,1,78538,4f5e95f8-c04d-405f-bba4-e83a8f6bf463,0.04,false,false,near_mint,en,USD
Glacial Fortress,LTC,Tales of Middle-earth Commander,315,normal,rare,1,82996,381dee46-94c0-4b56-a752-fc0a1e651143,0.31,false,false,near_mint,en,USD
Glacial Fortress,EOC,Edge of Eternities Commander,160,normal,rare,1,107308,a1fc8d86-b118-46e3-92a5-8cbf2ca282f7,0.24,false,false,near_mint,en,USD
Glacial Fortress,FIC,Final Fantasy Commander,400,normal,rare,2,106188,d75d748f-38c3-4a7f-8211-db62d5314180,0.23,false,false,near_mint,en,USD
Glacial Fortress,PIP,Fallout,266,normal,rare,1,92524,9f303a30-e3d9-4b31-aa67-608a627fc6ff,0.31,false,false,near_mint,en,USD
"Glacian, Powerstone Engineer",CMR,Commander Legends,72,normal,uncommon,2,55821,a736df42-18e9-4259-b0b8-54d21143e72e,0.07,false,false,near_mint,en,USD
Gladiolus Amicitia,FIN,Final Fantasy,224,normal,uncommon,2,105177,442957fc-045d-4db6-b82a-445f172d23e4,0.15,false,false,near_mint,en,USD
Glamorous Outlaw,SNC,Streets of New Capenna,190,normal,common,1,67723,452abab0-cf23-4b9d-831a-7b9fa1fd582a,0.05,false,false,near_mint,en,USD
Glassdust Hulk,2XM,Double Masters,199,normal,uncommon,1,52102,215a8c38-c968-4337-88b3-b0b03b249a4b,0.13,false,false,near_mint,en,USD
Gleaming Barrier,FDN,Foundations,252,normal,common,2,101479,1b49b009-e6f2-494a-9235-f5c25c2d70a9,0.05,false,false,near_mint,en,USD
Gleeful Arsonist,DSC,Duskmourn: House of Horror Commander,27,normal,rare,1,99320,bbb2956c-ef76-4e80-81d4-7f1ce6841d37,3.42,false,false,near_mint,en,USD
Gleeful Demolition,ONE,Phyrexia: All Will Be One,134,normal,uncommon,1,78745,a3e4efa6-5783-4a51-99c6-116d1a8f01cf,0.12,false,false,near_mint,en,USD
Glidedive Duo,BLB,Bloomburrow,96,normal,common,1,96026,4831e7ae-54e3-4bd9-b5af-52dc29f81715,0.07,false,false,near_mint,en,USD
Glimmer Bairn,MH2,Modern Horizons 2,163,normal,common,1,59384,03250752-bd85-485a-b19a-fa344c4ffd50,0.07,false,false,near_mint,en,USD
Glimmer Lens,ONC,Phyrexia: All Will Be One Commander,6,normal,rare,1,78848,c9262000-e6f3-4da1-ad1c-038f65d3bef6,1.97,false,false,near_mint,en,USD
Glimmer of Genius,DRC,Aetherdrift Commander,78,normal,uncommon,1,103170,913bb5da-57b7-44c0-9c6e-630ae71c4b1b,0.03,false,false,near_mint,en,USD
Glimmer of Genius,PIP,Fallout,176,normal,uncommon,1,92132,49d84305-2143-470a-bf1f-12fb6d4d63b9,0.05,false,false,near_mint,en,USD
Glimmerbell,IKO,Ikoria: Lair of Behemoths,53,normal,common,2,50024,54f71f8a-546a-465e-a254-09a3ae873ef4,0.04,false,false,near_mint,en,USD
Glint,DTK,Dragons of Tarkir,55,normal,common,1,11759,35fa105f-c76b-4fd0-9b83-34b46648e0d6,0.06,false,false,near_mint,en,USD
Glinting Creeper,MH2,Modern Horizons 2,164,normal,uncommon,1,59429,1bad2438-0b98-4b07-bba9-dff26aa1fc3a,0.03,false,false,near_mint,en,USD
Glistener Seer,ONE,Phyrexia: All Will Be One,54,normal,common,1,78825,c22aaaec-bad5-43e9-8e92-9c4bde95fcfd,0.06,false,false,near_mint,en,USD
Glittering Frost,KHM,Kaldheim,171,normal,common,1,57080,c60fbc33-6198-4661-967e-cc94f2788e4a,0.04,false,false,near_mint,en,USD
Glittermonger,SNC,Streets of New Capenna,149,normal,common,2,67628,1a3d70d2-0604-41b3-8dd1-bfeb05832271,0.07,false,false,near_mint,en,USD
Gloom Stalker,AFR,Adventures in the Forgotten Realms,16,normal,common,17,60209,388722ad-dcc6-41b9-afd8-a93be91b30e0,0.08,false,false,near_mint,en,USD
Gloryscale Viashino,2X2,Double Masters 2022,219,normal,uncommon,1,70262,63c0e48e-e0a4-4a45-8d82-2ab56fee7246,0.07,false,false,near_mint,en,USD
Gluttonous Guest,INR,Innistrad Remastered,112,normal,common,2,102464,25e98125-6c36-4571-afc5-2d018750eb57,0.06,false,false,near_mint,en,USD
Gluttonous Guest,VOW,Innistrad: Crimson Vow,292,normal,common,5,64260,6d6abfce-ffe0-4506-89f9-41c2820b188f,0.07,false,false,near_mint,en,USD
Gnarlroot Trapper,ORI,Magic Origins,100,normal,uncommon,1,10842,e05572ba-3a26-41f5-96c1-960ec9367178,0.13,false,false,near_mint,en,USD
Gnoll Hunter,AFR,Adventures in the Forgotten Realms,326,normal,common,7,60158,11b8a1e6-a649-4be1-8899-104fffdb2dff,0.08,false,false,near_mint,en,USD
Gnottvold Recluse,KHM,Kaldheim,172,normal,common,1,57041,af46c8c8-5dfa-4ebb-b0b9-cd25d01dd432,0.06,false,false,near_mint,en,USD
Gnottvold Slumbermound,KHM,Kaldheim,258,normal,uncommon,1,56937,735470df-65d8-43e9-837e-4869c8e4f052,0.09,false,false,near_mint,en,USD
Go for Blood,IKO,Ikoria: Lair of Behemoths,122,normal,common,1,49955,67315df9-99a1-45ba-8ade-ddc476368a86,0.03,false,false,near_mint,en,USD
Go-Shintai of Lost Wisdom,NEO,Kamigawa: Neon Dynasty,55,normal,uncommon,1,66739,7ec1192c-25b8-4975-ae6c-86be28ac1840,0.36,false,false,near_mint,en,USD
Goblin Anarchomancer,MH2,Modern Horizons 2,200,normal,common,1,59593,633a3423-501d-4b22-95a6-743233be521e,0.78,false,false,near_mint,en,USD
Goblin Blastronauts,UNF,Unfinity,109,normal,uncommon,1,72913,c2f4263e-4630-4e22-b3b5-d2abf829567d,0.06,false,false,near_mint,en,USD
Goblin Construct,TZNR,Zendikar Rising Tokens,11,normal,common,1,54705,b24a63e2-c2b3-43f8-a15a-68886bec7d60,0.21,false,false,near_mint,en,USD
Goblin Electromancer,TDC,Tarkir: Dragonstorm Commander,99,normal,common,1,104923,bd9eca71-2430-4112-a23a-fba76ca2efb4,0.15,false,false,near_mint,en,USD
Goblin Gathering,RNA,Ravnica Allegiance,104,normal,common,1,43760,147bef05-4497-44d5-9dd6-fb5dc08e78f7,0.08,false,false,near_mint,en,USD
Goblin Girder Gang,UNF,Unfinity,111,normal,uncommon,1,72665,1cff141a-6202-436c-ac91-bc3a357aa25e,0.04,false,false,near_mint,en,USD
Goblin Glory Chaser,DDT,Duel Decks: Merfolk vs. Goblins,43,normal,uncommon,2,3668,07679f88-4bbe-46e1-9b24-3b9f5670860f,0.17,false,false,near_mint,en,USD
Goblin Javelineer,AFR,Adventures in the Forgotten Realms,318,normal,common,8,60149,0bf573ba-6471-434b-88fd-c9caa539515a,0.06,false,false,near_mint,en,USD
Goblin Trailblazer,CMR,Commander Legends,182,normal,common,2,56194,ca382425-2454-4300-b903-fdefd31582d3,0.05,false,false,near_mint,en,USD
Goblin War Paint,MM2,Modern Masters 2015,115,normal,common,2,11102,52aedc52-8fc9-4a5d-af42-f9db684c3003,0.06,false,false,near_mint,en,USD
"Godo, Bandit Warlord",FCA,Final Fantasy: Through the Ages,13,normal,rare,1,106632,b24b733e-f98a-4ae1-9e54-eb416dea7cf6,1.54,false,false,near_mint,en,USD
"Gogo, Mysterious Mime",FIC,Final Fantasy Commander,56,normal,rare,1,105819,0db05dc8-03f8-4ab4-9ca3-2aaaa0099eb4,2.39,false,false,near_mint,en,USD
"Gohn, Town of Ruin",FIN,Final Fantasy,278,normal,common,4,106602,99582781-613e-4a33-aec7-7569b4a961aa,0.09,false,false,near_mint,en,USD
"Golbez, Crystal Collector",FIN,Final Fantasy,225,normal,rare,2,106584,849f5716-7211-4e93-a220-f88d49f937f4,0.29,false,false,near_mint,en,USD
Gold-Forged Sentinel,BBD,Battlebond,236,normal,uncommon,1,1757,ca1bcaee-52bf-4000-8ffa-ee5e04703de6,0.07,false,false,near_mint,en,USD
Gold-Forged Thopteryx,MAT,March of the Machine: The Aftermath,31,foil,uncommon,1,82544,6917d51b-eb61-4e7e-8336-8b4adf8d1e39,0.26,false,false,near_mint,en,USD
Golden Argosy,DMU,Dominaria United,230,normal,rare,1,71870,f8611a53-e54e-4625-8e28-03511f1550e8,0.51,false,false,near_mint,en,USD
Golden Egg,ELD,Throne of Eldraine,220,normal,common,6,46118,525142c3-f17c-4e02-a02d-fa385215aa12,0.13,false,false,near_mint,en,USD
Golden Ratio,STX,Strixhaven: School of Mages,190,normal,uncommon,1,58122,626fbddb-3963-4dd2-8507-9777ed66bbbc,0.08,false,false,near_mint,en,USD
Goldmire Bridge,MOC,March of the Machine Commander,407,normal,common,1,81596,3235954d-a1b1-4822-b177-1691347d1e58,0.53,false,false,near_mint,en,USD
Goldnight Commander,TDC,Tarkir: Dragonstorm Commander,117,normal,uncommon,1,104777,854ee15f-bf36-4b80-9717-6e6f02da790e,0.39,false,false,near_mint,en,USD
Goldwarden's Helm,ONE,Phyrexia: All Will Be One,13,normal,common,1,78947,f4057210-ef07-4496-94c8-95c3b807c23c,0.03,false,false,near_mint,en,USD
Goldwardens' Gambit,ONC,Phyrexia: All Will Be One Commander,13,normal,rare,1,78393,0cb7f413-f9b9-4b1c-898a-c49c571613f0,0.28,false,false,near_mint,en,USD
Golem Artisan,CMR,Commander Legends,311,normal,uncommon,4,55646,441a3345-2507-46ed-bdb3-c5c45d17da51,0.06,false,false,near_mint,en,USD
Golgari Rot Farm,TDC,Tarkir: Dragonstorm Commander,368,normal,uncommon,1,104881,acc5821d-e31f-4f5d-b4d0-e471db7dee7f,0.15,false,false,near_mint,en,USD
Goma Fada Vanguard,ZNR,Zendikar Rising,141,normal,uncommon,1,54755,ce83962b-445a-4b44-ad8a-fada2c0a15b8,0.08,false,false,near_mint,en,USD
"Gongaga, Reactor Town",FIN,Final Fantasy,280,normal,common,6,106580,7beccfa6-3e4b-4460-954e-870cb39e462d,0.08,false,false,near_mint,en,USD
Gonti's Aether Heart,M3C,Modern Horizons 3 Commander,294,normal,mythic,1,94798,b2a3ac21-5e37-40c4-934a-4b00a5562b0e,0.53,false,false,near_mint,en,USD
Goobbue Gardener,FIN,Final Fantasy,188,normal,common,6,106636,b7c3544a-5dd5-423e-8a40-ac4803db8adc,0.04,false,false,near_mint,en,USD
Gorgon Recluse,TSR,Time Spiral Remastered,117,normal,common,1,57803,b0bf2a33-0eb6-4898-a0fb-f5afb47ea1aa,0.06,false,false,near_mint,en,USD
Gossamer Phantasm,TSR,Time Spiral Remastered,70,normal,common,3,57828,bf05ed80-8abf-4c2c-97d7-a96961c35f35,0.14,false,false,near_mint,en,USD
"Graaz, Unstoppable Juggernaut",ONE,Phyrexia: All Will Be One,229,normal,rare,1,78905,e0e73b63-17cc-4dca-abd6-728b74bc37a8,0.97,false,false,near_mint,en,USD
Graf Rats,INR,Innistrad Remastered,113,normal,uncommon,1,101894,f830ede6-ddbf-49b9-80cd-e3dbeccbf208,0.1,false,false,near_mint,en,USD
Gran Pulse Ochu,FIN,Final Fantasy,189,normal,common,8,106547,4dced21f-478c-4500-9484-af5864dea5cc,0.05,false,false,near_mint,en,USD
Grasp of the Hieromancer,E01,Archenemy: Nicol Bolas,13,normal,common,1,4921,1df9aa51-dfd7-4e8a-a9f4-113b728b45de,0.15,false,false,near_mint,en,USD
Grateful Apparition,FIC,Final Fantasy Commander,244,normal,uncommon,1,105989,755e0d2b-9a5e-4a13-b085-13c33e120de0,0.16,false,false,near_mint,en,USD
Grave Scrabbler,TSR,Time Spiral Remastered,118,normal,common,1,57885,d6c53e52-8d63-4628-bfb9-8abe4c7c7f4a,0.07,false,false,near_mint,en,USD
Gravedigger,M19,Core Set 2019,98,normal,uncommon,1,1214,3c6d2a84-5e47-4f7a-83f7-ee4e670980c7,0.04,false,false,near_mint,en,USD
Gravelgill Duo,SHM,Shadowmoor,165,normal,common,1,24701,f2fd4959-bfff-46dc-b568-b6d69ef8eac9,0.15,false,false,near_mint,en,USD
Graven Cairns,FIC,Final Fantasy Commander,401,normal,rare,1,106006,7f33cce1-1484-43da-a825-b090eb5403a4,1.94,false,false,near_mint,en,USD
Grazing Gladehart,DDP,Duel Decks: Zendikar vs. Eldrazi,14,normal,common,1,10551,06dda49d-25a2-4fa3-80f2-0d784e1ad30f,0.21,false,false,near_mint,en,USD
Grazing Kelpie,EVE,Eventide,153,normal,common,1,24398,68ccef2d-9a1f-4011-89e1-911bcc109b9d,0.09,false,false,near_mint,en,USD
Greater Tanuki,DSC,Duskmourn: House of Horror Commander,181,normal,common,1,99184,65a193bb-22f3-4732-93cd-877cd8c8417c,0.07,false,false,near_mint,en,USD
Green Sun's Twilight,ONE,Phyrexia: All Will Be One,169,normal,rare,1,78424,184c985d-cb70-41a7-9f66-3506708b7e26,0.25,false,false,near_mint,en,USD
Grenzo's Rebuttal,CNS,Conspiracy,33,normal,rare,1,14387,1b798ace-18e4-45fb-98ae-69528f7b5a2f,0.16,false,false,near_mint,en,USD
"Grenzo, Havoc Raiser",TDC,Tarkir: Dragonstorm Commander,216,normal,rare,1,104878,aba981f9-ebc6-48ac-b768-557f632b82df,0.25,false,false,near_mint,en,USD
Grievous Wound,DSK,Duskmourn: House of Horror,102,normal,rare,1,98712,6ed3dd5e-cd27-4b18-ad60-f5c4d9a811b9,0.3,false,false,near_mint,en,USD
Grim Physician,THB,Theros Beyond Death,100,normal,common,2,46962,b7e92c82-840f-4c75-b617-7b58a07be5b4,0.03,false,false,near_mint,en,USD
Grim Reaper's Sprint,PIP,Fallout,58,normal,rare,1,91914,18e76286-9e06-42de-b322-eb8aa2cdca3a,0.55,false,false,near_mint,en,USD
Grim Strider,AKH,Amonkhet,94,normal,uncommon,2,5591,97ae6769-2b2b-48e3-9503-e9744984743a,0.04,false,false,near_mint,en,USD
Grisly Ritual,VOW,Innistrad: Crimson Vow,116,normal,common,2,64214,53cdf2ab-3acd-49bd-8273-84c1cfc92883,0.06,false,false,near_mint,en,USD
Grisly Spectacle,IMA,Iconic Masters,92,normal,common,1,3533,3ce3816e-0f81-40b6-a592-ba2c65243c6d,0.07,false,false,near_mint,en,USD
Grixis Grimblade,ARB,Alara Reborn,134,normal,common,1,23374,9dbcb812-15ad-4878-9968-cfa65a352703,0.2,false,false,near_mint,en,USD
Grizzled Angler // Grisly Anglerfish,INR,Innistrad Remastered,67,normal,uncommon,1,102439,16c0bb08-36b3-41e2-a5a9-2fcd6bb49beb,0.04,false,false,near_mint,en,USD
Grizzled Outcasts // Krallenhorde Wantons,ISD,Innistrad,185,normal,common,1,18713,4b43b0cb-a5a3-47b4-9b6b-9d2638222bb6,0.07,false,false,near_mint,en,USD
"Grolnok, the Omnivore",VOW,Innistrad: Crimson Vow,238,normal,rare,1,64277,7aaba76b-9cec-4c2b-b0eb-8f44201f6422,0.51,false,false,near_mint,en,USD
Groom's Finery,VOW,Innistrad: Crimson Vow,117,normal,uncommon,1,64174,43bc65cf-4444-4db3-9bb3-a7d91e560470,0.06,false,false,near_mint,en,USD
Grotag Bug-Catcher,ZNR,Zendikar Rising,142,normal,common,4,54563,5b310b01-f9cb-48ce-8af3-5957d3abf098,0.04,false,false,near_mint,en,USD
Grotag Night-Runner,ZNR,Zendikar Rising,143,normal,uncommon,1,54419,0568341b-f972-407f-92ce-1b7c9ef742f6,0.05,false,false,near_mint,en,USD
Ground Assault,2X2,Double Masters 2022,223,normal,common,1,70579,e8c61bd1-4bf5-4c38-835d-2249f8e8d5d4,0.08,false,false,near_mint,en,USD
Gruesome Deformity,ISD,Innistrad,103,normal,common,1,18795,5696db03-206f-4e7e-9b65-ccef31bfd7d2,0.04,false,false,near_mint,en,USD
Gruul Cluestone,DGM,Dragon's Maze,140,normal,common,1,16325,bc47d1fe-8ab2-42f6-bcab-4bc2084ceba7,0.06,false,false,near_mint,en,USD
Gryff Rider,VOW,Innistrad: Crimson Vow,15,normal,common,2,64211,5317077b-370e-41a9-9162-c713362fd7f4,0.06,false,false,near_mint,en,USD
Gryffwing Cavalry,VOW,Innistrad: Crimson Vow,16,normal,uncommon,1,64273,792d5b41-27f3-455b-890e-a1771944fc7d,0.09,false,false,near_mint,en,USD
"Guadosalam, Farplane Gateway",FIN,Final Fantasy,281,normal,common,5,106668,dfcbc131-fd50-4908-b539-c8e52bb70c58,0.08,false,false,near_mint,en,USD
Guardian Automaton,ORI,Magic Origins,227,normal,common,2,10715,7e8916b7-f5e4-4fae-8db8-9859d69212ec,0.04,false,false,near_mint,en,USD
Guardian Kirin,MH2,Modern Horizons 2,15,normal,common,1,59625,754b4061-3009-46e4-8602-8349c6367cbf,0.05,false,false,near_mint,en,USD
Guardian of Pilgrims,INR,Innistrad Remastered,26,normal,common,1,102852,f87b5e18-d1a9-424b-bec5-6a80f7699600,0.02,false,false,near_mint,en,USD
Guardians of Meletis,ORI,Magic Origins,228,normal,common,4,10714,2ff39de2-d071-4568-baac-25b505a2da56,0.06,false,false,near_mint,en,USD
Guardians of Oboro,NEO,Kamigawa: Neon Dynasty,56,normal,common,1,66618,e9c44d4e-742f-4e4f-9bf4-921075bc427c,0.04,false,false,near_mint,en,USD
Guardians' Pledge,M12,Magic 2012,22,normal,common,1,19245,e7e6105c-8633-46f7-a7ca-2a5c36c6d548,0.65,false,false,near_mint,en,USD
Guide of Souls,MH3,Modern Horizons 3,29,normal,rare,1,94504,76c3cad2-1e25-4abe-878d-9194de6fcc27,3.1,false,false,near_mint,en,USD
Gulping Scraptrap,ONE,Phyrexia: All Will Be One,96,normal,common,2,78456,28f48394-c6aa-4453-954a-68195d9bd6ea,0.04,false,false,near_mint,en,USD
Gunner Conscript,PIP,Fallout,77,normal,uncommon,1,92161,4f6d444f-9ffb-4dc2-b668-738d45aec2c3,0.06,false,false,near_mint,en,USD
Gurmag Angler,UMA,Ultimate Masters,102,normal,common,1,43403,cedd44eb-f381-46e1-bcb0-88416b4ce33d,0.11,false,false,near_mint,en,USD
Gurmag Nightwatch,TDM,Tarkir: Dragonstorm,190,normal,common,2,104369,de731430-6bbf-4782-953e-b69c46353959,0.04,false,false,near_mint,en,USD
Gust of Wind,IKO,Ikoria: Lair of Behemoths,54,normal,common,3,50023,faabea92-d8cf-4591-b528-3e597d56b31f,0.08,false,false,near_mint,en,USD
Gutter Skulker // Gutter Shortcut,VOW,Innistrad: Crimson Vow,62,normal,uncommon,2,64416,ceb84515-7b8f-444d-b6a9-61231621f9b7,0.07,false,false,near_mint,en,USD
Guttersnipe,TDC,Tarkir: Dragonstorm Commander,217,normal,uncommon,1,105072,fd5be605-c7c3-4c0b-a68e-65452b27d3ce,0.2,false,false,near_mint,en,USD
Guttersnipe,CMM,Commander Masters,229,normal,common,1,84695,a4276d10-d163-4068-a6db-5bb0a1ac88e3,0.2,false,false,near_mint,en,USD
Guul Draz Mucklord,ZNR,Zendikar Rising,104,normal,common,2,54719,b996743e-7f48-49d8-948b-ceb75bddf215,0.04,false,false,near_mint,en,USD
Gwaihir the Windlord,LTR,The Lord of the Rings: Tales of Middle-earth,210,normal,uncommon,1,82897,1a42c951-1146-4f49-a690-7d385962b191,0.12,false,false,near_mint,en,USD
"Gwaihir, Greatest of the Eagles",LTC,Tales of Middle-earth Commander,15,normal,rare,1,83339,9c17c3bb-aa20-43b0-8a28-b46a18b060ef,0.3,false,false,near_mint,en,USD
Gyre Sage,FIC,Final Fantasy Commander,306,normal,rare,1,105856,236c4e0d-1a54-4024-85ef-4d73028bfb87,0.49,false,false,near_mint,en,USD
Gysahl Greens,FIN,Final Fantasy,190,normal,common,6,106494,020dee17-d85b-44c4-9faa-b1ef977956f4,0.04,false,false,near_mint,en,USD
"Halana and Alena, Partners",FDN,Foundations,659,normal,rare,1,101034,b649f459-c9dc-495d-8703-b685996bb80c,0.88,false,false,near_mint,en,USD
Hamlet Captain,INR,Innistrad Remastered,201,normal,uncommon,1,102406,06e5d76a-0cec-40e0-b694-2b5c8484f6c0,0.05,false,false,near_mint,en,USD
Hammerhand,DMU,Dominaria United,129,normal,common,1,71603,8d858e9e-452b-4281-9379-641ef6ebef39,0.03,false,false,near_mint,en,USD
Hand of Silumgar,BBD,Battlebond,146,normal,common,1,1847,d3cbb127-6149-4d0b-ad98-1968f2ebe8e4,0.04,false,false,near_mint,en,USD
Hanged Executioner,BLC,Bloomburrow Commander,139,normal,rare,1,96212,2791a28a-30fa-4f1a-9f05-f3db155b6f06,0.1,false,false,near_mint,en,USD
Hanweir Watchkeep // Bane of Hanweir,INR,Innistrad Remastered,158,normal,common,1,102786,d067706b-e2cc-4ad5-b992-28222a8af4ad,0.03,false,false,near_mint,en,USD
Hardened Scales,FIC,Final Fantasy Commander,307,normal,rare,1,105831,1219d294-22b3-45de-91d9-8d80e27c2fd6,1.42,false,false,near_mint,en,USD
Hardened Tactician,TDM,Tarkir: Dragonstorm,191,normal,uncommon,2,104780,86b225cb-5c45-4da1-a64e-b04091e483e8,0.12,false,false,near_mint,en,USD
Harmonious Archon,ONC,Phyrexia: All Will Be One Commander,74,normal,mythic,1,78447,21a2bac8-451f-4af8-a82d-aeae5e28a8be,0.22,false,false,near_mint,en,USD
Harmonious Emergence,NEO,Kamigawa: Neon Dynasty,190,normal,common,1,66910,c92ff968-b436-4313-8375-8a3bb41f9892,0.06,false,false,near_mint,en,USD
Harmonize,FIC,Final Fantasy Commander,308,normal,uncommon,1,106058,978410dd-aace-4a70-8028-6dd11c14156e,0.15,false,false,near_mint,en,USD
Harvester of Souls,E01,Archenemy: Nicol Bolas,34,normal,rare,1,4892,4e10db60-e5a9-4361-b6e8-e6d87c94de84,0.71,false,false,near_mint,en,USD
Harvesttide Infiltrator // Harvesttide Assailant,MID,Innistrad: Midnight Hunt,293,normal,common,1,63179,28bc2848-b6fb-444d-b909-01c712696547,0.08,false,false,near_mint,en,USD
Haste Magic,FIN,Final Fantasy,140,normal,common,6,106402,3af9d100-70ee-4c6c-a762-11a0c4f3ef6f,0.14,false,false,near_mint,en,USD
Hate Mirage,ONC,Phyrexia: All Will Be One Commander,99,normal,uncommon,1,78661,80e9aebe-5311-4bc6-bc0f-b8084f805db3,0.14,false,false,near_mint,en,USD
Hate Mirage,SCD,Starter Commander Decks,146,normal,uncommon,1,77570,ea074c36-7116-4513-8064-2a12a2257db6,0.1,false,false,near_mint,en,USD
Haughty Djinn,TDC,Tarkir: Dragonstorm Commander,154,normal,rare,1,104795,8cabaf8a-5e19-4f26-be2b-7627b9c8e324,0.24,false,false,near_mint,en,USD
Haunted Cloak,CMM,Commander Masters,389,normal,common,1,84733,abffd0a3-ea7a-43cf-b92d-d9f436bef58e,0.23,false,false,near_mint,en,USD
Haunted Dead,INR,Innistrad Remastered,116,normal,uncommon,2,102527,49fae417-c4f4-478c-86c4-83094306b8d4,0.06,false,false,near_mint,en,USD
Haunted Fengraf,C18,Commander 2018,254,normal,common,1,589,97a1d55a-39a8-4bf4-91b7-5565146c9c40,0.25,false,false,near_mint,en,USD
Haunted Ridge,WHO,Doctor Who,286,normal,rare,1,86995,01b62353-e170-4c29-bda1-7cd8441c01c2,5.46,false,false,near_mint,en,USD
Haunter of Nightveil,DGM,Dragon's Maze,76,normal,uncommon,1,16389,438683f5-adfa-42ae-a6fb-c4649a8a30ab,0.06,false,false,near_mint,en,USD
Haunting Figment,DMU,Dominaria United,53,normal,common,1,71776,d14b07ea-18e4-41fb-8136-759d5349e88a,0.04,false,false,near_mint,en,USD
Havengul Skaab,AVR,Avacyn Restored,60,normal,common,2,18218,4c7ff97f-fb06-4a61-98cd-50965a6522d4,0.03,false,false,near_mint,en,USD
Haystack,ACR,Assassin's Creed,5,normal,uncommon,1,95258,46e791f0-297b-46bf-acd5-f62458009d76,0.2,false,false,near_mint,en,USD
Hazardous Blast,ONE,Phyrexia: All Will Be One,135,normal,common,1,78374,0380a4c9-a5d3-465f-8584-e546b54f91e0,0.05,false,false,near_mint,en,USD
Healer's Flock,MH2,Modern Horizons 2,16,normal,uncommon,1,59771,b93b5429-8512-4ab6-9ecd-fa270e0144f3,0.05,false,false,near_mint,en,USD
Healing Hands,ORI,Magic Origins,17,normal,common,1,10925,9a26559c-0ac5-42a7-b6ac-b39938c31026,0.07,false,false,near_mint,en,USD
Heaped Harvest,BLB,Bloomburrow,175,normal,common,2,96255,3b5349db-0e0a-4b15-886e-0db403ef49cb,0.1,false,false,near_mint,en,USD
Hearth Elemental // Stoke Genius,WOE,Wilds of Eldraine,136,normal,uncommon,1,85641,a8f5f102-cc75-4cee-a117-4bdaaf86c2e9,0.08,false,false,near_mint,en,USD
Hearts on Fire,J25,Foundations Jumpstart,17,normal,common,1,101001,b10fcb27-1486-4cf1-8fde-eea6f799ab8b,0.07,false,false,near_mint,en,USD
Heated Debate,STX,Strixhaven: School of Mages,106,normal,common,2,58389,f40c88e2-28ed-4e5b-bcb3-4397d6a15a6f,0.05,false,false,near_mint,en,USD
Hecteyes,FIN,Final Fantasy,103,normal,common,5,106585,8680d052-c07b-4d9b-bda9-b5f69f44f424,0.08,false,false,near_mint,en,USD
Hedron Archive,BRC,The Brothers' War Commander,142,normal,uncommon,1,75517,677bf9ff-4e4b-495d-b56a-ed0f26c469ca,0.21,false,false,near_mint,en,USD
Hedron Archive,BLC,Bloomburrow Commander,275,normal,uncommon,1,96206,228ce785-033c-4973-89c7-4616a5b9c9d2,0.19,false,false,near_mint,en,USD
"Heidegger, Shinra Executive",FIC,Final Fantasy Commander,21,normal,rare,1,106036,8e216baf-0e3c-4173-a852-5c5aeb3a9d79,0.11,false,false,near_mint,en,USD
Heightened Reflexes,IKO,Ikoria: Lair of Behemoths,123,normal,common,1,49954,4f7cc8e7-3002-4ee0-869f-931438d8362d,0.05,false,false,near_mint,en,USD
"Heiko Yamazaki, the General",NEO,Kamigawa: Neon Dynasty,321,normal,uncommon,3,66603,c91040c0-f025-4843-8c0e-3ac1b76c8582,0.11,false,false,near_mint,en,USD
Heirloom Blade,LCC,The Lost Caverns of Ixalan Commander,303,normal,uncommon,2,88467,49fe8b13-3f83-4a35-aa2d-2292b96f3d3e,0.13,false,false,near_mint,en,USD
Heliod's Intervention,OTC,Outlaws of Thunder Junction Commander,81,normal,rare,1,93751,9519bb3a-bed3-48e8-93ae-9e9b2e7d646a,3.0,false,false,near_mint,en,USD
HELIOS One,PIP,Fallout,149,normal,rare,2,92098,4102d28e-437b-440b-bf9b-8b4f6fb85a6c,0.16,false,false,near_mint,en,USD
Helitrooper,FIC,Final Fantasy Commander,22,normal,rare,1,105849,2073f387-9cdd-4184-8704-e6031c934b6d,0.14,false,false,near_mint,en,USD
Hellhole Flailer,RTR,Return to Ravnica,167,normal,uncommon,1,17255,4984a089-84af-4387-9a0d-819b119b5565,0.09,false,false,near_mint,en,USD
Hellkite Tyrant,FIC,Final Fantasy Commander,295,normal,rare,1,106060,97ff9946-af2c-4568-847e-b828a71d0217,1.84,false,false,near_mint,en,USD
Helm of the Host,BLC,Bloomburrow Commander,276,normal,rare,1,96375,898c66d5-d8e6-4a58-ba41-4650ba0e7262,8.08,false,false,near_mint,en,USD
Herald of the Pantheon,CMM,Commander Masters,898,normal,rare,1,84694,a360af3e-626d-46c9-99cf-6c85921f5d26,2.55,false,false,near_mint,en,USD
"Hermes, Overseer of Elpis",FIC,Final Fantasy Commander,36,normal,rare,1,106205,e04a05e5-7bff-46a4-aae1-6713977e6e30,0.22,false,false,near_mint,en,USD
Hermit of the Natterknolls // Lone Wolf of the Natterknolls,SOI,Shadows over Innistrad,209,normal,uncommon,1,8787,d5e84d80-b5a6-4cd1-9f31-f6ca46bf2c0c,0.2,false,false,near_mint,en,USD
Hero,TFIN,Final Fantasy Tokens,6,normal,common,19,106152,c39b8112-6a5c-4080-a884-2b4d6e5276ef,,false,false,near_mint,en,USD
Hero's Blade,FIC,Final Fantasy Commander,345,normal,uncommon,1,106078,9f67b38f-275c-459d-ab9c-4851106ec732,0.17,false,false,near_mint,en,USD
Hero's Blade,CMM,Commander Masters,391,normal,uncommon,4,84462,6da612ec-983b-4a7b-8d52-b853a4c565de,0.14,false,false,near_mint,en,USD
Hero's Heirloom,FIC,Final Fantasy Commander,346,normal,uncommon,1,105809,08866f84-406d-4372-9893-ba22690a48ef,0.15,false,false,near_mint,en,USD
Heroic Intervention,PIP,Fallout,202,normal,rare,1,91867,0bdaecd3-fc71-4c86-a65e-27681e1ba41f,10.84,false,false,near_mint,en,USD
Heroic Reinforcements,FDN,Foundations,241,normal,uncommon,1,100631,6a05e8d5-c2ad-489a-888d-22622886b620,0.05,false,false,near_mint,en,USD
Heron of Hope,VOW,Innistrad: Crimson Vow,18,normal,common,3,64485,fa7e6933-5c64-4fcd-bb7f-740767a149cb,0.05,false,false,near_mint,en,USD
Hexgold Halberd,ONE,Phyrexia: All Will Be One,136,normal,uncommon,2,78945,f22108ec-28f0-44d3-ba6b-3075f5f6bc65,0.06,false,false,near_mint,en,USD
Hexgold Hoverwings,ONE,Phyrexia: All Will Be One,14,normal,uncommon,2,78832,c498dbf9-c68c-400c-9349-c3c3fc8efcae,0.03,false,false,near_mint,en,USD
Hexgold Slash,ONE,Phyrexia: All Will Be One,137,normal,common,6,78398,0ec44465-68d4-4dca-a313-7f2ab0ce2e63,0.02,false,false,near_mint,en,USD
Hexplate Wallbreaker,ONC,Phyrexia: All Will Be One Commander,14,normal,rare,1,78960,f75e6145-79a4-4400-8e0a-c334e4a780fb,8.21,false,false,near_mint,en,USD
High Market,FIC,Final Fantasy Commander,402,normal,rare,1,105814,09eeb9f5-4149-47c6-bfd0-472237043672,0.72,false,false,near_mint,en,USD
High Stride,BLB,Bloomburrow,176,normal,common,1,96153,09c8cf4b-8e65-4a1c-b458-28b5ab56b390,0.04,false,false,near_mint,en,USD
High-Speed Hoverbike,NEO,Kamigawa: Neon Dynasty,247,normal,uncommon,2,66397,7c619116-1eae-439d-9b1f-639643458a23,0.1,false,false,near_mint,en,USD
Highborn Vampire,FDN,Foundations,522,normal,common,3,97177,53c56a23-eb4f-4be1-ada9-1ad5b80195d3,0.13,false,false,near_mint,en,USD
Hildibrand Manderville // Gentleman's Rise,FIC,Final Fantasy Commander,83,normal,rare,1,105627,60aed76e-2265-471d-8e41-1d8605603b78,0.15,false,false,near_mint,en,USD
Hill Gigas,FIN,Final Fantasy,141,normal,common,7,106529,2a8b3e1e-5c10-4360-ac1c-83b2e026278c,0.03,false,false,near_mint,en,USD
Hinterland Harbor,FIC,Final Fantasy Commander,403,normal,rare,1,106081,9f89d20d-bb8b-4da8-97c7-1058c1b60325,0.26,false,false,near_mint,en,USD
Hinterland Logger // Timber Shredder,INR,Innistrad Remastered,203,normal,common,1,102483,34898af1-ebe6-4ede-81be-23fd62844480,0.04,false,false,near_mint,en,USD
Hired Poisoner,GRN,Guilds of Ravnica,72,normal,common,1,411,bf97e572-90d6-46fc-81c3-956a7ef88983,0.12,false,false,near_mint,en,USD
Hired Torturer,DGM,Dragon's Maze,25,normal,common,2,16440,62e9f79e-6606-4c9b-838c-eda5d8cc612c,0.03,false,false,near_mint,en,USD
Hitchclaw Recluse,ORI,Magic Origins,181,normal,common,1,10761,bf335eac-e57b-44ec-afe2-8aed567469e7,0.07,false,false,near_mint,en,USD
Hoarding Ogre,CLB,Commander Legends: Battle for Baldur's Gate,181,normal,common,1,69102,746fec80-5ddb-42b8-bc54-728bcd3863b3,0.09,false,false,near_mint,en,USD
Hobgoblin Dragoon,EVE,Eventide,142,normal,common,1,24409,090223a1-2644-4b81-a9f5-d15ca6df5229,0.12,false,false,near_mint,en,USD
Hold at Bay,BNG,Born of the Gods,18,normal,common,2,14942,ffeb407d-6a42-488a-9869-83da3047e45d,0.07,false,false,near_mint,en,USD
Hold for Ransom,SNC,Streets of New Capenna,16,normal,common,1,67758,53e74a99-11d9-40b8-b1d6-8f68a3f490fa,0.03,false,false,near_mint,en,USD
Hollowmurk Siege,TDM,Tarkir: Dragonstorm,192,normal,rare,1,104668,5ac0e136-8877-4bfc-a831-2bf7b7b5ad1e,0.41,false,false,near_mint,en,USD
Honey Mammoth,IKO,Ikoria: Lair of Behemoths,158,normal,common,1,49919,84b9bee2-b973-4de7-b72d-7f36f8e8153c,0.04,false,false,near_mint,en,USD
Honor Troll,STX,Strixhaven: School of Mages,134,normal,uncommon,1,58258,a9c6a6b9-f00c-46a5-8dab-796483e3a262,0.06,false,false,near_mint,en,USD
Hookhand Mariner // Riphook Raider,VOW,Innistrad: Crimson Vow,203,normal,common,2,64218,54a4b031-0919-44aa-a35e-68da7a27235a,0.04,false,false,near_mint,en,USD
Hope Estheim,FIN,Final Fantasy,226,normal,rare,1,106693,fbdb68cc-5516-481a-94c5-59f6c69b8a17,0.21,false,false,near_mint,en,USD
Hopeful Initiate,INR,Innistrad Remastered,27,normal,rare,2,102772,c655f9e8-ff99-48d0-83a9-ea6a853f17c6,0.4,false,false,near_mint,en,USD
Hordeling Outburst,ONC,Phyrexia: All Will Be One Commander,100,normal,uncommon,1,78847,c80c53a3-a2de-4e54-a50a-2eabb2ceb67c,0.73,false,false,near_mint,en,USD
Horizon Scholar,CMR,Commander Legends,73,normal,uncommon,2,55761,84c21aa7-678e-4998-9061-a13d04d92842,0.04,false,false,near_mint,en,USD
Hostile Minotaur,M20,Core Set 2020,331,normal,common,1,45129,0e1263ea-adc9-442b-b13e-9afb69596372,0.13,false,false,near_mint,en,USD
Hour of Reckoning,TDC,Tarkir: Dragonstorm Commander,120,normal,rare,1,104463,14d60131-8715-477d-8a67-5f1f99a906a8,0.16,false,false,near_mint,en,USD
Hourglass of the Lost,M3C,Modern Horizons 3 Commander,92,normal,rare,1,94710,147b0ab2-3ac8-425a-9e1d-7580de58235c,0.27,false,false,near_mint,en,USD
Howl of the Hunt,MID,Innistrad: Midnight Hunt,188,normal,common,1,63314,7a48a42e-5cc5-4f9a-8745-99936f4cae5f,0.08,false,false,near_mint,en,USD
Hraesvelgr of the First Brood,FIC,Final Fantasy Commander,37,normal,rare,1,106113,abcfefe3-c66d-4512-bcc3-c9a39cfbb983,0.17,false,false,near_mint,en,USD
Hulking Devil,SOI,Shadows over Innistrad,165,normal,common,1,8831,031ecfc4-cc84-4f74-8eb1-3eaa234d8093,0.06,false,false,near_mint,en,USD
Human,TTDC,Tarkir: Dragonstorm Commander Tokens,5,normal,common,1,104638,5054bb15-ddd5-4e5e-a9fd-6bdf255f7fd3,,false,false,near_mint,en,USD
Human Knight,TPIP,Fallout Tokens,2,normal,common,1,92178,546bda77-e3a8-4f2a-ba9c-94fb0b9ff183,0.09,false,false,near_mint,en,USD
Human Soldier,TWOC,Wilds of Eldraine Commander Tokens,7,normal,common,1,85193,dd0f8dba-e34e-443c-9e92-9ae9d3e4d585,,false,false,near_mint,en,USD
Human Soldier,TINR,Innistrad Remastered Tokens,3,normal,common,1,102746,b6a1f8dd-6907-4c44-9c1e-cad5887c1ed0,,false,false,near_mint,en,USD
Human Soldier,TPIP,Fallout Tokens,3,normal,common,1,92308,737741e7-b2b2-4c41-ab7c-4eeaf9f37b71,0.09,false,false,near_mint,en,USD
Humble Naturalist,IKO,Ikoria: Lair of Behemoths,160,normal,common,2,49917,8f56705d-eb64-4cef-b716-edbeac60bf79,0.05,false,false,near_mint,en,USD
Hungering Yeti,FRF,Fate Reforged,105,normal,uncommon,1,12021,02f7c596-5633-41e8-adcd-d4dc6eae5c88,0.02,false,false,near_mint,en,USD
Hungry Ridgewolf,INR,Innistrad Remastered,160,normal,common,2,102611,770fc080-ac42-4a5a-846f-6e49b4aaf4ba,0.04,false,false,near_mint,en,USD
Hunter's Insight,CMM,Commander Masters,296,normal,uncommon,2,84964,de399acd-e792-4f4a-8025-434f1080c0fc,0.33,false,false,near_mint,en,USD
Hunter's Prowess,E02,Explorers of Ixalan,33,normal,rare,1,3342,2c0e5ac0-48f2-44c2-814e-9bc90ff01760,0.44,false,false,near_mint,en,USD
Hydra,TZNR,Zendikar Rising Tokens,9,normal,common,1,54819,f2ad0395-190d-4779-81b7-2832dc257828,0.58,false,false,near_mint,en,USD
Hypnotic Sprite // Mesmeric Glare,FIC,Final Fantasy Commander,264,normal,uncommon,1,105903,4358fcf2-e07c-4a0f-8f69-5d0f83adeb20,0.13,false,false,near_mint,en,USD
Hyrax Tower Scout,THB,Theros Beyond Death,173,normal,common,1,46889,bb7f2638-d757-4df6-90b0-b616534dd3a0,0.09,false,false,near_mint,en,USD
Ian the Reckless,PIP,Fallout,59,normal,uncommon,1,92147,4cd46b6a-eb20-4ffa-94e0-47d1d2d46087,0.06,false,false,near_mint,en,USD
Ice Cage,M12,Magic 2012,57,normal,common,2,19210,a5e14b62-c050-4d43-aeee-873f46d1e295,0.08,false,false,near_mint,en,USD
Ice Flan,FIN,Final Fantasy,55,normal,common,11,106357,ad304c9c-943f-442f-bb82-ff378ad7d7ba,0.03,false,false,near_mint,en,USD
Ice Magic,FIN,Final Fantasy,56,normal,common,9,105677,9dabd626-7ec3-4913-babb-d5d3fd5e32d5,0.04,false,false,near_mint,en,USD
Iceridge Serpent,TDM,Tarkir: Dragonstorm,49,normal,common,2,105167,d13f117b-b8e4-48db-8ce9-5da9c7ce23a5,0.02,false,false,near_mint,en,USD
"Ich-Tekik, Salvage Splicer",CMR,Commander Legends,233,normal,uncommon,1,55543,0409a15a-7cf6-43e5-958c-d23da4304f29,0.13,false,false,near_mint,en,USD
Ichor Synthesizer,ONE,Phyrexia: All Will Be One,55,normal,common,3,78659,7f516ee6-8f7b-40b2-82e5-9c4ea3e0a355,0.06,false,false,near_mint,en,USD
Ichormoon Gauntlet,ONE,Phyrexia: All Will Be One,56,normal,mythic,1,78468,2c093ce0-2561-4847-ab58-f6f1650d743e,4.39,false,false,near_mint,en,USD
Ichorplate Golem,ONE,Phyrexia: All Will Be One,230,normal,uncommon,2,78920,e555abb1-ffd4-4143-9be8-ec8a758f5c2a,0.06,false,false,near_mint,en,USD
Ichorspit Basilisk,ONE,Phyrexia: All Will Be One,170,normal,common,2,78384,0955b64f-6721-4fa6-b161-cae404cb5b9f,0.11,false,false,near_mint,en,USD
Idol of Oblivion,TDC,Tarkir: Dragonstorm Commander,319,normal,rare,1,104955,cbc25725-1485-4d98-abe1-906520f868d8,0.56,false,false,near_mint,en,USD
Idolized,PIP,Fallout,17,normal,rare,1,92263,687133cb-3754-475c-9e21-b6a33aa58bb0,0.54,false,false,near_mint,en,USD
Idyllic Beachfront,FIC,Final Fantasy Commander,404,normal,common,2,106122,afe2ebec-0310-4b2f-ace4-fb293a1e4837,0.09,false,false,near_mint,en,USD
Idyllic Grange,ELD,Throne of Eldraine,246,normal,common,1,46092,ca2c611c-3a6f-44b0-9daa-837a465845e0,0.25,false,false,near_mint,en,USD
Ignis Scientia,FIN,Final Fantasy,227,normal,uncommon,2,106627,ab4f9721-5b2c-4371-98a5-3f6714265e57,0.06,false,false,near_mint,en,USD
Il Mheg Pixie,FIN,Final Fantasy,57,normal,uncommon,5,106629,ae612312-3a8e-495f-8730-deaaf7505ca1,0.07,false,false,near_mint,en,USD
Illusionist's Bracers,RVR,Ravnica Remastered,260,normal,rare,1,89822,9dd8d940-a973-4469-bf78-90318d98f3ab,3.63,false,false,near_mint,en,USD
Illustrious Historian,STX,Strixhaven: School of Mages,109,normal,common,1,58102,56cc4e7d-3b06-4938-9023-d903912350c0,0.04,false,false,near_mint,en,USD
Ilysian Caryatid,CMM,Commander Masters,297,normal,common,1,84267,3db65137-c9d6-4352-b7a0-f3968b167233,0.23,false,false,near_mint,en,USD
"Immard, the Stormcleaver",SLX,Universes Within,14,normal,rare,1,78256,d2f60c02-55f7-4584-b68c-f23e466b3b0b,0.26,false,false,near_mint,en,USD
Immersturm Predator,FDN,Foundations,660,normal,rare,1,100510,52dfc234-e87a-4594-8dcf-0a2f95eedc97,0.18,false,false,near_mint,en,USD
Immolation,MID,Innistrad: Midnight Hunt,144,normal,common,2,63267,606b1148-4aa6-4d78-bedd-e31573282921,0.03,false,false,near_mint,en,USD
Impact Tremors,MOC,March of the Machine Commander,285,normal,common,1,81646,46db3811-db1d-4f69-8143-a93f64d0297b,5.75,false,false,near_mint,en,USD
Imprisoned in the Moon,INR,Innistrad Remastered,69,normal,common,1,102416,0d150547-09f5-45ce-a825-89944b066bd4,0.18,false,false,near_mint,en,USD
"Inalla, Archmage Ritualist",FCA,Final Fantasy: Through the Ages,52,normal,rare,1,106720,786a3daa-41a6-4cf3-97bc-c59e1c7cd674,0.77,false,false,near_mint,en,USD
Incisor Glider,ONE,Phyrexia: All Will Be One,15,normal,common,3,78791,b3cf4c4f-bda6-454c-991d-429c0dca0e85,0.03,false,false,near_mint,en,USD
Incite,M11,Magic 2011,145,normal,common,1,21244,6ba4dcc6-05a5-43e9-b445-bae83180aa79,0.05,false,false,near_mint,en,USD
Increasing Devotion,ONC,Phyrexia: All Will Be One Commander,76,normal,rare,1,78515,400bbab4-4ecf-4875-b356-1164d3a29092,0.24,false,false,near_mint,en,USD
Incubation Druid,FIC,Final Fantasy Commander,309,normal,rare,1,105885,348d4546-3da5-4f78-82f3-9a79d2f9b0d1,0.67,false,false,near_mint,en,USD
Incubation Sac,ONE,Phyrexia: All Will Be One,171,normal,uncommon,2,78752,a6b36e23-a414-400c-a3a5-e23883e866d3,0.02,false,false,near_mint,en,USD
Indoctrination Attendant,ONE,Phyrexia: All Will Be One,16,normal,common,1,78864,d051bfc7-b402-444d-896e-c3a9562cdb0d,0.07,false,false,near_mint,en,USD
Indomitable Will,THB,Theros Beyond Death,25,normal,common,1,47037,47772a34-c72f-44e8-b272-4ef2d2af5c82,0.03,false,false,near_mint,en,USD
Indulgent Tormentor,IMA,Iconic Masters,94,normal,uncommon,1,3531,af042ca9-c57d-4477-965e-182fc557ca6b,0.5,false,false,near_mint,en,USD
Inevitable Defeat,TDM,Tarkir: Dragonstorm,194,normal,rare,1,103997,9d677980-b608-407e-9f17-790a81263f15,0.28,false,false,near_mint,en,USD
Inexorable Tide,FIC,Final Fantasy Commander,265,normal,rare,1,106107,a992fad9-1dd1-47fe-b315-a62f7875f3be,0.71,false,false,near_mint,en,USD
Infected Defector,MOM,March of the Machine,18,normal,common,1,81318,2777f8b5-2f8e-4cb8-9206-8a4978488657,0.05,false,false,near_mint,en,USD
Infectious Bite,ONE,Phyrexia: All Will Be One,172,normal,uncommon,3,78670,83dfb2a5-cd5c-46c6-9bb8-7c5d00f3e003,0.23,false,false,near_mint,en,USD
Infectious Bloodlust,ORI,Magic Origins,152,normal,common,2,10790,ee44df88-45a4-46ef-a8bd-f7fb7b9542b8,0.04,false,false,near_mint,en,USD
Infectious Inquiry,ONE,Phyrexia: All Will Be One,97,normal,common,1,78386,0a10f284-b043-4307-bdc7-6dad47cc9221,0.21,false,false,near_mint,en,USD
Infernal Grasp,EOC,Edge of Eternities Commander,84,normal,uncommon,1,106941,060b7e5f-5b40-4efc-9fad-4cebf40b654b,0.22,false,false,near_mint,en,USD
Infernal Scarring,M21,Core Set 2021,105,normal,common,1,50904,975e4b8e-add9-439c-9463-e2facee96c10,0.05,false,false,near_mint,en,USD
Infested Fleshcutter,ONE,Phyrexia: All Will Be One,17,normal,uncommon,2,78736,9f03d6bf-cbba-4ad7-8cec-065a47f03dbe,0.09,false,false,near_mint,en,USD
Infuriate,THB,Theros Beyond Death,141,normal,common,1,46921,85a74392-4056-428c-a807-b062957e838e,0.07,false,false,near_mint,en,USD
Infuse with Vitality,STX,Strixhaven: School of Mages,194,normal,common,1,58186,840600a9-3e78-48a6-b75b-860446b82c1b,0.07,false,false,near_mint,en,USD
Ingenious Skaab,2X2,Double Masters 2022,52,normal,common,1,70412,a264f107-f9dd-4599-a134-62db6a242a8b,0.02,false,false,near_mint,en,USD
Ingenuity Engine,CMR,Commander Legends,317,normal,uncommon,1,55826,ac255db4-9c46-4971-bf89-f9014602999c,0.11,false,false,near_mint,en,USD
Inner Demon,BBD,Battlebond,48,normal,uncommon,2,1945,dcbfc305-f3b3-4f8f-b18f-bb7af01a39a4,0.23,false,false,near_mint,en,USD
Inordinate Rage,ZNR,Zendikar Rising,144,normal,common,2,54760,d0f62bdc-50a0-41a0-ac37-9b0eeb21b6aa,0.05,false,false,near_mint,en,USD
Inquisitor's Ox,SOI,Shadows over Innistrad,24,normal,common,1,8972,fd1401fe-9e88-401b-96f0-5f58808a519f,0.03,false,false,near_mint,en,USD
Insatiable Frugivore,BLC,Bloomburrow Commander,18,normal,rare,1,96232,2ef58a8f-ce72-40c2-b032-818cc16267ce,0.1,false,false,near_mint,en,USD
Insect,TINR,Innistrad Remastered Tokens,15,normal,common,1,102588,6bdefa47-2c39-4630-b8c4-bf1931cf2918,,false,false,near_mint,en,USD
"Insomnia, Crown City",FIN,Final Fantasy,282,normal,common,3,106502,07fca511-a65c-4779-82c0-9215b0dcd068,0.07,false,false,near_mint,en,USD
Inspiration from Beyond,FDN,Foundations,43,normal,uncommon,1,101033,b636fe95-664f-4fb1-aab9-28856edeccd6,0.08,false,false,near_mint,en,USD
Inspire Awe,THB,Theros Beyond Death,175,normal,common,1,46887,b23c8b5a-2e18-4dd8-b236-5b1fd356f867,0.02,false,false,near_mint,en,USD
Inspired Inventor,MH3,Modern Horizons 3,32,normal,common,1,94869,9143fc7c-f4eb-4f06-97b9-f912237a055f,0.02,false,false,near_mint,en,USD
Inspired Sphinx,KHC,Kaldheim Commander,40,normal,mythic,1,56954,7f58d798-9b99-45a9-9015-f689145018a8,0.23,false,false,near_mint,en,USD
Inspiring Call,FIC,Final Fantasy Commander,310,normal,uncommon,1,106144,be938240-214d-4726-ba2a-aaedc5bbe7ba,0.21,false,false,near_mint,en,USD
Inspiring Paladin,FDN,Foundations,18,normal,common,1,101472,0763be06-25b2-4d6b-ab33-a1af85aeb443,0.04,false,false,near_mint,en,USD
Inspiring Statuary,FIC,Final Fantasy Commander,347,normal,rare,1,105978,6c28687d-b96a-4d3c-a6cb-99fbae6a384b,0.14,false,false,near_mint,en,USD
Inspiring Vantage,KLD,Kaladesh,246,normal,rare,1,7397,160ac412-005f-48ca-a204-10207307c6c2,1.82,false,false,near_mint,en,USD
Instant Ramen,FIN,Final Fantasy,259,normal,common,4,106374,ef7011f4-fc08-4b15-973d-d15357cbe744,0.07,false,false,near_mint,en,USD
Intangible Virtue,INR,Innistrad Remastered,29,normal,uncommon,1,102600,716d82a1-fb5d-4607-b1fa-e8e9edd4dd77,0.15,false,false,near_mint,en,USD
Intelligence Bobblehead,PIP,Fallout,134,normal,uncommon,1,92813,e6546c0d-6be2-4ced-9d7c-4269df8dea76,0.39,false,false,near_mint,en,USD
"Interceptor, Shadow's Hound",FIC,Final Fantasy Commander,47,normal,rare,1,105877,30be9a07-5803-4bef-9313-391c926bfcec,0.16,false,false,near_mint,en,USD
Interpret the Signs,CMR,Commander Legends,75,normal,uncommon,1,55645,42dbf049-5c02-4038-86de-fa6b5110cf7e,0.07,false,false,near_mint,en,USD
Intimidation Bolt,ARB,Alara Reborn,99,normal,uncommon,1,23409,17e4fb54-9f31-4d75-b4ab-7b11f745b807,0.46,false,false,near_mint,en,USD
Into the Roil,FDN,Foundations,509,normal,common,1,101486,25edefa9-9fff-4b71-83ae-696c196a795c,0.07,false,false,near_mint,en,USD
Into the Story,FIC,Final Fantasy Commander,266,normal,uncommon,1,105857,24c55c03-2c7a-416d-81d6-74a77a103704,0.13,false,false,near_mint,en,USD
Into the Story,ELD,Throne of Eldraine,50,normal,uncommon,1,46288,c838f08e-7fb6-46e7-83bb-dce8877d6c87,0.14,false,false,near_mint,en,USD
Intrepid Provisioner,INR,Innistrad Remastered,205,normal,common,1,102854,fb0b9da3-bce8-463c-ab5e-2a2e9030df97,0.02,false,false,near_mint,en,USD
Introduction to Annihilation,STX,Strixhaven: School of Mages,3,normal,common,2,58277,b0bc4682-bcaf-4f51-be0b-9f2851a16e3b,0.18,false,false,near_mint,en,USD
Introduction to Prophecy,STX,Strixhaven: School of Mages,4,normal,common,1,58158,7820923e-bad2-4d6a-92b3-97b9737d2ca9,0.12,false,false,near_mint,en,USD
Invasion of Azgol // Ashen Reaper,MOM,March of the Machine,232,normal,uncommon,2,81197,ae2e1244-f05b-45f9-8afc-59f190524798,0.07,false,false,near_mint,en,USD
Invasion of Ergamon // Truga Cliffcharger,MOM,March of the Machine,233,normal,uncommon,2,81437,b3e0fc49-f765-4bd1-a2b9-23e703388b50,0.08,false,false,near_mint,en,USD
Invasion of Innistrad // Deluge of the Dead,INR,Innistrad Remastered,120,normal,rare,2,101861,370412b1-85ec-42a9-90fe-c35a6249e149,0.24,false,false,near_mint,en,USD
"Invasion of Kaladesh // Aetherwing, Golden-Scale Flagship",MOM,March of the Machine,234,normal,uncommon,2,81075,4f7231f6-8adc-4a68-9984-e56b974c087b,0.09,false,false,near_mint,en,USD
Invasion of Pyrulea // Gargantuan Slabhorn,MOM,March of the Machine,240,normal,uncommon,1,81077,50180fda-6d67-41e9-8b2b-2e7c5876b8ab,0.04,false,false,near_mint,en,USD
Invasion of Xerex // Vertex Paladin,MOM,March of the Machine,242,normal,uncommon,1,81104,6c8c9c33-569c-4b67-a18d-4cd0f18d01f4,0.07,false,false,near_mint,en,USD
Inventory Management,PIP,Fallout,105,normal,rare,2,92341,7a1acb59-a679-4c6d-8458-8fe5556b9d4d,2.57,false,false,near_mint,en,USD
Invoke the Divine,KHM,Kaldheim,16,normal,common,1,56934,7213d9e1-e9c6-45d8-bb7f-336c41e7b6f7,0.08,false,false,near_mint,en,USD
Invoke the Divine,M19,Core Set 2019,16,normal,common,1,1296,7c1d36b5-37fb-4e52-ad85-c3a09a990ea0,0.04,false,false,near_mint,en,USD
Involuntary Employment,FDN,Foundations,203,normal,common,1,101622,f3ad3d62-2f24-4562-b3fa-809213dbc4a4,0.02,false,false,near_mint,en,USD
Iridescent Tiger,TDM,Tarkir: Dragonstorm,109,normal,uncommon,2,105170,e3abbc8b-2bf8-478e-a541-f8019d150054,0.07,false,false,near_mint,en,USD
Iron Giant,FIN,Final Fantasy,260,normal,common,9,106675,e48cf6d5-4d32-4b66-80be-3495ecd3e906,0.1,false,false,near_mint,en,USD
Iron Verdict,KHM,Kaldheim,17,normal,common,3,56808,2fb38f5b-a2c2-4b06-8c9c-9615475a43e7,0.04,false,false,near_mint,en,USD
Irrigated Farmland,EOC,Edge of Eternities Commander,162,normal,rare,1,107261,3cbc4f0a-6735-461c-ae7a-3c2ce342c4da,0.08,false,false,near_mint,en,USD
Irrigated Farmland,WHO,Doctor Who,288,normal,rare,1,87842,c1422a65-5bda-4d75-8682-8c7351b3dba6,0.11,false,false,near_mint,en,USD
Irrigated Farmland,PIP,Fallout,268,normal,rare,1,92797,e1cd325f-2762-4ef0-a0f1-b56bb63da0d1,0.16,false,false,near_mint,en,USD
"Ishgard, the Holy See // Faith & Grief",FIN,Final Fantasy,283,normal,rare,3,105804,068bc755-9d3d-430b-abc5-c775a5415bf9,0.83,false,false,near_mint,en,USD
Island,DDQ,Duel Decks: Blessed vs. Cursed,72,normal,common,1,9111,4f60ca04-0b6e-4e8b-b3b1-8f68fe692d1c,0.17,false,false,near_mint,en,USD
Island,DMR,Dominaria Remastered,405,normal,common,4,77764,0473605a-6c6a-433e-b828-933544472a3d,0.19,false,false,near_mint,en,USD
Island,SNC,Streets of New Capenna,275,normal,common,1,67775,5aaba7cd-c1dc-49cf-8d63-8bb3594a6541,0.19,false,false,near_mint,en,USD
Island,ZNR,Zendikar Rising,271,normal,common,2,54466,1ba4b3ad-1aef-44d3-889a-aedd9e070975,0.37,false,false,near_mint,en,USD
Island,VOW,Innistrad: Crimson Vow,270,normal,common,1,64220,54ddd3aa-593c-4adb-b591-33c15d02131c,0.41,false,false,near_mint,en,USD
Island,NEO,Kamigawa: Neon Dynasty,295,normal,common,1,66494,f0578f26-1396-4e1d-9986-8fc6c55aeb66,2.36,false,false,near_mint,en,USD
Island,CMM,Commander Masters,440,normal,common,1,84813,bdb63d4b-0bca-4b8e-bed0-0dc29ad0bac3,0.51,false,false,near_mint,en,USD
Island,TDM,Tarkir: Dragonstorm,273,normal,common,2,104276,4208e66c-8c98-4c48-ab07-8523c0b26ca4,0.53,false,false,near_mint,en,USD
Island,MH3,Modern Horizons 3,313,normal,common,1,94633,d4f54250-74a9-4f77-bf60-bf13585c1a1b,0.09,false,false,near_mint,en,USD
Island,FIN,Final Fantasy,299,normal,common,22,105587,347e00db-abcf-4053-aa27-4a5b42e1da55,0.13,false,false,near_mint,en,USD
Island,PIP,Fallout,319,normal,common,6,92555,a5b0a88d-7049-4206-8085-4a68ab0bfd81,0.24,false,false,near_mint,en,USD
Island,ONE,Phyrexia: All Will Be One,268,normal,common,10,78242,ac97baa8-5e57-45b6-9c64-cb9ce4806294,0.63,false,false,near_mint,en,USD
Isolated Chapel,FIC,Final Fantasy Commander,405,normal,rare,2,106031,8ca61142-d0ed-42cb-9a51-0e44151f2b44,0.27,false,false,near_mint,en,USD
"Isperia, Supreme Judge",SCD,Starter Commander Decks,4,etched,mythic,1,74576,de3278de-a045-4290-b05f-3b19e7055091,0.3,false,false,near_mint,en,USD
"Isshin, Two Heavens as One",FCA,Final Fantasy: Through the Ages,54,normal,rare,1,106354,a3baaf97-171a-40c0-a1dc-74ae05db0e25,5.86,false,false,near_mint,en,USD
It of the Horrid Swarm,INR,Innistrad Remastered,6,normal,common,3,101885,ba983caf-72b4-419e-84dc-1ad0215a865c,0.03,false,false,near_mint,en,USD
Item Shopkeep,FIN,Final Fantasy,142,normal,common,10,106293,bd2db3f5-fd0d-4817-af90-6bea1f07e16b,0.03,false,false,near_mint,en,USD
Ivy Elemental,IKO,Ikoria: Lair of Behemoths,161,normal,uncommon,1,49916,8e8aea71-02aa-4799-86fb-efd2a36efc22,0.05,false,false,near_mint,en,USD
"Ixhel, Scion of Atraxa",ONC,Phyrexia: All Will Be One Commander,1,normal,mythic,1,78768,ab866ec4-dcb4-47ef-8de1-a369986609c0,2.91,false,false,near_mint,en,USD
Izzet Boilerworks,M3C,Modern Horizons 3 Commander,350,normal,uncommon,1,94795,af8535f9-463e-4963-94db-db0e22605275,0.3,false,false,near_mint,en,USD
Izzet Charm,RVR,Ravnica Remastered,190,normal,uncommon,1,89572,15af0592-a1cb-4b1e-b051-dde978939706,0.24,false,false,near_mint,en,USD
Izzet Charm,2XM,Double Masters,202,normal,uncommon,1,52128,4d8f0789-aa08-4ce5-8ed1-6544de1e3ed4,0.27,false,false,near_mint,en,USD
Izzet Generatorium,MH3,Modern Horizons 3,191,normal,uncommon,1,94609,c6d9537d-c6b9-46ef-834b-87750d79f1ae,0.07,false,false,near_mint,en,USD
Izzet Guildgate,GRN,Guilds of Ravnica,252,normal,common,1,231,fc36bb2a-115d-4e24-a1e9-02b21773e945,0.06,false,false,near_mint,en,USD
Izzet Guildgate,FDN,Foundations,691,normal,common,1,101219,db9e6fc9-813d-4a71-8a68-8e0f83fa945d,0.16,false,false,near_mint,en,USD
Izzet Signet,TDC,Tarkir: Dragonstorm Commander,320,normal,common,2,104518,2c747a97-9070-4c1e-b7b7-52637fbb30e1,0.26,false,false,near_mint,en,USD
"Jace, the Perfected Mind",ONE,Phyrexia: All Will Be One,57,normal,mythic,1,78591,64e6a8d1-ae75-45bd-af62-9a622620cb5c,1.23,false,false,near_mint,en,USD
"Jace, Unraveler of Secrets Emblem",TSOI,Shadows over Innistrad Tokens,17,normal,common,1,8682,7aa30438-3733-467e-aa31-f8e8ad2e62f3,0.95,false,false,near_mint,en,USD
Jackdaw Savior,BLB,Bloomburrow,296,normal,rare,1,96022,4411204e-8387-4f1c-bfb3-1e3092d07937,0.74,false,false,near_mint,en,USD
Jade Guardian,XLN,Ixalan,194,normal,common,1,3818,aca83e48-6e32-477f-8714-6103e77c06df,0.02,false,false,near_mint,en,USD
Jade-Cast Sentinel,TDM,Tarkir: Dragonstorm,243,normal,common,1,104293,516ce5fa-bd00-429b-ba22-b38c7dd9306c,0.02,false,false,near_mint,en,USD
Jalum Tome,DMR,Dominaria Remastered,226,normal,common,1,77868,3d2db45f-4cdb-4b7f-a270-44b2b1482f69,0.04,false,false,near_mint,en,USD
"James, Wandering Dad // Follow Him",PIP,Fallout,31,normal,rare,1,92028,31fed516-04e1-4453-b955-dfbd32bab2f3,0.15,false,false,near_mint,en,USD
Jarl of the Forsaken,KHM,Kaldheim,100,normal,common,3,57155,f5b12c6c-c3d6-4b8a-bed4-d61f67f565b9,0.04,false,false,near_mint,en,USD
Javelin of Lightning,CLB,Commander Legends: Battle for Baldur's Gate,185,normal,common,2,68865,13d2f660-97f9-404b-82bb-37e396602580,0.1,false,false,near_mint,en,USD
Jawbone Duelist,ONE,Phyrexia: All Will Be One,18,normal,uncommon,1,78778,b00ea7bb-705b-4669-bb2a-560bed04b14a,0.08,false,false,near_mint,en,USD
Jaya's Firenado,DMU,Dominaria United,134,normal,common,1,71428,4b78eaab-819c-4f06-b3b1-a25c17ab2235,0.04,false,false,near_mint,en,USD
Jaya's Greeting,WAR,War of the Spark,136,normal,common,1,44268,ec66f169-5cf9-4d7c-a5ab-c64fc4801358,0.05,false,false,near_mint,en,USD
"Jecht, Reluctant Guardian // Braska's Final Aeon",FIN,Final Fantasy,363,normal,rare,1,106268,20c75373-7db4-4964-8e09-2badce2f0f84,1.65,false,false,near_mint,en,USD
"Jenova, Ancient Calamity",FIN,Final Fantasy,228,normal,rare,2,106404,534f98ee-7bc2-44d6-b49f-f57c051807d5,0.37,false,false,near_mint,en,USD
Jeskai Brushmaster,TDM,Tarkir: Dragonstorm,195,normal,uncommon,1,104526,2eb06c36-cf7e-47a9-819e-adfc54284153,0.05,false,false,near_mint,en,USD
Jeskai Devotee,TDM,Tarkir: Dragonstorm,110,normal,common,1,104257,27f31f9c-7149-4608-9b18-b3530a2efd4a,0.05,false,false,near_mint,en,USD
Jeskai Elder,2X2,Double Masters 2022,53,normal,common,1,70158,38fd9091-2d22-411f-955a-24c32293cdca,0.03,false,false,near_mint,en,USD
Jeskai Sage,FRF,Fate Reforged,38,normal,common,2,12088,6dff4734-7b2a-4089-a78a-46199818f39d,0.07,false,false,near_mint,en,USD
Jhessian Zombies,DDH,Duel Decks: Ajani vs. Nicol Bolas,56,normal,common,1,18936,82afe98a-1b57-4fe4-8c8c-c8995c313410,0.31,false,false,near_mint,en,USD
Jhoira's Familiar,2XM,Double Masters,265,normal,uncommon,1,52163,7b89a074-9aca-4f7f-953a-b401199be1cb,1.41,false,false,near_mint,en,USD
Jhoira's Timebug,TSR,Time Spiral Remastered,269,normal,common,2,57595,35d14746-3b57-4f8e-8155-e578cc84850d,0.13,false,false,near_mint,en,USD
"Jidoor, Aristocratic Capital // Overture",FIN,Final Fantasy,311,normal,rare,2,105637,72678d58-888e-4d3c-bc2c-78f5b7862e03,2.39,false,false,near_mint,en,USD
"Jill, Shiva's Dominant // Shiva, Warden of Ice",FIN,Final Fantasy,58,normal,rare,1,105564,1f163763-4802-4a96-a5bc-f3c381db7b5c,0.32,false,false,near_mint,en,USD
"Jodah, the Unifier",FCA,Final Fantasy: Through the Ages,17,normal,rare,1,106362,c02bef17-a293-4f77-8043-104864de4eaa,2.39,false,false,near_mint,en,USD
Jolted Awake,MH3,Modern Horizons 3,33,normal,common,1,94895,f773a79f-ad0f-45c9-bcf5-44ba5e992729,0.05,false,false,near_mint,en,USD
"Jor Kadeen, the Prevailer",ONC,Phyrexia: All Will Be One Commander,119,normal,rare,1,78802,b849e6a2-bb0b-48c9-8118-51d304275d59,0.18,false,false,near_mint,en,USD
"Joshua, Phoenix's Dominant // Phoenix, Warden of Fire",FIN,Final Fantasy,229,normal,rare,1,106430,457fdbb9-5439-460f-8e37-176f8919362c,0.5,false,false,near_mint,en,USD
Journey to Oblivion,ZNR,Zendikar Rising,17,normal,uncommon,1,54532,47120e3c-73aa-468d-96b7-47aead342e31,0.12,false,false,near_mint,en,USD
Joyful Stormsculptor,MOM,March of the Machine,243,normal,uncommon,1,81220,c4dabe69-a88f-4e61-a5fb-c4b9ef1c7569,0.04,false,false,near_mint,en,USD
Jubilant Skybonder,IKO,Ikoria: Lair of Behemoths,223,normal,uncommon,1,49854,7f8f2d69-fba9-40e5-8ef7-75e14ef4070a,0.17,false,false,near_mint,en,USD
Judge Magister Gabranth,FIN,Final Fantasy,230,normal,uncommon,3,106688,f9e64cb6-48f7-41d3-99e7-4b0bc3b33fd7,0.1,false,false,near_mint,en,USD
Judgment Bolt,FIN,Final Fantasy,559,normal,rare,1,105801,05b04b06-9271-4a28-a60e-287df0d1a4d1,0.23,false,false,near_mint,en,USD
Juggernaut,DMR,Dominaria Remastered,228,normal,common,1,77823,211ba3e4-8979-4dd1-b1a0-1d8a19969349,0.06,false,false,near_mint,en,USD
Juggletron,UNF,Unfinity,113,normal,uncommon,1,72814,81503e0b-02cb-4441-9fd6-2c3dced877a2,0.03,false,false,near_mint,en,USD
Jungle Hollow,NEO,Kamigawa: Neon Dynasty,269,normal,common,1,66921,deadca61-0be9-4eeb-ba12-bc73a49bae74,0.09,false,false,near_mint,en,USD
Jungle Hollow,TDM,Tarkir: Dragonstorm,258,normal,common,1,104375,ea13440b-3f7b-4182-9541-27c1fa3121e5,0.05,false,false,near_mint,en,USD
Jungle Shrine,FIC,Final Fantasy Commander,406,normal,uncommon,1,106172,cf5f5ffc-fad0-4f7b-b2a3-cc10ca445d40,0.3,false,false,near_mint,en,USD
Jungle Shrine,PIP,Fallout,270,normal,uncommon,1,92053,374c9b90-9179-4866-b479-ffd303767f97,0.27,false,false,near_mint,en,USD
Juniper Order Rootweaver,DMU,Dominaria United,22,normal,common,1,71752,c56cf82f-8bbb-49ae-ad93-291cbec9126e,0.03,false,false,near_mint,en,USD
Junk,TPIP,Fallout Tokens,15,normal,common,1,92237,62c4a6f6-6425-4c0c-b35a-880fcab42aad,0.09,false,false,near_mint,en,USD
Junk Jet,PIP,Fallout,60,normal,rare,1,91963,2397c9b8-3974-48b8-94bd-f05f2e20750c,0.12,false,false,near_mint,en,USD
Junkblade Bruiser,BLB,Bloomburrow,220,normal,common,1,95810,918fd89b-5ab7-4ae2-920c-faca5e9da7b9,0.03,false,false,near_mint,en,USD
Junktown,PIP,Fallout,150,normal,rare,1,92222,5e24c687-f070-469d-a09d-acf4ac6ed374,0.14,false,false,near_mint,en,USD
Just the Wind,UMA,Ultimate Masters,60,normal,common,1,43439,59e40878-358d-48ec-a35f-3d9867728143,0.04,false,false,near_mint,en,USD
Kaalia of the Vast,MH3,Modern Horizons 3,290,normal,mythic,1,94660,e71c8c39-3fbb-4a42-9cf6-b3224f5a56fc,2.63,false,false,near_mint,en,USD
Kabira Outrider,ZNR,Zendikar Rising,18,normal,common,2,54550,53c81719-f820-4674-9cfb-cd5eaf0c1f0d,0.03,false,false,near_mint,en,USD
"Kain, Traitorous Dragoon",FIN,Final Fantasy,105,normal,rare,1,105761,f8c86be0-e1b3-4a78-9254-238dd936914b,0.13,false,false,near_mint,en,USD
"Kaito, Dancing Shadow",ONE,Phyrexia: All Will Be One,204,normal,rare,1,78395,0d97f59a-07b8-47ef-aa88-d94f8c3feae4,0.31,false,false,near_mint,en,USD
Kami of Jealous Thirst,MH3,Modern Horizons 3,98,normal,common,1,94563,a2958c96-97f8-4961-813c-938b83e20d07,0.02,false,false,near_mint,en,USD
"Kamiz, Obscura Oculus",NCC,New Capenna Commander,3,normal,mythic,1,67833,74b8ae28-e169-46be-8180-ebdaf80efd81,0.53,false,false,near_mint,en,USD
Kangee's Lieutenant,CMR,Commander Legends,26,normal,uncommon,3,55809,a0f431b3-6f4e-40a5-b9d1-f2c67b70544d,0.11,false,false,near_mint,en,USD
"Kangee, Sky Warden",CMR,Commander Legends,283,normal,uncommon,1,55797,99988f41-99b4-4423-be5f-9dc4ec7d813b,0.23,false,false,near_mint,en,USD
Kappa Tech-Wrecker,NEO,Kamigawa: Neon Dynasty,348,normal,uncommon,1,66442,b9017ff4-d63f-4dd2-9157-c93fe4866bef,0.1,false,false,near_mint,en,USD
Karakyk Guardian,TDM,Tarkir: Dragonstorm,312,normal,uncommon,2,105142,8b8a7d6a-c429-4b66-b5b0-953335c5108e,0.14,false,false,near_mint,en,USD
Karametra's Blessing,THB,Theros Beyond Death,26,normal,common,1,47036,88c8e4dc-5378-48d6-85b2-f5ea9ec7cf36,0.11,false,false,near_mint,en,USD
"Kardur, Doomscourge",SCD,Starter Commander Decks,5,etched,mythic,1,74573,19e4d494-e8b3-4ae2-93e3-70c65ab90f15,0.48,false,false,near_mint,en,USD
Karfell Harbinger,KHM,Kaldheim,65,normal,common,1,56858,4911016c-b92a-47cc-9553-b424d7be196a,0.05,false,false,near_mint,en,USD
Kargan Warleader,ZNR,Zendikar Rising,224,normal,uncommon,1,54602,6f921dca-ce93-42d1-87b1-149973558467,0.09,false,false,near_mint,en,USD
Karn's Sylex,DMU,Dominaria United,234,normal,mythic,1,71504,673a8676-0a93-4ca3-a786-63f138027e8a,0.82,false,false,near_mint,en,USD
"Karumonix, the Rat King",ONE,Phyrexia: All Will Be One,98,normal,rare,1,78943,f16e282d-8941-46c7-a974-c05b6f73c964,1.23,false,false,near_mint,en,USD
"Kastral, the Windcrested",BLB,Bloomburrow,221,normal,rare,1,95850,ebf68793-22a2-4a59-9d37-6791584edca1,0.33,false,false,near_mint,en,USD
Kavaron Harrier,EOE,Edge of Eternities,139,normal,uncommon,1,107383,1da2a740-e4ff-4661-ba57-39b15c58e26e,0.04,false,false,near_mint,en,USD
Kaya's Wrath,DMC,Dominaria United Commander,155,normal,rare,1,71308,20adee32-2144-44ad-a70c-ebfbda0900ec,0.46,false,false,near_mint,en,USD
Kazandu Nectarpot,ZNR,Zendikar Rising,190,normal,common,2,54624,7c9d3f4a-ef83-454e-b8a1-1fc5d5f44be8,0.05,false,false,near_mint,en,USD
Kazandu Stomper,ZNR,Zendikar Rising,191,normal,common,2,54698,afdfe5aa-8b15-4a89-a22a-03baf6afa4e7,0.04,false,false,near_mint,en,USD
Kazuul's Fury // Kazuul's Cliffs,ZNR,Zendikar Rising,146,normal,uncommon,1,54610,75240bbc-adc7-48ff-9523-c79776d710d3,0.54,false,false,near_mint,en,USD
Kazuul's Toll Collector,2XM,Double Masters,133,normal,common,2,52157,7377e5a7-b479-48cc-8fbb-01af87c62566,0.13,false,false,near_mint,en,USD
"Kazuul, Tyrant of the Cliffs",MKC,Murders at Karlov Manor Commander,157,normal,rare,1,90400,721df547-d777-4247-b130-a4e247445b04,0.16,false,false,near_mint,en,USD
Keening Apparition,RTR,Return to Ravnica,12,normal,common,1,17410,657b242c-46cb-44d1-86fd-fb2485144a5b,0.06,false,false,near_mint,en,USD
Keening Banshee,GK2,RNA Guild Kit,31,normal,uncommon,2,43993,4e9c7c36-33af-4390-8ac7-3072907503f7,0.12,false,false,near_mint,en,USD
Keep Safe,IKO,Ikoria: Lair of Behemoths,56,normal,common,1,50021,febfa682-76ae-4979-a40c-c1eae1121f3c,0.11,false,false,near_mint,en,USD
"Kefka, Court Mage // Kefka, Ruler of Ruin",FIN,Final Fantasy,231,normal,mythic,1,105666,8fcf3fbb-1ddd-437e-81c1-f5a3133f5ee8,3.67,false,false,near_mint,en,USD
"Kefka, Dancing Mad",FIC,Final Fantasy Commander,84,normal,rare,1,105853,21cfc161-11b8-4253-a872-3b08a13b6991,0.46,false,false,near_mint,en,USD
Kemba's Banner,ONC,Phyrexia: All Will Be One Commander,7,normal,rare,1,78575,5e50c148-9f30-4131-8ec1-85e9ba8cafbb,0.26,false,false,near_mint,en,USD
"Kemba, Kha Enduring",ONE,Phyrexia: All Will Be One,330,normal,rare,1,78426,192ccc7f-ffb1-4f78-8cf0-a220df612be7,0.24,false,false,near_mint,en,USD
"Kenrith, the Returned King",FCA,Final Fantasy: Through the Ages,23,normal,rare,1,106656,d51b956a-acca-4aee-92ff-bd90a9814988,2.38,false,false,near_mint,en,USD
"Kess, Dissident Mage",NCC,New Capenna Commander,344,normal,mythic,1,68455,e83e6d7a-3af0-4955-8004-2310f051e306,5.66,false,false,near_mint,en,USD
Kessig Flamebreather,VOW,Innistrad: Crimson Vow,164,normal,common,1,64150,303ad78a-b02a-44dc-afe6-7f95781a5062,2.81,false,false,near_mint,en,USD
"Kethek, Crucible Goliath",ONE,Phyrexia: All Will Be One,206,normal,rare,1,78518,4152a5a8-e5a1-46b0-8f75-b9ac341da474,0.15,false,false,near_mint,en,USD
Key to the City,FIC,Final Fantasy Commander,348,normal,rare,1,106202,df087751-b8bf-4db0-a571-fb32f596fc2e,0.18,false,false,near_mint,en,USD
Khalni Ambush // Khalni Territory,ZNR,Zendikar Rising,192,normal,uncommon,1,54661,99535539-aa73-41ed-86ab-21c97b92620d,0.41,false,false,near_mint,en,USD
Kher Keep,ONC,Phyrexia: All Will Be One Commander,157,normal,rare,1,78909,e1e671e7-0e21-472e-9040-e52309c0c760,0.25,false,false,near_mint,en,USD
Kheru Goldkeeper,TDM,Tarkir: Dragonstorm,313,normal,uncommon,1,105150,9d85ba44-8f29-4c49-b77f-8a6692d23c8c,0.29,false,false,near_mint,en,USD
Kiln Fiend,J25,Foundations Jumpstart,139,normal,common,1,100303,2c0b93d1-8f74-4a69-b42c-be7d08a31f8a,0.1,false,false,near_mint,en,USD
"Kimahri, Valiant Guardian",FIC,Final Fantasy Commander,85,normal,rare,1,105900,42006bd4-f6f0-4638-a50e-46d9d7a54b6e,0.15,false,false,near_mint,en,USD
Kin-Tree Nurturer,TDM,Tarkir: Dragonstorm,83,normal,common,1,105124,2177ef64-28bf-4acf-b1f1-c1408f03c411,0.05,false,false,near_mint,en,USD
Kindly Ancestor // Ancestor's Embrace,VOW,Innistrad: Crimson Vow,22,normal,common,2,64129,25193485-7f41-4b05-9a69-4c112679f97c,0.05,false,false,near_mint,en,USD
Kinetic Augur,M21,Core Set 2021,154,normal,uncommon,1,51034,dc5e8221-fc2d-4d90-80f3-729606648c54,0.09,false,false,near_mint,en,USD
King Darien XLVIII,DMU,Dominaria United,204,normal,rare,1,71268,10eca3b1-f35a-4984-bfc0-818e619b1ece,0.43,false,false,near_mint,en,USD
Kinzu of the Bleak Coven,ONE,Phyrexia: All Will Be One,406,normal,rare,1,78455,28934cf3-c1e0-49c9-93ce-fd60b1881884,0.17,false,false,near_mint,en,USD
"Kiora, the Crashing Wave Emblem",TBNG,Born of the Gods Tokens,11,normal,common,1,14784,e45f7850-2ebb-4530-9859-f87b4e0e27be,4.42,false,false,near_mint,en,USD
Kishla Trawlers,TDM,Tarkir: Dragonstorm,50,normal,uncommon,1,104472,190fbc55-e8e9-4077-9532-1de7406baabf,0.04,false,false,near_mint,en,USD
Kitchen Imp,MH2,Modern Horizons 2,89,normal,common,1,59648,836ae711-e62f-49ec-850e-d25f6fd2a4d4,0.13,false,false,near_mint,en,USD
Kitesail Skirmisher,CMR,Commander Legends,77,normal,common,1,55973,fcd356b3-29a9-4526-93a0-33375f65744b,0.11,false,false,near_mint,en,USD
Kithkin Greatheart,MMA,Modern Masters,21,normal,common,1,16288,777d091f-7718-434f-894d-2fe40e0e67dd,0.04,false,false,near_mint,en,USD
Kitsune Ace,NEO,Kamigawa: Neon Dynasty,22,normal,common,1,66838,ef1d446a-8607-45b8-a01f-dad17bab76e7,0.04,false,false,near_mint,en,USD
Knight,TDMU,Dominaria United Tokens,3,normal,common,1,71193,19e893e5-12a8-4ecb-adcd-9e7b26b01de2,0.11,false,false,near_mint,en,USD
Knight,TCMM,Commander Masters Tokens,7,normal,common,2,84269,3df61c33-38b3-4549-9e5d-ae1b5c1afd62,0.29,false,false,near_mint,en,USD
Knight of the Pilgrim's Road,ORI,Magic Origins,20,normal,common,2,10922,b9de5f39-b07a-4272-8992-ed971132c9c4,0.04,false,false,near_mint,en,USD
Knight Watch,GTC,Gatecrash,19,normal,common,2,16805,cd492072-9a8c-4d55-ac71-3c8efaa3fc87,0.03,false,false,near_mint,en,USD
Knightly Valor,2X2,Double Masters 2022,14,normal,common,2,70470,c0f20ca6-1a92-4be5-a84a-e7f8f0b7f648,0.04,false,false,near_mint,en,USD
Knights' Charge,MOC,March of the Machine Commander,333,normal,rare,1,81675,53d74710-7396-4984-afd8-fe47059e3d12,0.54,false,false,near_mint,en,USD
Knockout Maneuver,TDM,Tarkir: Dragonstorm,147,normal,uncommon,1,105149,9d218831-2a41-46a3-8e9d-93462cae5cab,0.05,false,false,near_mint,en,USD
Knowledge Is Power,MKC,Murders at Karlov Manor Commander,42,normal,rare,1,90277,1afe55c3-53c3-4257-afb6-32a553639f50,0.15,false,false,near_mint,en,USD
Kobolds of Kher Keep,TMKC,Murders at Karlov Manor Commander Tokens,12,normal,common,1,90117,0a8bc802-2b33-44eb-b93b-624709790279,0.17,false,false,near_mint,en,USD
Kor Blademaster,ZNR,Zendikar Rising,21,normal,uncommon,2,54835,fc6d6049-5599-47eb-ae58-a8eb96927ece,0.07,false,false,near_mint,en,USD
Kor Celebrant,ZNR,Zendikar Rising,22,normal,common,3,54635,87c37e46-a961-4739-8893-f783013e2be6,0.05,false,false,near_mint,en,USD
Kor Chant,CNS,Conspiracy,73,normal,common,2,14347,9045cbc3-f8d7-4131-87ea-c1b021618c43,0.07,false,false,near_mint,en,USD
"Koth, Fire of Resistance",ONE,Phyrexia: All Will Be One,338,normal,rare,3,78218,29fc1c96-849e-43a8-9e7f-3c3af6861155,0.51,false,false,near_mint,en,USD
Kragma Warcaller,THS,Theros,195,normal,uncommon,1,15469,78791fc6-054f-45eb-b8b0-28f2512d72b6,0.08,false,false,near_mint,en,USD
"Kraum, Ludevic's Opus",FCA,Final Fantasy: Through the Ages,56,normal,rare,1,106412,b1a273c4-008a-41a0-84b8-38654303265d,1.47,false,false,near_mint,en,USD
Krenko's Buzzcrusher,MKM,Murders at Karlov Manor,136,normal,rare,1,90662,0edcda2a-071b-40c5-9fb3-8a4ff87ca00e,0.16,false,false,near_mint,en,USD
Krile Baldesion,FIC,Final Fantasy Commander,86,normal,rare,1,105832,125dd19b-98a0-49d9-a870-63214255e12a,0.22,false,false,near_mint,en,USD
Krosan Druid,DOM,Dominaria,167,normal,common,1,2109,c332dc82-7664-44d0-b92a-a3d867399884,0.07,false,false,near_mint,en,USD
Krydle of Baldur's Gate,AFR,Adventures in the Forgotten Realms,226,normal,uncommon,1,60292,75f4d622-2d50-4e6e-87a5-5a1cc65d6919,0.19,false,false,near_mint,en,USD
"Kuja, Genome Sorcerer // Trance Kuja, Fate Defied",FIN,Final Fantasy,232,normal,rare,1,105540,008782d2-72b0-4554-b1ce-2db99969a4d8,0.73,false,false,near_mint,en,USD
Kuldotha Cackler,ONE,Phyrexia: All Will Be One,139,normal,common,2,78956,f7155c42-a824-4bbe-9f7a-fa01e7625fd6,0.02,false,false,near_mint,en,USD
Kuldotha Flamefiend,2XM,Double Masters,134,normal,uncommon,1,52103,226e1d72-4ed0-4db6-ac0a-f4631db986a9,0.06,false,false,near_mint,en,USD
"Kykar, Zephyr Awakener",FDN,Foundations,122,normal,rare,1,100643,6c980998-7124-4ec6-a0b6-e8d9a2364925,0.3,false,false,near_mint,en,USD
Kytheon's Irregulars,ORI,Magic Origins,24,normal,rare,1,10918,440f9dbb-6d31-4c03-9c6d-c4910adc5497,0.12,false,false,near_mint,en,USD
Laboratory Drudge,CMR,Commander Legends,78,normal,rare,1,55846,b6a1d1e2-caea-4e64-8a3a-740f62b36853,0.18,false,false,near_mint,en,USD
Laboratory Maniac,FCA,Final Fantasy: Through the Ages,30,normal,uncommon,1,106403,44ede007-b6db-4396-8b25-9e2621cfeec4,0.23,false,false,near_mint,en,USD
Laboratory Maniac,INR,Innistrad Remastered,71,normal,uncommon,2,102624,7a5be94c-08b8-4964-a79d-e22ea6e94be8,0.9,false,false,near_mint,en,USD
Lacerate Flesh,VOW,Innistrad: Crimson Vow,166,normal,common,5,64410,c7e0c0dc-2d35-4e5a-81da-dd5f35b8e579,0.04,false,false,near_mint,en,USD
Laid to Rest,VOW,Innistrad: Crimson Vow,207,normal,uncommon,2,64101,141f7948-3140-40f2-95dd-ab6c79f2a821,0.11,false,false,near_mint,en,USD
Lambholt Raconteur // Lambholt Ravager,VOW,Innistrad: Crimson Vow,167,normal,uncommon,1,64086,0cbee24c-9147-46cb-a5f9-8d919c021aa4,0.1,false,false,near_mint,en,USD
Lamplighter of Selhoff,SOI,Shadows over Innistrad,72,normal,common,1,8924,80dadecc-f1f1-44a2-8829-6c94aade73a0,0.07,false,false,near_mint,en,USD
Land Tax,WOT,Wilds of Eldraine: Enchanting Tales,9,normal,mythic,1,85725,cb8796fd-ebf4-4fe3-b785-f48c65ff8257,21.02,false,false,near_mint,en,USD
Landscaper Colos,MH2,Modern Horizons 2,18,normal,common,1,59887,f45a9e86-133e-4626-a239-73ef88d9ae12,0.05,false,false,near_mint,en,USD
Lantern Bearer // Lanterns' Lift,INR,Innistrad Remastered,72,normal,common,5,101848,0e568af8-9ddf-4efd-92ec-74a54b811c03,0.03,false,false,near_mint,en,USD
Lantern of Insight,5DN,Fifth Dawn,135,normal,uncommon,1,29360,cb0e4c78-75fe-4692-b177-974b148f0614,2.37,false,false,near_mint,en,USD
Lashweed Lurker,EMN,Eldritch Moon,9,normal,uncommon,1,8328,a13f9a76-3370-4809-88ff-c300bca31c9e,0.1,false,false,near_mint,en,USD
Lasyd Prowler,TDM,Tarkir: Dragonstorm,348,normal,rare,1,104506,2683ba05-13aa-44ca-8465-d9fa19ae610d,0.17,false,false,near_mint,en,USD
Lat-Nam Adept,BRO,The Brothers' War,56,normal,common,4,75677,a1e088de-e99f-4706-89e0-a7efdaf9403a,0.04,false,false,near_mint,en,USD
Lattice-Blade Mantis,ONE,Phyrexia: All Will Be One,173,normal,common,3,78958,f7427def-c4b2-475a-8dc9-7e89409d9abb,0.05,false,false,near_mint,en,USD
Laughing Mad,FIN,Final Fantasy,143,normal,common,8,106168,cd5b9daf-6325-4eb4-a069-4a8cc7807884,0.07,false,false,near_mint,en,USD
Lava Axe,M19,Core Set 2019,150,normal,common,1,1162,c3dab325-8f4f-4288-9f3f-960e52b4335b,0.06,false,false,near_mint,en,USD
Lava Serpent,IKO,Ikoria: Lair of Behemoths,124,normal,common,2,49953,00ebd57f-7f7c-41b0-aa56-511c1816bc14,0.03,false,false,near_mint,en,USD
Lawless Broker,KLD,Kaladesh,86,normal,common,1,7557,1b5bfff7-aa23-42ef-af1b-bc3304bd3a17,0.04,false,false,near_mint,en,USD
Lazotep Chancellor,DRC,Aetherdrift Commander,117,normal,uncommon,1,103073,604d4c94-c73f-423b-8dc0-86a92674adf7,0.08,false,false,near_mint,en,USD
Lazotep Chancellor,MH2,Modern Horizons 2,369,normal,uncommon,1,59665,8b3e2d11-0f87-43f2-a961-99a47486f8fa,0.08,false,false,near_mint,en,USD
Leaf Gilder,DDU,Duel Decks: Elves vs. Inventors,17,normal,common,5,2450,e7d04e77-cbc4-40bf-a0f2-67312309a9cb,0.1,false,false,near_mint,en,USD
Legion Leadership // Legion Stronghold,MH3,Modern Horizons 3,255,normal,uncommon,1,94502,7676abd9-0a3d-4721-b17b-778d2e3c2e25,0.54,false,false,near_mint,en,USD
Legion Loyalty,TDC,Tarkir: Dragonstorm Commander,122,normal,mythic,1,104456,11681eae-f5bd-4e78-a980-5ab58db0d9f3,0.26,false,false,near_mint,en,USD
Legion Vanguard,CMM,Commander Masters,170,normal,common,1,84064,11ea9ea5-acf1-4980-b7e5-083da455adb0,0.06,false,false,near_mint,en,USD
Legion Warboss,TDC,Tarkir: Dragonstorm Commander,220,normal,rare,1,104570,3d726dff-2904-4a82-adaa-29c57a5c2aed,0.18,false,false,near_mint,en,USD
Legions to Ashes,FIC,Final Fantasy Commander,326,normal,rare,1,105892,39fe8402-2f70-4498-a0b6-6a9dd0e2848f,0.19,false,false,near_mint,en,USD
Leonin Lightbringer,ONE,Phyrexia: All Will Be One,20,normal,common,4,78713,96ae13df-670e-49a0-99b0-baf908ac9eb4,0.06,false,false,near_mint,en,USD
Lethal Scheme,FIC,Final Fantasy Commander,277,normal,rare,1,105806,0802be9f-686f-4321-afa4-d472241de653,0.25,false,false,near_mint,en,USD
Lethal Sting,HOU,Hour of Devastation,67,normal,common,1,4608,eaded6bf-2db7-4b1d-93cc-4b7b571cd2de,0.07,false,false,near_mint,en,USD
Leyline Tyrant,TDC,Tarkir: Dragonstorm Commander,221,normal,mythic,1,104433,0542d0d7-5b0f-4093-b74d-6a60f174aeb5,1.68,false,false,near_mint,en,USD
"Liberty Prime, Recharged",PIP,Fallout,5,foil,mythic,2,92010,2da11337-ceb2-4744-9696-c06fec2f2daa,0.26,false,false,near_mint,en,USD
Lich-Knights' Conquest,WOE,Wilds of Eldraine,96,normal,rare,1,85419,59cd67d3-3327-42ad-9db1-50e2f591818c,1.28,false,false,near_mint,en,USD
"Licia, Sanguine Tribune",C17,Commander 2017,40,foil,mythic,1,4415,64eab2ba-ed5e-4757-b42d-c0fc71a96c4c,2.93,false,false,near_mint,en,USD
Lie in Wait,TDM,Tarkir: Dragonstorm,203,normal,uncommon,2,104819,96fff22c-282b-4849-82ce-890013b53262,0.07,false,false,near_mint,en,USD
"Lier, Disciple of the Drowned",TDC,Tarkir: Dragonstorm Commander,157,normal,mythic,1,104908,b8b70585-e0ea-4cb4-9360-a8ab47626696,0.79,false,false,near_mint,en,USD
"Liesa, Shroud of Dusk",CMR,Commander Legends,286,normal,rare,1,55936,e32453a1-1fd9-4bda-aaa8-7c287e4c2587,0.77,false,false,near_mint,en,USD
Lifecreed Duo,BLB,Bloomburrow,20,normal,common,1,95968,ca543405-5e12-48a0-9a77-082ac9bcb2f2,0.14,false,false,near_mint,en,USD
Lifestream's Blessing,FIC,Final Fantasy Commander,67,normal,rare,1,105916,48b4101b-3428-4b6b-818a-6097a093e9b5,0.52,false,false,near_mint,en,USD
Light 'Em Up,SNC,Streets of New Capenna,113,normal,common,1,68076,ee31d56a-9b7e-4de0-81cb-3b7c76b6fbd5,0.02,false,false,near_mint,en,USD
Light of Judgment,FIN,Final Fantasy,144,normal,common,8,106600,98bb716d-ca66-445f-9cb3-0fc656c8ebff,0.02,false,false,near_mint,en,USD
Light Up the Stage,FCA,Final Fantasy: Through the Ages,39,normal,uncommon,1,106407,686150d8-1d01-4c4f-8e4d-61ada78d6859,0.17,false,false,near_mint,en,USD
Lightfoot Rogue,AFR,Adventures in the Forgotten Realms,111,normal,uncommon,1,60355,9f88de61-8dee-46b3-91b2-d4cdb4db36bf,0.15,false,false,near_mint,en,USD
Lightfoot Technique,TDM,Tarkir: Dragonstorm,14,normal,common,1,104910,baac1a41-d44d-4184-9147-b4233e73de65,0.06,false,false,near_mint,en,USD
Lightning Axe,TSR,Time Spiral Remastered,174,normal,uncommon,1,57855,ca33c171-ab9e-4908-8f97-82cd83b173c0,0.13,false,false,near_mint,en,USD
Lightning Bolt,FCA,Final Fantasy: Through the Ages,40,normal,uncommon,1,106371,e89794ab-6070-4916-936f-2b42fe41d31b,0.49,false,false,near_mint,en,USD
Lightning Bolt,CLU,Ravnica: Clue Edition,141,normal,uncommon,1,90978,77c6fa74-5543-42ac-9ead-0e890b188e99,1.42,false,false,near_mint,en,USD
Lightning Greaves,FIC,Final Fantasy Commander,349,normal,uncommon,1,105996,779abd27-985f-4bb9-9330-38d49bf52903,4.44,false,false,near_mint,en,USD
Lightning Greaves,PIP,Fallout,233,normal,uncommon,1,92445,8ec824ef-fd09-4f7e-a350-ac80005c261f,4.56,false,false,near_mint,en,USD
Lightning Helix,RVR,Ravnica Remastered,197,normal,uncommon,3,89966,e99aead9-caa8-40ff-b8bd-2885004a2fd1,0.18,false,false,near_mint,en,USD
Lightning Mauler,INR,Innistrad Remastered,163,normal,uncommon,1,102829,ea45c4fe-6e39-4c5f-b7f0-233dee1eff90,0.11,false,false,near_mint,en,USD
Lightning Runner,DRC,Aetherdrift Commander,103,normal,mythic,1,103130,80e06596-fb1a-4d89-8d91-c6b95014f132,0.16,false,false,near_mint,en,USD
Lightning Skelemental,MH1,Modern Horizons,208,normal,rare,1,44726,5734012b-31db-4125-8fea-c88666969cd6,0.63,false,false,near_mint,en,USD
Lightning Strike,DMU,Dominaria United,137,normal,common,1,71560,7d541125-bfb8-4f88-8bf3-ad7b6af7ad1d,0.04,false,false,near_mint,en,USD
Lightning Volley,BNG,Born of the Gods,101,normal,uncommon,1,14859,b2af8746-033d-4a8a-b62d-ab5addb33d4d,0.2,false,false,near_mint,en,USD
Lightning Wolf,VOW,Innistrad: Crimson Vow,168,normal,common,1,64265,7211e4c3-e940-41da-88e4-4630eab447a6,0.12,false,false,near_mint,en,USD
"Lightning, Army of One",FIN,Final Fantasy,233,normal,mythic,1,105554,1103da9c-300c-406b-997d-9e5bb7cd02d6,5.06,false,false,near_mint,en,USD
"Lightning, Security Sergeant",FIN,Final Fantasy,560,normal,rare,1,105920,4ad4dce3-6e43-4528-b570-85547d03164e,0.39,false,false,near_mint,en,USD
Lightning-Rig Crew,CMR,Commander Legends,190,normal,uncommon,1,56130,8fa676ef-3f26-43bb-98f9-9b0b9681a7fe,0.1,false,false,near_mint,en,USD
Lightshell Duo,FDN,Foundations,157,normal,common,1,101063,bb75315c-ea8f-4eb0-899e-c73ef75fc396,0.04,false,false,near_mint,en,USD
Liliana's Elite,2X2,Double Masters 2022,82,normal,common,1,70415,a3da81fa-0bd1-4415-b112-3fa4438efe4b,0.04,false,false,near_mint,en,USD
"Lindblum, Industrial Regency // Mage Siege",FIN,Final Fantasy,285,normal,rare,1,106405,548dd152-f0b6-4e8f-9afc-a4ec1671b648,0.97,false,false,near_mint,en,USD
Lingering Souls,FIC,Final Fantasy Commander,245,normal,uncommon,1,106215,e464408d-3e50-4a9e-beca-b91e15baacaf,0.11,false,false,near_mint,en,USD
"Linvala, Shield of Sea Gate",ZNR,Zendikar Rising,226,normal,rare,2,54539,49b66956-82e1-402f-9088-2201bdc0d4b8,0.23,false,false,near_mint,en,USD
Lion Heart,FIN,Final Fantasy,261,normal,uncommon,3,106420,04d327a3-1699-4556-b681-a957671ad142,0.92,false,false,near_mint,en,USD
Littjara Kinseekers,KHM,Kaldheim,66,normal,common,1,57072,c119f836-0707-49e2-b6d4-25f849d054a4,0.07,false,false,near_mint,en,USD
Living Tempest,ZNR,Zendikar Rising,65,normal,common,1,54673,a05ed233-9b53-4c67-ab1c-0217386c9fe4,0.03,false,false,near_mint,en,USD
Llanowar Envoy,DOM,Dominaria,169,normal,common,1,2107,1a667bba-ecf0-4212-8ca3-75d4db6abce2,0.06,false,false,near_mint,en,USD
Llanowar Stalker,DMU,Dominaria United,171,normal,common,1,71813,e2d714d8-0e9b-4761-a0ef-3429b4e2f5b7,0.11,false,false,near_mint,en,USD
Lobber Crew,RTR,Return to Ravnica,99,normal,common,1,17323,b9d4aa15-a3c2-42a3-a87a-443e7dd20c04,0.11,false,false,near_mint,en,USD
Localized Destruction,M3C,Modern Horizons 3 Commander,93,normal,rare,1,94758,71337d43-b6b2-4dc6-a980-3f1c4fe5a330,0.09,false,false,near_mint,en,USD
Locke Cole,FIN,Final Fantasy,234,normal,uncommon,1,106552,572feb8c-6976-40a8-8a34-b4db836cca56,0.08,false,false,near_mint,en,USD
"Locke, Treasure Hunter",FIC,Final Fantasy Commander,87,normal,rare,1,105902,42cd66f2-0704-4c8e-b5de-6df93f4a8bed,0.22,false,false,near_mint,en,USD
Locked in the Cemetery,MID,Innistrad: Midnight Hunt,60,normal,common,1,63285,68593c6d-8d1b-4c36-84a1-f1144669825e,0.04,false,false,near_mint,en,USD
Locthwain Paladin,ELD,Throne of Eldraine,93,normal,common,1,46245,da6f21a8-3dd0-42af-8a93-84f98968c781,0.07,false,false,near_mint,en,USD
Lonely Sandbar,LTC,Tales of Middle-earth Commander,319,normal,uncommon,1,83301,932ab27a-37bc-4d67-af16-619c500517b1,0.12,false,false,near_mint,en,USD
Looming Shade,M10,Magic 2010,103,normal,common,1,23250,84a6703c-38d4-4c86-b5b0-ebfde81bb1bf,0.03,false,false,near_mint,en,USD
Loporrit Scout,FIN,Final Fantasy,192,normal,common,5,106612,a182bc66-bfda-4bf5-bd12-3de5dba60945,0.05,false,false,near_mint,en,USD
Loran's Escape,BRO,The Brothers' War,14,normal,common,12,75391,3765610d-a0c1-4de9-a81b-ffa3eb06454b,0.67,false,false,near_mint,en,USD
Lord Jyscal Guado,FIC,Final Fantasy Commander,23,normal,rare,1,105834,134ef3cd-01ac-4d60-a277-df7ab7b8f88c,0.13,false,false,near_mint,en,USD
Lore Drakkis,IKO,Ikoria: Lair of Behemoths,194,normal,uncommon,1,49883,83e035ca-eccd-4b63-817c-f2c676b9c98d,0.1,false,false,near_mint,en,USD
Loreseeker's Stone,CMR,Commander Legends,320,normal,uncommon,1,56235,e95365a8-514a-4212-9d65-b0cdf2cd06e5,0.07,false,false,near_mint,en,USD
Louisoix's Sacrifice,FIN,Final Fantasy,59,normal,rare,1,106544,4a6976f2-0bd5-449a-8fcf-f5a732ce22c1,0.22,false,false,near_mint,en,USD
Loxodon Battle Priest,TDM,Tarkir: Dragonstorm,15,normal,uncommon,1,104861,a527cdb0-f54a-4b53-83a0-6b3e8cafa45e,0.87,false,false,near_mint,en,USD
Loxodon Warhammer,ONC,Phyrexia: All Will Be One Commander,135,normal,rare,1,78626,728952a5-5f50-4ee6-a1ce-38d7e97023cb,1.89,false,false,near_mint,en,USD
Loyal Apprentice,TDC,Tarkir: Dragonstorm Commander,222,normal,uncommon,1,104983,d4d469ea-824b-4eff-82e8-2a0b9b4c0e2d,0.18,false,false,near_mint,en,USD
Loyal Apprentice,PIP,Fallout,190,normal,uncommon,1,92875,f5cd0e82-d2aa-4614-93a2-b84828866742,0.21,false,false,near_mint,en,USD
Loyal Cathar // Unhallowed Cathar,DKA,Dark Ascension,13,normal,common,1,18524,cb09041b-4d09-4cae-9e85-b859edae885b,0.07,false,false,near_mint,en,USD
Loyal Drake,CMM,Commander Masters,104,normal,uncommon,1,84937,d827bb89-4e28-4b77-94c0-10f79ec9099a,0.18,false,false,near_mint,en,USD
Lull,A25,Masters 25,180,normal,common,1,2536,8bdb38b2-3eba-4b2e-b5d8-58e9ad799d1f,0.09,false,false,near_mint,en,USD
Lullmage's Domination,ZNR,Zendikar Rising,66,normal,uncommon,2,54747,c9944393-348f-4f0e-a0c7-9adcc5a30749,0.08,false,false,near_mint,en,USD
Lullmage's Familiar,ZNR,Zendikar Rising,227,normal,uncommon,2,54707,b31a81e8-df0e-4540-93c1-c30c31ea9be9,0.07,false,false,near_mint,en,USD
"Lulu, Stern Guardian",FIC,Final Fantasy Commander,38,normal,rare,1,106069,9c0b1d5d-2b10-4dde-bb95-8cbf780cca97,0.6,false,false,near_mint,en,USD
Lumengrid Gargoyle,CMR,Commander Legends,321,normal,common,1,56179,c200239c-d28e-4c55-a7bc-64a1d138cc2f,0.02,false,false,near_mint,en,USD
Lumengrid Warden,10E,Tenth Edition,89,normal,common,2,26024,0a03ba5a-ac27-4fce-9eaf-b029ab26f9e1,0.08,false,false,near_mint,en,USD
Luminous Broodmoth,FIC,Final Fantasy Commander,246,normal,mythic,1,106219,e6fc5c0b-0b64-491d-b312-b9b2133225d9,0.55,false,false,near_mint,en,USD
Lunar Rejection,VOW,Innistrad: Crimson Vow,67,normal,uncommon,1,64092,0f66511c-355f-4e8a-96fc-3afc7a315231,0.05,false,false,near_mint,en,USD
Lunarch Mantle,INR,Innistrad Remastered,31,normal,common,1,102636,8092b454-4c74-439b-9c74-5d90b29c4e9d,0.03,false,false,near_mint,en,USD
Lunatic Pandora,FIN,Final Fantasy,262,normal,common,7,106659,d6e1e3e7-20d4-42cb-ad22-60356b9e8fdc,0.05,false,false,near_mint,en,USD
Lys Alana Bowmaster,CMR,Commander Legends,241,normal,common,1,56042,3888e2f0-223b-4509-8071-fe1b87a65b72,0.05,false,false,near_mint,en,USD
Lyse Hext,FIC,Final Fantasy Commander,88,normal,rare,2,106059,97845ece-ceef-468c-a4e3-6fde1413c9f0,0.26,false,false,near_mint,en,USD
Mace of the Valiant,CMM,Commander Masters,41,normal,uncommon,1,84581,88a08aff-3a50-4f2e-97a1-f1d79d5c4ade,0.12,false,false,near_mint,en,USD
Machine Over Matter,BRO,The Brothers' War,57,normal,common,7,75795,d08eadf5-a86d-4e8d-b65d-79b4f88477b9,0.08,false,false,near_mint,en,USD
Machinist's Arsenal,FIN,Final Fantasy,23,normal,rare,2,106381,ff976428-2145-4630-aab1-08870b90b2f0,0.42,false,false,near_mint,en,USD
Maelstrom of the Spirit Dragon,TDM,Tarkir: Dragonstorm,260,normal,rare,1,104359,c4e90bfb-d9a5-48a9-9ff9-b0f50a813eee,0.94,false,false,near_mint,en,USD
Maester Seymour,FIC,Final Fantasy Commander,68,normal,rare,1,106243,f6a4267b-aa76-4dec-bc72-252236c44968,0.26,false,false,near_mint,en,USD
Mage Hunters' Onslaught,STX,Strixhaven: School of Mages,77,normal,common,1,58374,ed85140f-f0e0-4ac1-a67f-26d17ff95e31,0.06,false,false,near_mint,en,USD
Mage-Ring Bully,ORI,Magic Origins,154,normal,common,1,10788,1a129f22-dd7e-4b2c-a514-a2ac55bb5661,0.04,false,false,near_mint,en,USD
Mage-Ring Network,CMM,Commander Masters,1009,normal,uncommon,1,85038,f060ea2b-717a-47ae-a4d6-b0594e838459,0.31,false,false,near_mint,en,USD
Magic Damper,FIN,Final Fantasy,61,normal,common,7,106540,44921b2e-5938-4f63-92b9-0b719a2f8c68,0.06,false,false,near_mint,en,USD
Magic Pot,FIN,Final Fantasy,263,normal,common,8,106553,57d07ca0-5618-4a90-a605-ca14a193ce3b,0.04,false,false,near_mint,en,USD
Magister Sphinx,2X2,Double Masters 2022,247,normal,rare,1,70466,be662808-e452-407d-b142-bf6f30990b5a,0.67,false,false,near_mint,en,USD
Magitek Armor,FIN,Final Fantasy,24,normal,uncommon,2,106432,59c4a1a2-623c-43b2-8005-ecb5c6436c10,0.07,false,false,near_mint,en,USD
Magitek Infantry,FIN,Final Fantasy,25,normal,common,10,106635,b64dc6d7-dd01-4e66-9099-4c90865448df,0.03,false,false,near_mint,en,USD
Magitek Scythe,FIN,Final Fantasy,562,normal,rare,1,106027,8b691d42-3498-4d47-9a46-f7c376df8886,0.2,false,false,near_mint,en,USD
Magma Jet,MM3,Modern Masters 2017,100,normal,common,2,6113,8af1c5b0-973d-467e-a797-51ca75c183c1,0.11,false,false,near_mint,en,USD
Magma Opus,TDC,Tarkir: Dragonstorm Commander,296,normal,mythic,1,104482,1e568e10-30e4-42ba-b364-f65c93f7da32,0.15,false,false,near_mint,en,USD
Magma Pummeler,VOW,Innistrad: Crimson Vow,169,normal,uncommon,1,64171,42f133d6-35c3-49b7-85f6-d6cfa6bac3d9,0.06,false,false,near_mint,en,USD
Magma Spray,JOU,Journey into Nyx,103,normal,common,1,14546,9710889c-0fc6-43a9-83df-484ab0659030,0.05,false,false,near_mint,en,USD
Magmatic Sprinter,ONE,Phyrexia: All Will Be One,140,normal,uncommon,2,78478,2e6af42f-35ec-432f-9879-2a0fb938a9f6,0.03,false,false,near_mint,en,USD
Magnigoth Sentry,FDN,Foundations,556,normal,common,1,101517,5624e610-c4c0-4103-a32b-0f1264030a7a,0.17,false,false,near_mint,en,USD
Make a Stand,CMR,Commander Legends,32,normal,uncommon,1,56044,3a948ef4-145f-4bea-b4af-5daa951b338c,0.16,false,false,near_mint,en,USD
Make Your Mark,STX,Strixhaven: School of Mages,204,normal,common,1,58176,7e937830-3804-44e8-b9d0-3e5f5cf39eab,0.05,false,false,near_mint,en,USD
Makeshift Mauler,INR,Innistrad Remastered,73,normal,common,2,102511,404c6bb8-4c64-458f-a4aa-98beb2c6a77c,0.02,false,false,near_mint,en,USD
Makeshift Munitions,CMM,Commander Masters,242,normal,common,2,84414,60715b6d-b223-431a-85d8-27d7c05469b2,0.12,false,false,near_mint,en,USD
Makindi Ox,ZNR,Zendikar Rising,25,normal,common,6,54837,fd0d164a-bce2-4474-abe0-b735eb6c9442,0.09,false,false,near_mint,en,USD
Makindi Stampede // Makindi Mesas,ZNR,Zendikar Rising,26,normal,uncommon,1,54692,ada9a974-8f1f-4148-bd61-200fc14714b2,0.14,false,false,near_mint,en,USD
Malakir Bloodwitch,VOC,Crimson Vow Commander,131,normal,rare,1,64622,b91ceead-5071-43e8-bf90-f379d683acdf,4.82,false,false,near_mint,en,USD
Malboro,FIN,Final Fantasy,106,normal,common,7,105739,e46d8048-03ce-4e07-ba24-f41ba6140a4e,0.06,false,false,near_mint,en,USD
Malcator's Watcher,ONE,Phyrexia: All Will Be One,58,normal,common,1,78709,95a7e5ff-ba81-4b45-933e-0ac747525ab8,0.03,false,false,near_mint,en,USD
"Malcator, Purity Overseer",ONE,Phyrexia: All Will Be One,208,normal,rare,2,78495,36bda977-e5d1-4813-a5f5-265023965142,0.13,false,false,near_mint,en,USD
Malevolent Rumble,MH3,Modern Horizons 3,161,normal,common,1,94878,a178cfe8-f9fa-4255-88d0-54a0bed079f5,0.45,false,false,near_mint,en,USD
Malevolent Whispers,C19,Commander 2019,150,normal,uncommon,1,45784,b4b0da4b-88b0-4f9a-b16f-3ad383493d1f,0.05,false,false,near_mint,en,USD
Man-o'-War,DMR,Dominaria Remastered,58,normal,common,1,78057,a1ef40d5-c287-4229-8059-3505d9f251ca,0.05,false,false,near_mint,en,USD
Mana Tithe,TSR,Time Spiral Remastered,26,normal,common,1,57764,9ae707d5-d81d-4320-b947-6016dc188898,0.81,false,false,near_mint,en,USD
Manaform Hellkite,TDC,Tarkir: Dragonstorm Commander,224,normal,mythic,1,104824,99d9d5d3-28eb-4d76-bdd9-718c74df0fbf,0.19,false,false,near_mint,en,USD
Mandible Justiciar,ONE,Phyrexia: All Will Be One,21,normal,common,1,78546,544a707d-4090-4a74-91aa-60fbd8a4ae96,0.04,false,false,near_mint,en,USD
Mandibular Kite,MH3,Modern Horizons 3,34,normal,common,1,94492,6b922f71-18e6-4a74-b792-d477d4a1deca,0.02,false,false,near_mint,en,USD
"Mangara, the Diplomat",TDC,Tarkir: Dragonstorm Commander,124,normal,rare,1,104594,452b735c-791f-4843-9390-8803154cde62,0.35,false,false,near_mint,en,USD
Manor Gate,CLB,Commander Legends: Battle for Baldur's Gate,356,normal,common,1,69115,793d4978-9e00-453d-8dc2-6d51ad6c26b7,0.35,false,false,near_mint,en,USD
Manta Ray,WTH,Weatherlight,42,normal,common,1,37255,80f74884-9b82-419d-9e97-c947a6b7d09f,0.08,false,false,near_mint,en,USD
Manticore,AFR,Adventures in the Forgotten Realms,314,normal,common,4,60264,6730db48-3884-45bd-b514-7738c5c36b97,0.06,false,false,near_mint,en,USD
Mantle of the Ancients,PIP,Fallout,165,normal,rare,1,92193,56ec4350-05fa-4452-ade3-3cf2c319eb0b,0.88,false,false,near_mint,en,USD
Map,TLCI,The Lost Caverns of Ixalan Tokens,17,normal,common,1,88549,64839118-09d2-4645-9d3c-f80755ac781f,0.24,false,false,near_mint,en,USD
Maraleaf Rider,ELD,Throne of Eldraine,166,normal,common,1,46172,1b2b198d-493c-4d6c-bfb6-e842728522f6,0.05,false,false,near_mint,en,USD
Marauding Boneslasher,HOU,Hour of Devastation,70,normal,common,2,4605,ddfb7f50-14b1-4c7d-b4c8-f50bc14f4fb7,0.03,false,false,near_mint,en,USD
Marauding Dreadship,MOM,March of the Machine,153,normal,common,1,81311,15625d6a-3844-4d23-ab35-ee3c3508db8d,0.05,false,false,near_mint,en,USD
Marble Diamond,VOC,Crimson Vow Commander,165,normal,common,1,64535,4b6b0727-f4b7-4ca5-bf82-339eb40041ba,0.24,false,false,near_mint,en,USD
Marble Gargoyle,MH2,Modern Horizons 2,21,normal,common,1,59404,0c62efb9-11f2-4f82-af08-4587d58d6e3d,0.02,false,false,near_mint,en,USD
Mardu Ascendancy,KTK,Khans of Tarkir,185,normal,rare,1,13213,02bc2415-b1d1-467a-9578-3948dda166cf,0.64,false,false,near_mint,en,USD
Mardu Banner,KTK,Khans of Tarkir,224,normal,common,3,13174,fe10c56d-a8e1-495d-a03a-0b920b44182f,0.13,false,false,near_mint,en,USD
Mardu Charm,KTK,Khans of Tarkir,186,normal,uncommon,1,13212,c35fb7a3-7c7f-4470-b1ad-5b8709a608e6,0.13,false,false,near_mint,en,USD
Mardu Devotee,TDM,Tarkir: Dragonstorm,16,normal,common,1,104366,da45e9b0-a4f6-413b-9e62-666c511eb5b0,0.06,false,false,near_mint,en,USD
Maritime Guard,ORI,Magic Origins,63,normal,common,1,10879,1008ff1b-7fb0-4570-b23e-9fda14b97640,0.04,false,false,near_mint,en,USD
Marsh Flitter,ZNC,Zendikar Rising Commander,46,normal,uncommon,1,55397,64da2ec1-fca9-4488-8ac7-78d645a8bf62,0.08,false,false,near_mint,en,USD
Marshmist Titan,BNG,Born of the Gods,76,normal,common,1,14884,093d2e4c-f2c4-4d4e-a1b7-200327ce23b0,0.05,false,false,near_mint,en,USD
Martial Coup,BLC,Bloomburrow Commander,146,normal,rare,1,96479,d8e79f95-6733-476e-9bff-408e90f151c0,0.16,false,false,near_mint,en,USD
Martyr's Soul,MH1,Modern Horizons,19,normal,common,1,44915,7c17428c-e31d-42f3-8811-6734abd96b0b,0.1,false,false,near_mint,en,USD
Mascot Interception,STX,Strixhaven: School of Mages,110,normal,uncommon,1,58212,8f0ea66f-1756-4b0d-8ccc-3b3a7370b531,0.07,false,false,near_mint,en,USD
Mask of Memory,FIC,Final Fantasy Commander,350,normal,uncommon,1,106106,a9118fbe-f19c-4a65-a6ac-1c8a6308628d,0.28,false,false,near_mint,en,USD
Mask of Memory,ONC,Phyrexia: All Will Be One Commander,136,normal,uncommon,1,78841,c6c4dffd-0ae9-493d-afa4-d1eb8bdba582,1.56,false,false,near_mint,en,USD
Maskwood Nexus,DRC,Aetherdrift Commander,132,normal,rare,1,103265,c6f2c543-9b01-4760-966a-f0609c24f53e,1.04,false,false,near_mint,en,USD
Massacre Girl,DSC,Duskmourn: House of Horror Commander,146,normal,rare,1,99164,59957c45-4672-4650-80b1-70e4a60b429e,0.26,false,false,near_mint,en,USD
"Massacre Girl, Known Killer",MKM,Murders at Karlov Manor,94,normal,mythic,1,91206,cb1c8800-9d33-485c-b776-042003b9ea92,5.75,false,false,near_mint,en,USD
Massive Might,VOW,Innistrad: Crimson Vow,208,normal,common,2,64161,3a5cd50b-4825-4d85-b0f9-e2a51d2a7df1,0.06,false,false,near_mint,en,USD
Master Symmetrist,STX,Strixhaven: School of Mages,138,normal,uncommon,1,58034,255cdc39-6ad8-4831-9718-6712cb17654c,0.07,false,false,near_mint,en,USD
Masterwork of Ingenuity,PIP,Fallout,234,normal,rare,1,92521,9ea75905-326f-48a9-9144-3ac147b9c2bf,0.5,false,false,near_mint,en,USD
"Mathise, Surge Channeler",SLX,Universes Within,25,normal,rare,1,102873,3c560e53-73d9-4b0e-9b93-c729e00e7bbe,4.47,false,false,near_mint,en,USD
"Matoya, Archon Elder",FIN,Final Fantasy,62,normal,rare,2,105847,1dd61cf6-2fb5-4cff-ab00-7677ac85774c,0.26,false,false,near_mint,en,USD
Maul of the Skyclaves,MOC,March of the Machine Commander,195,normal,rare,1,81595,3213c1f9-bff5-4629-a0b6-0c81ccf6c80d,0.24,false,false,near_mint,en,USD
"Mavren Fein, Dusk Apostle",LCC,The Lost Caverns of Ixalan Commander,133,normal,rare,1,89061,fdc3e998-760b-41ca-9f92-270aaa82f3fb,0.16,false,false,near_mint,en,USD
Maw of the Obzedat,DGM,Dragon's Maze,83,normal,uncommon,2,16382,cd1131c6-04da-4c4d-ab61-874ac5be7087,0.06,false,false,near_mint,en,USD
Maze Sentinel,DGM,Dragon's Maze,4,normal,common,1,16461,7a977e2d-a2bc-42d1-be7d-36a822c6a66e,0.02,false,false,near_mint,en,USD
Maze Skullbomb,ONE,Phyrexia: All Will Be One,231,normal,common,4,78403,1073aee2-aea6-473d-97c6-248778d79d80,0.04,false,false,near_mint,en,USD
Maze's Mantle,ONE,Phyrexia: All Will Be One,174,normal,common,1,78811,bc79106b-9aa2-4add-b9ca-e3c7aafd9821,0.02,false,false,near_mint,en,USD
Meandering River,KHC,Kaldheim Commander,114,normal,common,1,57276,e283db9e-6a51-4b28-9f6c-0c040a9d6d8c,0.1,false,false,near_mint,en,USD
Mechanized Production,PIP,Fallout,178,normal,mythic,1,92096,40dca7cb-4724-48d6-a0e0-2cbb5a7fa4f7,0.55,false,false,near_mint,en,USD
Megaton's Fate,PIP,Fallout,61,normal,rare,1,92826,e8492127-888d-4da0-b49f-fba6a356b0a9,0.13,false,false,near_mint,en,USD
Meldweb Curator,ONE,Phyrexia: All Will Be One,59,normal,common,2,78940,f0d392b2-1dac-432d-930c-66b238f7512b,0.05,false,false,near_mint,en,USD
Meldweb Strider,ONE,Phyrexia: All Will Be One,60,normal,common,4,78834,c5efd9b5-05e5-440f-b28c-658e461cf644,0.04,false,false,near_mint,en,USD
Memories Returning,FIN,Final Fantasy,63,normal,rare,2,106622,a753abfc-35d3-4faf-ab35-3b51aa778174,0.15,false,false,near_mint,en,USD
Memory Leak,IKO,Ikoria: Lair of Behemoths,95,normal,common,1,49982,3b45a493-a1c2-430e-a45c-abc1ba554877,0.05,false,false,near_mint,en,USD
Memory Theft,ELD,Throne of Eldraine,96,normal,common,1,46242,397fd49b-a520-4b0e-9ab9-71675ab5969d,0.05,false,false,near_mint,en,USD
Mental Journey,MH2,Modern Horizons 2,51,normal,common,1,59407,0ec38124-46ae-4a38-aab2-8a73cc22b1ef,0.03,false,false,near_mint,en,USD
Mentor of the Meek,INR,Innistrad Remastered,34,normal,uncommon,1,102469,280ca0f4-be07-452a-bbc0-c25570f14008,0.18,false,false,near_mint,en,USD
Mephitic Vapors,RVR,Ravnica Remastered,85,normal,common,2,89594,20770a2a-0138-430b-a45d-96bd2e3e5b6b,0.04,false,false,near_mint,en,USD
Merchant Raiders,LCC,The Lost Caverns of Ixalan Commander,163,normal,uncommon,1,89038,f6236b1e-2e3e-4088-87e0-9cdf1fc8db66,0.07,false,false,near_mint,en,USD
Merciless Resolve,SOI,Shadows over Innistrad,123,normal,common,1,8873,356af156-a059-416c-b78b-d9058b742818,0.03,false,false,near_mint,en,USD
Merfolk Falconer,ZNR,Zendikar Rising,69,normal,uncommon,1,54689,acb0d55a-9d6a-443d-aa82-5cea93188fd2,0.06,false,false,near_mint,en,USD
Mesa Lynx,ZNR,Zendikar Rising,28,normal,common,4,54823,f65af09b-656f-4d81-b95d-b4f902e56bb7,0.06,false,false,near_mint,en,USD
Mesmerizing Dose,ONE,Phyrexia: All Will Be One,62,normal,common,5,78888,dac28e27-78aa-48b1-96fa-edca1fbcfb77,0.08,false,false,near_mint,en,USD
Metalspinner's Puzzleknot,2XM,Double Masters,273,normal,common,2,52146,6a3e1c7a-5672-4f76-9e04-a18cf0089fa7,0.03,false,false,near_mint,en,USD
Meteor Golem,FDN,Foundations,256,normal,uncommon,2,101167,d291ea1e-36bc-46b3-b3ae-084fa0ba69eb,0.09,false,false,near_mint,en,USD
Meteor Golem,FIC,Final Fantasy Commander,351,normal,uncommon,1,106003,7aeddfc1-38b0-4491-92f1-0a9989a53439,0.11,false,false,near_mint,en,USD
Meteoric Mace,MH3,Modern Horizons 3,283,normal,uncommon,1,94848,3fb34a09-d911-49ac-ac39-fad7ee1b41ef,0.06,false,false,near_mint,en,USD
Meteorite,M21,Core Set 2021,233,normal,uncommon,1,51058,ec3a2c95-4e7a-43c5-90bd-6f1de7c82a5c,0.07,false,false,near_mint,en,USD
Meticulous Artisan,TDM,Tarkir: Dragonstorm,112,normal,common,1,104912,baf4c9dd-0546-41ac-a7ba-0bc312fef31e,0.02,false,false,near_mint,en,USD
Metropolis Angel,SNC,Streets of New Capenna,203,normal,uncommon,1,67793,633c7e38-fdad-461c-9ecb-3e89d5b80f24,0.07,false,false,near_mint,en,USD
Miasma Demon,DSK,Duskmourn: House of Horror,109,normal,uncommon,1,99196,6d167c00-75ff-4301-855a-8319b89e3689,0.07,false,false,near_mint,en,USD
Micromancer,FDN,Foundations,158,normal,uncommon,1,101274,e6af54ea-b57a-4e50-8e46-1747cca14430,0.07,false,false,near_mint,en,USD
"Midgar, City of Mako // Reactor Raid",FIN,Final Fantasy,286,normal,rare,1,106587,8a837256-6bb4-4a60-962d-d2793548d26c,0.9,false,false,near_mint,en,USD
Midnight Clock,DRC,Aetherdrift Commander,79,normal,rare,1,103285,d401b4af-649d-4b97-864d-5796a1a8e22b,0.19,false,false,near_mint,en,USD
Midnight Haunting,ONC,Phyrexia: All Will Be One Commander,82,normal,uncommon,1,78934,eddc09d1-63de-4791-b654-31b354032c54,0.07,false,false,near_mint,en,USD
Midnight Scavengers,INR,Innistrad Remastered,123,normal,common,1,101886,bc079c81-85e8-4a0d-83fe-533c4feaa343,0.05,false,false,near_mint,en,USD
Might of the Masses,2XM,Double Masters,176,normal,common,2,52174,9900f47d-e1ec-411d-92f3-aed8e01ee535,0.06,false,false,near_mint,en,USD
Mighty Leap,CLU,Ravnica: Clue Edition,66,normal,common,2,91143,b4c55b3a-0cca-4b4f-9915-61847b8f1455,0.11,false,false,near_mint,en,USD
Migratory Greathorn,IKO,Ikoria: Lair of Behemoths,165,normal,common,1,49912,6a2a287b-b83f-444f-84f7-e388beb616c2,0.07,false,false,near_mint,en,USD
Migratory Route,MOC,March of the Machine Commander,336,normal,uncommon,1,82027,e8c8f35e-faa8-4537-b320-c84ebe8e71e4,0.17,false,false,near_mint,en,USD
Millikin,FIC,Final Fantasy Commander,352,normal,uncommon,1,105984,717b0d6b-fa62-46d2-a061-7161d3255c98,0.16,false,false,near_mint,en,USD
Mimic,AFR,Adventures in the Forgotten Realms,249,normal,common,4,60350,9da96aab-cf84-4150-b9d0-a4b84fcf585f,0.07,false,false,near_mint,en,USD
Mind Drain,ZNR,Zendikar Rising,114,normal,common,5,54422,0683d586-a54b-425a-a24d-2efb2342f150,0.05,false,false,near_mint,en,USD
Mind Drill Assailant,BLB,Bloomburrow,225,normal,common,1,95783,507ba708-ca9b-453e-b4c2-23b6650eb5a8,0.05,false,false,near_mint,en,USD
Mind Rot,RTR,Return to Ravnica,70,normal,common,1,17352,5261ab4b-dfe7-4761-a71c-44a893fc4a69,0.04,false,false,near_mint,en,USD
Mind Rot,M21,Core Set 2021,115,normal,common,1,50879,833a8604-92d5-443b-9bc0-bd91c973ef07,0.04,false,false,near_mint,en,USD
Mind Stone,BLC,Bloomburrow Commander,280,normal,uncommon,3,96305,5cf95476-27ed-487d-8459-c97a921bb808,0.21,false,false,near_mint,en,USD
Mind Stone,FIC,Final Fantasy Commander,353,normal,uncommon,1,106009,7fdef0b6-a3b9-4752-bce6-53c0140a1693,0.27,false,false,near_mint,en,USD
Mind Stone,PIP,Fallout,235,normal,uncommon,1,92618,b88baf29-a556-4e89-8471-9ba9bc8efe2c,0.2,false,false,near_mint,en,USD
Mindblade Render,TDC,Tarkir: Dragonstorm Commander,187,normal,rare,1,104509,27e43b25-9a9e-4bfc-9589-77d1f53a3c4b,0.1,false,false,near_mint,en,USD
Mindleech Ghoul,VOW,Innistrad: Crimson Vow,122,normal,common,3,64474,f5c4e00d-128a-4ddb-9e1b-3ee93121b262,0.07,false,false,near_mint,en,USD
Mindless Conscription,MH3,Modern Horizons 3,101,normal,uncommon,1,94363,1af5b195-101a-4265-98a7-522a968cf218,0.06,false,false,near_mint,en,USD
Mindstab,TSR,Time Spiral Remastered,123,normal,common,1,57650,542f97fa-6295-4c87-86a8-7ff2bc8b5e81,0.04,false,false,near_mint,en,USD
Ministrant of Obligation,RVR,Ravnica Remastered,23,normal,uncommon,1,89834,a37658ab-2dda-4412-9cc2-3b2df32c7581,0.08,false,false,near_mint,en,USD
Minor Misstep,ONE,Phyrexia: All Will Be One,64,normal,uncommon,1,78493,360ca37b-5bbd-4923-a493-7674786a36af,0.11,false,false,near_mint,en,USD
Mire's Grasp,THB,Theros Beyond Death,106,normal,common,1,46956,0ae0c536-612d-4916-a8da-5aaaf14218b1,0.05,false,false,near_mint,en,USD
Mirran Bardiche,ONE,Phyrexia: All Will Be One,22,normal,common,2,78479,3006ea5a-5391-41eb-b0c8-092741dca2eb,0.03,false,false,near_mint,en,USD
Mirran Safehouse,ONE,Phyrexia: All Will Be One,232,normal,rare,1,78879,d76fe2f2-ce2c-49e4-9f00-89c82f2fae8d,0.13,false,false,near_mint,en,USD
Mirror-Shield Hoplite,MOM,March of the Machine,247,normal,uncommon,1,81069,49a5e7de-43cc-488b-99a4-7d173b42d5dc,0.05,false,false,near_mint,en,USD
Mischievous Catgeist // Catlike Curiosity,VOW,Innistrad: Crimson Vow,69,normal,uncommon,1,64353,a3ff628a-ef8e-45c4-84e7-a33ec28f025a,0.19,false,false,near_mint,en,USD
Mischievous Chimera,THB,Theros Beyond Death,223,normal,uncommon,2,46839,f8a3df0e-4ee8-458b-adf5-56aca20493e9,0.09,false,false,near_mint,en,USD
Mishra's Factory,DMR,Dominaria Remastered,251,normal,uncommon,1,77970,6e9fec20-a52c-42c0-9928-c572d9e1b21f,0.12,false,false,near_mint,en,USD
Mister Gutsy,PIP,Fallout,136,normal,rare,1,92523,9f09166a-78de-4136-8a3c-034e1ef73ede,0.2,false,false,near_mint,en,USD
Mizzium Skin,RTR,Return to Ravnica,45,normal,common,1,17377,d9859344-4efc-4b87-a3fb-147e496cee68,0.14,false,false,near_mint,en,USD
Mizzix's Mastery,FCA,Final Fantasy: Through the Ages,41,normal,rare,1,106352,8a139398-4d42-4715-8a5a-c446bf665a2e,1.24,false,false,near_mint,en,USD
Mnemonic Wall,IMA,Iconic Masters,67,normal,common,1,3558,a3e6784b-78e8-4f0b-8d27-d49c7cea9252,0.13,false,false,near_mint,en,USD
"Mog, Moogle Warrior",FIC,Final Fantasy Commander,89,normal,rare,2,106224,e9cb8ac9-64a0-455d-a8dd-1579ee321bbd,0.16,false,false,near_mint,en,USD
Mogg War Marshal,DMR,Dominaria Remastered,131,normal,common,1,78071,a7f7f39c-94a0-4ccb-b658-23095ada4005,0.13,false,false,near_mint,en,USD
"Moira Brown, Guide Author",PIP,Fallout,110,normal,rare,1,92101,418ce6f6-b483-4695-aaf5-e4f7eeb9eb16,0.11,false,false,near_mint,en,USD
Mold Folk,CLB,Commander Legends: Battle for Baldur's Gate,133,normal,common,1,69152,8c5da403-d791-4ad4-a949-e8a56459cac1,0.04,false,false,near_mint,en,USD
Molder Beast,CMR,Commander Legends,243,normal,common,1,56010,1636f571-43ed-4b60-b5d9-129ff94dd0fa,0.03,false,false,near_mint,en,USD
Moldgraf Millipede,INR,Innistrad Remastered,208,normal,common,5,102499,3a163ec7-4c9a-4d45-965c-e5ddeb07a3e0,0.01,false,false,near_mint,en,USD
Molten Blast,ZNR,Zendikar Rising,149,normal,common,1,54722,bb1beef2-788b-469b-883b-cf1cca04eeff,0.03,false,false,near_mint,en,USD
Molten Exhale,TDM,Tarkir: Dragonstorm,113,normal,common,1,104440,0ab95aab-a4bf-4131-83a0-2c138b6f20c3,0.07,false,false,near_mint,en,USD
Molten Gatekeeper,MH3,Modern Horizons 3,128,normal,common,1,94877,9f5ba065-2806-4e99-a330-168cfe76250f,0.17,false,false,near_mint,en,USD
Molten Rebuke,ONE,Phyrexia: All Will Be One,141,normal,common,2,78867,d2e3291b-de5c-4a10-9915-2cd2d84a815c,0.03,false,false,near_mint,en,USD
Molten Slagheap,TSR,Time Spiral Remastered,282,normal,uncommon,1,57637,4d952491-3a33-42af-9748-d2cb9c5a2f76,0.11,false,false,near_mint,en,USD
Molten Tributary,DMU,Dominaria United,251,normal,common,2,71309,20aff4af-5128-432f-a8c8-65b6909d31ac,0.31,false,false,near_mint,en,USD
Monastery Mentor,TDC,Tarkir: Dragonstorm Commander,125,normal,mythic,1,104495,2343e69d-f30e-4826-953c-fbf31c6079e6,0.33,false,false,near_mint,en,USD
Monastery Messenger,TDM,Tarkir: Dragonstorm,208,normal,common,1,104443,0c9eeced-6464-41f0-bbea-05b3af4cc005,0.03,false,false,near_mint,en,USD
Monk's Fist,FIN,Final Fantasy,265,normal,common,5,106601,995033f0-873d-4e46-b0c9-98ec8ef270ff,0.05,false,false,near_mint,en,USD
Monoskelion,MH2,Modern Horizons 2,229,normal,uncommon,1,59529,4736aae2-5136-4f8f-9283-baf6b542a6a8,0.07,false,false,near_mint,en,USD
Moonfolk Puzzlemaker,NEO,Kamigawa: Neon Dynasty,68,normal,common,1,66802,c9fa6d4c-78dc-4b40-9ce8-a0e593d4001f,0.05,false,false,near_mint,en,USD
Moonlight Hunt,INR,Innistrad Remastered,209,normal,uncommon,2,102591,6d36aecd-4bd8-4350-9161-e6feecc09bb9,0.14,false,false,near_mint,en,USD
Moonring Island,SHM,Shadowmoor,276,normal,uncommon,1,24590,64b36993-666c-40d0-b61a-1d162bd06dcc,0.39,false,false,near_mint,en,USD
Moorland Haunt,VOC,Crimson Vow Commander,175,normal,rare,1,64569,74deeeaa-95e9-42c9-89e3-e317ea63e216,0.14,false,false,near_mint,en,USD
"Moraug, Fury of Akoum",EOC,Edge of Eternities Commander,89,normal,mythic,1,107013,4481eab8-9e7d-4db8-b1f2-fdf5ee1919a2,2.22,false,false,near_mint,en,USD
Morbid Opportunist,FIC,Final Fantasy Commander,278,normal,uncommon,1,105906,44b14a83-ba66-4c94-8b67-ebe577024532,0.19,false,false,near_mint,en,USD
Morbid Opportunist,PIP,Fallout,186,normal,uncommon,1,92307,7357386d-7ede-449f-bd30-b19a08921d86,0.19,false,false,near_mint,en,USD
Morgue Burst,DGM,Dragon's Maze,86,normal,common,1,16379,7b3c2909-87ab-4027-9b56-58a2abae3fa3,0.06,false,false,near_mint,en,USD
Morkrut Behemoth,MID,Innistrad: Midnight Hunt,114,normal,common,1,63190,318fe8a2-a68a-4c7e-9581-ae6800826164,0.06,false,false,near_mint,en,USD
Moroii,RVR,Ravnica Remastered,202,normal,uncommon,1,89646,3f01c66d-042a-497c-bc86-cad414fa4d60,0.03,false,false,near_mint,en,USD
Mortal Obstinacy,JOU,Journey into Nyx,17,normal,common,1,14632,67652df1-f2cc-44cd-ac66-9722d4cd86e9,0.1,false,false,near_mint,en,USD
Mortify,MOC,March of the Machine Commander,337,normal,uncommon,1,81831,9dbb8991-1b2c-4045-be1f-54286027d4a1,0.18,false,false,near_mint,en,USD
Mortify,FIC,Final Fantasy Commander,327,normal,uncommon,1,105955,5f4fa21b-4733-49a6-b751-779b8325c4d2,0.17,false,false,near_mint,en,USD
Mossfire Valley,FIC,Final Fantasy Commander,407,normal,rare,1,106199,de5279fc-2532-4e66-bc44-ca395e106ab0,0.17,false,false,near_mint,en,USD
Mossfire Valley,PIP,Fallout,273,normal,rare,1,92505,9b31a08a-8fb5-48ef-b923-a1c6378a95f4,0.11,false,false,near_mint,en,USD
Mountain,VOW,Innistrad: Crimson Vow,401,normal,common,1,64382,b86fbf78-57ec-4a0f-9fb6-e4bf13861563,0.11,false,false,near_mint,en,USD
Mountain,SOI,Shadows over Innistrad,294,normal,common,1,8702,b37dc16e-3631-46df-acc4-19040fb8a86e,0.09,false,false,near_mint,en,USD
Mountain,MH3,Modern Horizons 3,316,normal,common,2,94356,186e36d5-3f1d-4423-a8db-f4c38898fa30,0.13,false,false,near_mint,en,USD
Mountain,FIN,Final Fantasy,305,normal,common,12,105745,ea1735b9-fd10-4c9c-b9d3-046d8c22b852,0.17,false,false,near_mint,en,USD
Mountain,ZNR,Zendikar Rising,277,normal,common,2,54746,c89b3c3a-3dba-47b3-9620-d4dd754a59e6,0.24,false,false,near_mint,en,USD
Mountain,ONE,Phyrexia: All Will Be One,275,normal,common,21,78246,cd95f833-27ce-447c-b505-02137daaba4c,0.13,false,false,near_mint,en,USD
Mountain,PIP,Fallout,324,normal,common,8,92077,3d5691d3-751a-41dd-b2a3-c766c8973bfe,0.18,false,false,near_mint,en,USD
Mountain,BFZ,Battle for Zendikar,266,normal,common,1,10069,3a42ac42-b21a-449b-abda-6906f06e8120,0.2,false,false,near_mint,en,USD
Mourning Patrol // Morning Apparition,MID,Innistrad: Midnight Hunt,28,normal,common,1,63185,2d3687e2-09e0-4753-aa02-88a19bde3330,0.04,false,false,near_mint,en,USD
Mox Jasper,TDM,Tarkir: Dragonstorm,246,normal,mythic,1,103999,a851d2d3-7e93-4887-bee5-4d6c9aaf9419,9.55,false,false,near_mint,en,USD
Mugging,RVR,Ravnica Remastered,119,normal,common,2,89550,0cce62f3-4a04-4f03-aafe-ccb18eda60c1,0.02,false,false,near_mint,en,USD
"Muldrotha, the Gravetide",FDN,Foundations,243,normal,mythic,1,100499,51710b19-68e3-4853-901f-e618bde61161,3.55,false,false,near_mint,en,USD
Mulldrifter,MKC,Murders at Karlov Manor Commander,111,normal,uncommon,1,90576,eb6d8d1c-8d23-4273-9c9b-f3b71eb0e105,0.3,false,false,near_mint,en,USD
Murasa Brute,ZNR,Zendikar Rising,195,normal,common,2,54812,efe1c5b2-4356-41ae-ab7e-ad9fc835a911,0.06,false,false,near_mint,en,USD
Murasa Rootgrazer,ZNR,Zendikar Rising,229,normal,uncommon,1,54793,e70b3b78-9bdc-449b-82a9-c2fc3dd7f120,0.09,false,false,near_mint,en,USD
Murder Investigation,ORI,Magic Origins,27,normal,uncommon,1,10915,07d8d6f7-ed22-4e01-9aeb-c6bc0065c89c,0.11,false,false,near_mint,en,USD
Murderous Compulsion,INR,Innistrad Remastered,126,normal,common,1,102563,5fca1faf-bd47-45cd-a2d9-b2efbc75cbb5,0.02,false,false,near_mint,en,USD
Murderous Rider // Swift End,FIC,Final Fantasy Commander,279,normal,rare,1,106195,dd239710-62ef-43b5-aea2-e82bb385744d,0.18,false,false,near_mint,en,USD
Murmuration,BLC,Bloomburrow Commander,10,normal,rare,1,96290,561c9c4e-942e-40e8-b5f2-ac709a502f18,0.23,false,false,near_mint,en,USD
Mutagen Connoisseur,MOM,March of the Machine,248,normal,uncommon,3,81072,4a84b6d7-3944-4223-ac16-aa5e59ac84cb,0.02,false,false,near_mint,en,USD
Mutual Destruction,IKO,Ikoria: Lair of Behemoths,96,normal,common,1,49981,85ac0b25-80bf-4871-a6f6-5cf4d5b9496e,0.03,false,false,near_mint,en,USD
Myojin of Cryptic Dreams,NEC,Neon Dynasty Commander,33,normal,rare,1,66668,31142a36-3676-4ce4-9f5b-d9252fc30739,0.26,false,false,near_mint,en,USD
Myr,TTDC,Tarkir: Dragonstorm Commander Tokens,30,normal,common,1,104969,cf455c08-adf5-486b-9661-d6c0099afce3,,false,false,near_mint,en,USD
Myr Battlesphere,TDC,Tarkir: Dragonstorm Commander,322,normal,rare,2,104730,71e7ef4a-2032-4571-afc6-5207d4b40c3d,0.19,false,false,near_mint,en,USD
Myr Convert,ONE,Phyrexia: All Will Be One,297,normal,uncommon,5,78434,1bfb7150-5157-4471-8874-4f9258c5d396,0.08,false,false,near_mint,en,USD
Myr Custodian,ONE,Phyrexia: All Will Be One,235,normal,common,1,78554,56bfdd21-4d46-4ec2-ba25-f16b6993f1a8,0.09,false,false,near_mint,en,USD
Myr Kinsmith,ONE,Phyrexia: All Will Be One,236,normal,common,2,78578,6046e50a-f4c9-4029-a589-62a19371b734,0.12,false,false,near_mint,en,USD
Myr Servitor,UMA,Ultimate Masters,230,normal,common,1,43295,d53712a0-e11d-4b83-aebc-8e97244f085b,0.09,false,false,near_mint,en,USD
Myriad Construct,CMM,Commander Masters,963,normal,rare,1,85100,fe102126-9aee-4b50-8bc6-1e979132eb3e,0.2,false,false,near_mint,en,USD
Myriad Landscape,MOC,March of the Machine Commander,416,normal,uncommon,2,81907,b9242da7-aa73-4b02-aebb-910cadf94fbf,0.23,false,false,near_mint,en,USD
Myriad Landscape,PIP,Fallout,274,normal,uncommon,1,92138,4afe6542-9f4b-4afa-8568-272916125b4a,0.51,false,false,near_mint,en,USD
Myrsmith,CMM,Commander Masters,44,normal,common,2,84514,78ea3e84-2d78-489f-875a-48e58c956451,0.12,false,false,near_mint,en,USD
Mysidian Elder,FIN,Final Fantasy,145,normal,common,6,106566,6bc39af4-be19-4889-b930-df7ebf7b9481,0.07,false,false,near_mint,en,USD
Mysterious Egg,IKO,Ikoria: Lair of Behemoths,3,normal,common,1,50074,cdfac3c3-7f38-49d6-bd88-dc0f5001116f,0.04,false,false,near_mint,en,USD
Mystic Forge,PIP,Fallout,236,normal,rare,1,91881,109a6275-331e-4696-85ea-6f7a0a0f865e,0.9,false,false,near_mint,en,USD
Mystic Meditation,DTK,Dragons of Tarkir,64,normal,common,1,11750,d169f469-10d5-4ae8-88fe-12a8e20ab01b,0.03,false,false,near_mint,en,USD
Mystic Monastery,BLC,Bloomburrow Commander,318,normal,uncommon,1,96459,c59b9295-1802-4452-ae8b-72adeb566c3a,0.12,false,false,near_mint,en,USD
Mystic Monastery,EOC,Edge of Eternities Commander,170,normal,uncommon,1,107305,9fd41ad5-6b36-482e-8305-bbc709668470,0.11,false,false,near_mint,en,USD
Mystic Monastery,PIP,Fallout,275,normal,uncommon,1,92774,db91902a-a524-4207-8864-4d7085a0e09f,0.2,false,false,near_mint,en,USD
Mystic Retrieval,INR,Innistrad Remastered,77,normal,uncommon,1,102635,806e5536-103b-4d6c-83b4-8659a55b25b5,0.17,false,false,near_mint,en,USD
"Naban, Dean of Iteration",J25,Foundations Jumpstart,61,normal,rare,1,101297,ea4a20e1-4d45-46ee-a1ea-206743b98acc,0.22,false,false,near_mint,en,USD
"Nadier, Agent of the Duskenel",CMR,Commander Legends,135,normal,uncommon,1,55657,47c5948b-b021-4d07-8003-9c11db690bc0,0.15,false,false,near_mint,en,USD
Nahiri's Binding,ZNR,Zendikar Rising,29,normal,common,2,54527,421eac28-d6f2-44f2-b7ca-eb73fbf23887,0.05,false,false,near_mint,en,USD
Nahiri's Lithoforming,ZNR,Zendikar Rising,151,normal,rare,1,54423,06bb4bc1-6ef9-4015-9f5f-36f51dbac87e,0.63,false,false,near_mint,en,USD
Nahiri's Sacrifice,ONE,Phyrexia: All Will Be One,142,normal,uncommon,2,78721,98395039-1353-4fa8-b51d-c4e1cadf9263,0.02,false,false,near_mint,en,USD
Nahiri's Wrath,EMN,Eldritch Moon,137,normal,mythic,1,8197,1e6cb8b0-e3a5-4a94-845d-3b286aa392ac,0.3,false,false,near_mint,en,USD
Naiad of Hidden Coves,THB,Theros Beyond Death,56,normal,common,3,47006,dc6ae489-658b-4c12-b204-f7b58ce84375,0.1,false,false,near_mint,en,USD
Namazu Trader,FIN,Final Fantasy,107,normal,common,6,106248,f9d25b34-990d-416c-aef7-1b5a73f19dd4,0.1,false,false,near_mint,en,USD
Nantuko Husk,ORI,Magic Origins,109,normal,common,2,10833,3915c0be-7e9c-45bc-9c83-80beba469a81,0.05,false,false,near_mint,en,USD
Narset's Rebuke,TDM,Tarkir: Dragonstorm,114,normal,common,1,104640,5098bd73-d51c-4db4-bf06-fd4854089d37,0.02,false,false,near_mint,en,USD
Narset's Reversal,TDC,Tarkir: Dragonstorm Commander,92,normal,rare,1,104634,4ede8d68-6870-445c-b140-da98adbc246a,2.18,false,false,near_mint,en,USD
"Narset, Parter of Veils",BLC,Bloomburrow Commander,76,normal,rare,1,96095,a609f37f-4466-45eb-93b1-01b649f8a0a1,3.21,false,false,near_mint,en,USD
Natural Reclamation,CLB,Commander Legends: Battle for Baldur's Gate,829,normal,common,1,69560,70c4fc42-e5c6-438b-a4b7-1f77e818597f,0.11,false,false,near_mint,en,USD
Nature's Claim,FCA,Final Fantasy: Through the Ages,47,normal,uncommon,3,106366,d349901d-f9a6-4f09-a881-531c695cf1c4,0.3,false,false,near_mint,en,USD
Nature's Embrace,VOW,Innistrad: Crimson Vow,211,normal,common,1,64160,39d757af-86fd-4f99-a09a-0f3898ed95f6,0.07,false,false,near_mint,en,USD
Nature's Lore,FIC,Final Fantasy Commander,311,normal,common,1,105794,01c2b71a-492d-431c-90ba-173781ba8815,2.06,false,false,near_mint,en,USD
Naya Sojourners,ARB,Alara Reborn,122,normal,common,3,23386,7e2de336-8c61-45b1-affd-6322530b91ca,0.07,false,false,near_mint,en,USD
"Nazar, the Velvet Fang",J25,Foundations Jumpstart,43,normal,uncommon,1,100679,743f4b46-c04d-4431-9510-bc84726d7fd2,0.14,false,false,near_mint,en,USD
Nebelgast Beguiler,VOW,Innistrad: Crimson Vow,25,normal,common,3,64065,04c68dbd-e61b-49a7-aa17-da6b26c9fd29,0.03,false,false,near_mint,en,USD
Nebelgast Herald,INR,Innistrad Remastered,78,normal,uncommon,1,102540,51173564-cd0e-410f-82fc-3d071e6f4d17,0.04,false,false,near_mint,en,USD
Nebelgast Intruder,MID,Innistrad: Midnight Hunt,64,normal,uncommon,1,63293,6c801346-0052-4f4b-a497-1567a34679fb,0.03,false,false,near_mint,en,USD
Necrogen Communion,ONE,Phyrexia: All Will Be One,99,normal,uncommon,3,78605,6ac8cd7c-992f-4953-b5bf-42e5a9ff09ad,0.17,false,false,near_mint,en,USD
Necrogen Rotpriest,ONE,Phyrexia: All Will Be One,296,normal,uncommon,7,78746,a4b4fe48-f9e6-4606-9901-76dd85fd7038,0.1,false,false,near_mint,en,USD
Necromantic Selection,TDC,Tarkir: Dragonstorm Commander,189,normal,rare,1,104487,2002d779-9ea2-432b-8c15-d61995b8adda,0.17,false,false,near_mint,en,USD
Necrosquito,ONE,Phyrexia: All Will Be One,100,normal,uncommon,3,78627,72af72d2-5995-4cad-82f1-e2d0c465d6f1,0.04,false,false,near_mint,en,USD
Negate,ORI,Magic Origins,65,normal,common,1,10877,e848b632-e08a-4341-a99c-d8207f9ffe48,0.12,false,false,near_mint,en,USD
Negate,M20,Core Set 2020,69,normal,common,2,45392,33b83158-78b4-425e-8379-be3ef038295c,0.19,false,false,near_mint,en,USD
Negate,ZNR,Zendikar Rising,71,normal,common,2,54801,e92c7477-d453-4fa4-acf4-3835ab9eb55a,0.18,false,false,near_mint,en,USD
Neglected Heirloom // Ashmouth Blade,INR,Innistrad Remastered,269,normal,uncommon,1,102614,7813cd70-bb60-4953-a35d-9876f5230c42,0.06,false,false,near_mint,en,USD
Nerd Rage,PIP,Fallout,34,normal,uncommon,2,92831,e9857669-5fad-458a-8eda-c1790298add7,0.43,false,false,near_mint,en,USD
"Neriv, Heart of the Storm",TDM,Tarkir: Dragonstorm,210,normal,mythic,1,104347,b58112b0-a05c-4b98-b650-fd27ad97789f,1.16,false,false,near_mint,en,USD
Nessian Asp,CN2,Conspiracy: Take the Crown,187,normal,uncommon,1,7910,bf6eae62-5a42-42e9-ba65-84500cdff95a,0.13,false,false,near_mint,en,USD
Nesting Grounds,FIC,Final Fantasy Commander,408,normal,uncommon,1,106223,e99933e3-9237-45e8-b067-44367fc21430,0.16,false,false,near_mint,en,USD
Neverwinter Dryad,AFR,Adventures in the Forgotten Realms,329,normal,common,2,60127,01234d4c-ff3d-40a8-8404-9790d3ee3620,0.05,false,false,near_mint,en,USD
"Nevinyrral, Urborg Tyrant",CMR,Commander Legends,287,normal,rare,1,55732,73255848-3112-4508-a66a-d3101a53057e,0.25,false,false,near_mint,en,USD
Nexus Wardens,THB,Theros Beyond Death,184,normal,common,1,46878,68cb4e56-bcad-43a3-8600-a3594047205a,0.04,false,false,near_mint,en,USD
"Neyali, Suns' Vanguard",ONC,Phyrexia: All Will Be One Commander,2,normal,mythic,2,78463,2b5df03d-2463-468b-b444-d946eeb1c96d,1.71,false,false,near_mint,en,USD
Nezumi Bladeblesser,NEO,Kamigawa: Neon Dynasty,115,normal,common,1,66580,9a03d3f5-b32b-4814-b485-25f24e51609c,0.07,false,false,near_mint,en,USD
Nezumi Cutthroat,A25,Masters 25,99,normal,common,2,2617,8a9c29bf-a177-40d5-9ade-129221222900,0.11,false,false,near_mint,en,USD
Nibelheim Aflame,FIN,Final Fantasy,146,normal,mythic,2,106337,3d3e926a-74af-4996-849f-d31e0fdedeae,2.39,false,false,near_mint,en,USD
"Nick Valentine, Private Eye",PIP,Fallout,35,normal,rare,1,91864,0a7c9553-d4a8-4d51-8e8a-8a0ffbdf1715,0.1,false,false,near_mint,en,USD
Night's Whisper,FIC,Final Fantasy Commander,280,normal,common,1,105913,47dfd4bd-a7a0-40bd-80e8-16c5ddd91091,0.38,false,false,near_mint,en,USD
Nightscape Familiar,DMR,Dominaria Remastered,94,normal,common,1,77896,4cf1918f-ad58-4f62-bd8c-649919de0e75,0.55,false,false,near_mint,en,USD
Nightsnare,ORI,Magic Origins,111,normal,common,1,10831,391a1023-69e7-425c-ac54-987ba366f8f4,0.06,false,false,near_mint,en,USD
Nightsquad Commando,IKO,Ikoria: Lair of Behemoths,98,normal,common,1,49979,80306d10-0da7-4ee7-b975-ef6c9b535a2a,0.05,false,false,near_mint,en,USD
Nightwhorl Hermit,BLB,Bloomburrow,62,normal,common,2,95994,0928e04f-2568-41e8-b603-7a25cf5f94d0,0.05,false,false,near_mint,en,USD
Nimana Skitter-Sneak,ZNR,Zendikar Rising,116,normal,common,2,54802,ea080141-6262-4595-8058-b2969b3f016b,0.02,false,false,near_mint,en,USD
Nimble Larcenist,SNC,Streets of New Capenna,321,normal,uncommon,1,67918,9f640d69-b690-4262-b3d8-e9e28c813f94,0.07,false,false,near_mint,en,USD
Nimblewright Schematic,CLB,Commander Legends: Battle for Baldur's Gate,330,normal,common,1,68953,34282856-c0f1-4845-bfc8-537466c6a5bb,0.09,false,false,near_mint,en,USD
Nimraiser Paladin,ONE,Phyrexia: All Will Be One,101,normal,uncommon,3,78763,a99fe9a8-d9e7-4286-81a1-adfb753e4741,0.05,false,false,near_mint,en,USD
Ninth Bridge Patrol,CMR,Commander Legends,33,normal,common,1,55662,4a9555fe-fa1d-4af9-90a4-c3f91e0edd9b,0.03,false,false,near_mint,en,USD
Nissa's Zendikon,ZNR,Zendikar Rising,197,normal,common,4,54839,fd37ea0e-ff72-4522-aa5b-d46bff832a34,0.08,false,false,near_mint,en,USD
"Niv-Mizzet, the Firemind",GK1,GRN Guild Kit,26,foil,rare,2,120,71d33e53-74e4-4d6e-9236-0b6c25101902,3.35,false,false,near_mint,en,USD
Nivix Barrier,ORI,Magic Origins,66,normal,common,1,10876,0b9b968d-b0cc-411d-9366-8358be28aef2,0.13,false,false,near_mint,en,USD
Nivix Guildmage,GK1,GRN Guild Kit,42,normal,uncommon,1,104,603e7dd3-c361-4e66-9df5-4b24f40734e8,0.3,false,false,near_mint,en,USD
No Way Out,MID,Innistrad: Midnight Hunt,116,normal,common,1,63460,d9ef6a68-60a4-4a20-8b57-8b7a7c5ed0c6,0.09,false,false,near_mint,en,USD
"Noctis, Prince of Lucis",FIN,Final Fantasy,235,normal,rare,1,105560,1881a66b-956d-4bab-b578-5b2d3407c972,0.19,false,false,near_mint,en,USD
Noggle Bandit,EVE,Eventide,106,normal,common,1,24445,552c9c66-8023-41ef-8d4f-3b0dc30743f3,0.03,false,false,near_mint,en,USD
Noggle Bridgebreaker,EVE,Eventide,107,normal,common,1,24444,545a52ed-b4d4-4972-940d-9daf07a488b1,0.04,false,false,near_mint,en,USD
Nomad Outpost,TDM,Tarkir: Dragonstorm,263,normal,uncommon,1,104868,a68fbeaa-941f-4d53-becd-f93ed22b9a54,0.18,false,false,near_mint,en,USD
Nomad Outpost,FIC,Final Fantasy Commander,409,normal,uncommon,1,105999,790d5244-5042-4b84-b16d-be0f87d11fad,0.18,false,false,near_mint,en,USD
Noose Constrictor,INR,Innistrad Remastered,210,normal,uncommon,2,102737,b432cccb-4291-46f3-a171-919adf8b95eb,0.07,false,false,near_mint,en,USD
Novice Occultist,MID,Innistrad: Midnight Hunt,117,normal,common,1,63381,a541ac79-a969-42b4-b989-f6e37572ec90,0.04,false,false,near_mint,en,USD
Nowhere to Run,DSK,Duskmourn: House of Horror,111,normal,uncommon,1,95623,fee60e9d-9ee7-444a-88f3-c1929e1888fb,0.7,false,false,near_mint,en,USD
Noxious Assault,ONE,Phyrexia: All Will Be One,176,normal,uncommon,1,78712,9649de6c-a9f7-4f0a-8bf7-cacaea60ed54,0.09,false,false,near_mint,en,USD
Noxious Gearhulk,TDC,Tarkir: Dragonstorm Commander,191,normal,mythic,1,104511,289c11b7-a460-4a2f-b11a-e1ba54bd1f34,0.31,false,false,near_mint,en,USD
Nuka-Cola Vending Machine,PIP,Fallout,137,normal,uncommon,1,92092,405df7c7-0e37-499e-9826-6bf9f5db7a40,19.69,false,false,near_mint,en,USD
Null Caller,CMR,Commander Legends,140,normal,uncommon,1,55865,bde7ecbc-b277-437c-ac94-4c3e89f1bda6,0.03,false,false,near_mint,en,USD
Null Elemental Blast,MH3,Modern Horizons 3,12,normal,uncommon,1,94243,8e259868-d29a-4c03-8ec3-49e914f849fb,0.26,false,false,near_mint,en,USD
Nullify,BNG,Born of the Gods,45,normal,common,1,14915,a940d859-3fb1-4946-8277-b7c503605b1e,0.06,false,false,near_mint,en,USD
"Numa, Joraga Chieftain",KHC,Kaldheim Commander,71,normal,uncommon,1,57229,6ac36353-6bf7-46b1-85cb-87d389138d32,0.13,false,false,near_mint,en,USD
Nurturing Presence,VOW,Innistrad: Crimson Vow,26,normal,common,3,64156,35e109ea-8b86-4432-b15e-5a6201caf2aa,0.03,false,false,near_mint,en,USD
Nylea's Disciple,THS,Theros,167,normal,common,1,15497,365d716a-1435-48ac-b85f-2cceca1056dd,0.11,false,false,near_mint,en,USD
Nyxborn Hydra,MH3,Modern Horizons 3,164,normal,common,1,94538,902a969e-9f22-4e92-93eb-9d4536ca82e5,0.24,false,false,near_mint,en,USD
Nyxborn Marauder,THB,Theros Beyond Death,109,normal,common,1,46953,fd2a923a-1f9c-4a29-9c6b-344ae4d5ae8f,0.05,false,false,near_mint,en,USD
Nyxborn Wolf,BNG,Born of the Gods,131,normal,common,1,14829,91a78895-5e09-46a5-8a74-a07f0befc4e5,0.09,false,false,near_mint,en,USD
"O'aka, Traveling Merchant",FIC,Final Fantasy Commander,39,normal,rare,1,106073,9d860089-fb88-4736-b7f4-b605551bedc8,0.33,false,false,near_mint,en,USD
Oakhame Adversary,ELD,Throne of Eldraine,167,normal,uncommon,2,46171,9fb4e77f-e189-4ad3-9fca-8da04289e396,0.26,false,false,near_mint,en,USD
Oakheart Dryads,JOU,Journey into Nyx,133,normal,common,1,14516,d8ef63b9-c021-40fe-910e-93c06d660c20,0.03,false,false,near_mint,en,USD
Ob Nixilis Reignited,DSC,Duskmourn: House of Horror Commander,152,normal,mythic,1,99166,5af237ad-9294-47f5-a338-f9ca4fce3e70,0.25,false,false,near_mint,en,USD
"Ob Nixilis, Unshackled",2X2,Double Masters 2022,84,normal,rare,1,70291,6c727f49-833a-4b79-9946-bfbc6b06999c,4.04,false,false,near_mint,en,USD
Obelisk of Esper,C13,Commander 2013,250,normal,common,1,15136,70b347b1-9277-4ad0-88c8-faacace08827,0.24,false,false,near_mint,en,USD
Oblivion's Hunger,ZNR,Zendikar Rising,119,normal,common,2,54832,faf65512-8228-48f4-ba7b-d861b66d28c9,0.07,false,false,near_mint,en,USD
Obscura Charm,SNC,Streets of New Capenna,323,normal,uncommon,1,67731,4a02b758-65b6-4c25-83b9-de63a1a92b51,0.07,false,false,near_mint,en,USD
Obscura Storefront,DSC,Duskmourn: House of Horror Commander,291,normal,common,1,99363,d8eaf8d2-8029-49d9-a94b-a72dc31fc81f,0.17,false,false,near_mint,en,USD
Observed Stasis,FIC,Final Fantasy Commander,40,normal,rare,1,105962,6301c10c-8c27-4595-a0a7-30c621332b2c,0.25,false,false,near_mint,en,USD
Octo Opus,UNF,Unfinity,54,normal,uncommon,1,72799,73c590e5-be42-4acc-80ef-b27def8d896b,0.04,false,false,near_mint,en,USD
"Odric, Lunarch Marshal",INR,Innistrad Remastered,36,normal,rare,1,102452,1db600b2-9b8b-4c21-8d8b-8033ec680a35,0.55,false,false,near_mint,en,USD
Of One Mind,IKO,Ikoria: Lair of Behemoths,60,normal,common,3,50017,c95fb136-f21d-4f3a-82b7-bcf490b7e90c,0.19,false,false,near_mint,en,USD
Offer Immortality,FDN,Foundations,525,normal,common,2,97180,6d5802ed-507d-4a52-90e3-d989cd61961b,0.19,false,false,near_mint,en,USD
Oggyar Battle-Seer,STX,Strixhaven: School of Mages,209,normal,common,1,58247,a38329f1-af6e-47b8-86e4-f2a39e1edbf8,0.06,false,false,near_mint,en,USD
Ogre-Head Helm,NEO,Kamigawa: Neon Dynasty,155,normal,rare,1,66678,3a0d5f7d-4e8a-42ad-8875-610004bd9796,0.2,false,false,near_mint,en,USD
Oil-Gorger Troll,ONE,Phyrexia: All Will Be One,177,normal,common,1,78641,78493579-1fad-4664-96d7-195bf59ceef2,0.02,false,false,near_mint,en,USD
Okiba Reckoner Raid // Nezumi Road Captain,NEO,Kamigawa: Neon Dynasty,117,normal,common,1,66534,4f0582b4-d951-4450-b158-4a34109e48cd,0.06,false,false,near_mint,en,USD
Old Gnawbone,AFR,Adventures in the Forgotten Realms,197,normal,mythic,1,60299,77ceba8b-de19-4db8-b5a7-f5df49bf241f,43.01,false,false,near_mint,en,USD
Old Rutstein,VOW,Innistrad: Crimson Vow,244,normal,rare,1,64240,625b8023-2ef1-4b7b-9e48-4f774fee14e0,0.54,false,false,near_mint,en,USD
Olivia's Dragoon,INR,Innistrad Remastered,127,normal,common,1,102550,571a9e92-6f34-4bf4-b7f4-15d12560efb6,0.03,false,false,near_mint,en,USD
Olivia's Midnight Ambush,MID,Innistrad: Midnight Hunt,118,normal,common,1,63367,9c1adede-22ad-4c1c-9501-ad731fbe1742,0.04,false,false,near_mint,en,USD
Ollenbock Escort,VOW,Innistrad: Crimson Vow,27,normal,uncommon,1,64477,f7a659bf-9d85-4011-980e-c3a8dc4513e9,0.06,false,false,near_mint,en,USD
"Omega, Heartless Evolution",FIN,Final Fantasy,236,normal,uncommon,5,106604,9a8eb7e6-0c0b-42d0-aa90-2d3d29bc15aa,0.08,false,false,near_mint,en,USD
Omen of the Dead,THB,Theros Beyond Death,110,normal,common,1,46952,8023fc44-fb8e-420d-a68c-b45912c4e5bd,0.08,false,false,near_mint,en,USD
On an Adventure,TELD,Throne of Eldraine Tokens,20,normal,common,1,46338,a8d50cf9-03e6-467a-aadf-84a24106ffa9,0.16,false,false,near_mint,en,USD
Onakke Ogre,M21,Core Set 2021,155,normal,common,1,50858,76e42d07-57d9-4de4-8d41-eb42dd1573ed,0.03,false,false,near_mint,en,USD
Ondu Inversion // Ondu Skyruins,ZNR,Zendikar Rising,30,normal,rare,1,54714,b6e6be8c-41c3-4348-a8dd-b40ceb24e9b4,1.07,false,false,near_mint,en,USD
One with the Machine,PIP,Fallout,179,normal,rare,1,91876,0f555efc-4314-4111-8c61-9548c5bae2e0,0.15,false,false,near_mint,en,USD
One-Eyed Scarecrow,ISD,Innistrad,230,normal,common,1,18668,5d495d85-6458-44d5-b3b4-5e09569057e3,0.11,false,false,near_mint,en,USD
Onyx Mage,M12,Magic 2012,103,normal,uncommon,1,19164,eabd38e6-1e59-42d2-bd1a-555c77cf6747,0.14,false,false,near_mint,en,USD
Opal Palace,CMR,Commander Legends,707,normal,common,1,56197,cb789935-b0ba-427c-a0d5-93b006a28312,1.31,false,false,near_mint,en,USD
Open the Vaults,PIP,Fallout,168,normal,rare,1,92435,8cd2e9d0-3691-40a4-a0e8-42ca29bfcc10,0.18,false,false,near_mint,en,USD
Opera Love Song,FIN,Final Fantasy,147,normal,uncommon,4,106496,0343916d-1b65-4e95-aef1-e72dbcebf0c4,0.18,false,false,near_mint,en,USD
Opt,TDC,Tarkir: Dragonstorm Commander,158,normal,common,2,104914,bbc99a51-1501-4525-a3cc-f48249b64bed,0.1,false,false,near_mint,en,USD
Opulent Palace,TDM,Tarkir: Dragonstorm,264,normal,uncommon,1,104491,21cb3b3b-0738-4c2e-a3fc-927fd6b9d3fb,0.19,false,false,near_mint,en,USD
"Orah, Skyclave Hierophant",ZNR,Zendikar Rising,233,normal,rare,1,54481,2336c8bf-fcad-41f9-9041-80b8aa3cd79a,0.15,false,false,near_mint,en,USD
Oran-Rief Survivalist,ZEN,Zendikar,174,normal,common,1,22450,0d598220-bddd-48a4-8c80-eb149c6292a3,0.14,false,false,near_mint,en,USD
Orchard Spirit,ORI,Magic Origins,192,normal,common,1,10750,1bd3077a-0446-4cf4-9a32-366b4c4085a3,0.04,false,false,near_mint,en,USD
Orchard Strider,MH2,Modern Horizons 2,169,normal,common,1,59501,386da156-59cd-4b96-9276-a7cb2ddd0421,0.09,false,false,near_mint,en,USD
"Orcus, Prince of Undeath",AFR,Adventures in the Forgotten Realms,229,normal,rare,1,60333,91f5c6d3-fb04-4a2e-87b6-9ed2314085a8,0.27,false,false,near_mint,en,USD
Order of Midnight // Alter Fate,MOC,March of the Machine Commander,261,normal,uncommon,1,81785,84c63c27-6095-4fbc-9064-0ef602e1ced8,0.17,false,false,near_mint,en,USD
Ordruun Veteran,GTC,Gatecrash,184,normal,uncommon,1,16640,20fea3f6-e64a-4964-86bc-c0b8fef0ab25,0.06,false,false,near_mint,en,USD
Ornithopter of Paradise,DRC,Aetherdrift Commander,133,normal,common,1,103019,47c976ee-7eb3-42bb-8bfb-5eda12417e97,0.53,false,false,near_mint,en,USD
Orthodoxy Enforcer,ONE,Phyrexia: All Will Be One,25,normal,common,2,78689,8c938a0f-531c-4293-a89c-c7440d5acc5d,0.05,false,false,near_mint,en,USD
Orzhov Basilica,DRC,Aetherdrift Commander,164,normal,uncommon,1,103274,cc8f8ede-9620-4f7f-8326-a75031ef6ec1,0.13,false,false,near_mint,en,USD
Orzhov Cluestone,C15,Commander 2015,261,normal,common,1,9775,338ee065-a4a6-4120-b0bd-3e940f458294,0.2,false,false,near_mint,en,USD
Orzhov Locket,MOC,March of the Machine Commander,368,normal,common,2,81674,52f5b969-2f5a-4f9d-9301-2cbfbc7d76e0,0.15,false,false,near_mint,en,USD
Orzhov Signet,TDC,Tarkir: Dragonstorm Commander,323,normal,common,1,104804,90894726-1940-4291-a05c-b85cefbfa344,0.31,false,false,near_mint,en,USD
"Orzhova, the Church of Deals",GPT,Guildpact,162,normal,uncommon,1,27433,9015cc09-56c9-4d8f-b241-a0cfaec7e1f1,0.25,false,false,near_mint,en,USD
Ossification,ONE,Phyrexia: All Will Be One,26,normal,uncommon,3,78396,0da03224-c1af-438f-96c2-b0e41e1070b7,0.15,false,false,near_mint,en,USD
"Otharri, Suns' Glory",ONC,Phyrexia: All Will Be One Commander,3,normal,mythic,1,78660,80c72839-0fa6-4b5f-83b7-6553ebf09bef,6.35,false,false,near_mint,en,USD
Otherworldly Journey,MM2,Modern Masters 2015,30,normal,common,2,11187,5cd220e4-2e2a-437e-aa4e-1007247c8e4d,0.6,false,false,near_mint,en,USD
Out of the Way,SNC,Streets of New Capenna,52,normal,uncommon,1,67642,2201ade5-8add-49f2-8045-ae351aaf061c,0.07,false,false,near_mint,en,USD
Outland Colossus,ORI,Magic Origins,193,normal,rare,1,10749,1caad298-52cb-46f1-8212-fe657ab80159,0.22,false,false,near_mint,en,USD
Overcharged Amalgam,INR,Innistrad Remastered,80,normal,rare,1,102477,2fae9b40-a1ee-425d-bbf6-fa4b0861cdc4,0.36,false,false,near_mint,en,USD
Overclocked Electromancer,M3C,Modern Horizons 3 Commander,110,normal,rare,1,94807,c32967d4-0ed0-492b-b94f-3b13ea9bf909,0.08,false,false,near_mint,en,USD
Overencumbered,PIP,Fallout,18,normal,rare,1,92120,47058eaa-348d-4bbb-8df5-b931eba067f3,0.18,false,false,near_mint,en,USD
Overflowing Basin,FIC,Final Fantasy Commander,410,normal,rare,1,105868,2d0812ef-a3b7-49d0-b1b8-ec0c8891b887,0.16,false,false,near_mint,en,USD
Overgrown Arch,STX,Strixhaven: School of Mages,139,normal,uncommon,1,58253,a71dddf5-8f72-4018-9cc8-5f63a17f1ee5,0.06,false,false,near_mint,en,USD
Overkill,FIN,Final Fantasy,109,normal,uncommon,5,106628,ae075e71-d33d-4d6c-b4a5-0b47dd6fd196,0.24,false,false,near_mint,en,USD
Overwhelmed Archivist // Archive Haunt,MID,Innistrad: Midnight Hunt,68,normal,uncommon,2,63329,832288fd-8031-4c2b-ad3e-b1ec9f94d379,0.08,false,false,near_mint,en,USD
Owlbear,AFR,Adventures in the Forgotten Realms,331,normal,common,3,60161,12b19309-a7f6-44da-b856-d12da11156e8,0.09,false,false,near_mint,en,USD
Oxidda Finisher,ONE,Phyrexia: All Will Be One,143,normal,uncommon,3,78624,7177431e-5cc4-4ecd-8848-f51903289072,0.03,false,false,near_mint,en,USD
Pacifism,DTK,Dragons of Tarkir,29,normal,common,1,11785,f7939502-d6aa-4bde-b42f-67ed433f95f1,0.06,false,false,near_mint,en,USD
Pacifism,FDN,Foundations,501,normal,common,1,97181,839160d2-44a3-4566-be9d-558d043beac8,0.24,false,false,near_mint,en,USD
Pack's Betrayal,MID,Innistrad: Midnight Hunt,153,normal,common,2,63321,7ebadb1e-32cd-41d6-b26e-49134973d05c,0.06,false,false,near_mint,en,USD
Paired Tactician,ZNR,Zendikar Rising,31,normal,uncommon,1,54585,67930e10-4de8-4d40-af27-4a38d35ab16f,0.05,false,false,near_mint,en,USD
Palace Jailer,FIC,Final Fantasy Commander,247,normal,uncommon,1,106077,9f129968-0af6-4ae4-a0c3-6f911a7bae22,0.06,false,false,near_mint,en,USD
Palace Sentinels,CMM,Commander Masters,48,normal,common,1,84454,6c0bbbe0-e6cf-43df-9c44-b6bbfa9c9af7,0.03,false,false,near_mint,en,USD
"Paladin Danse, Steel Maverick",PIP,Fallout,20,normal,uncommon,2,92852,f0e7ee3a-18f1-4771-86d6-db1e0b2aa542,0.21,false,false,near_mint,en,USD
Paladin of Predation,ONE,Phyrexia: All Will Be One,178,normal,uncommon,1,78631,758dbe61-6dc7-4b08-bdd6-7262257955fc,0.07,false,false,near_mint,en,USD
Paladin's Arms,FIN,Final Fantasy,28,normal,common,6,106338,446506c5-5e1d-4b42-aef3-ea247d7881ef,0.04,false,false,near_mint,en,USD
Panharmonicon,PIP,Fallout,237,normal,rare,1,91934,1d92b7dd-1f63-4f34-87ca-01a0eaa7b3a1,3.91,false,false,near_mint,en,USD
Panicked Bystander // Cackling Culprit,VOW,Innistrad: Crimson Vow,28,normal,uncommon,2,64064,031c5cff-e579-432a-bcee-864b12eb0558,0.05,false,false,near_mint,en,USD
Papalymo Totolymo,FIC,Final Fantasy Commander,90,normal,rare,1,105816,0b876b1e-fcf4-4e5c-81b0-1080ac8099ed,0.17,false,false,near_mint,en,USD
Paragon of Modernity,SNC,Streets of New Capenna,242,normal,common,1,67885,939450d7-1107-4645-ad23-68749b1ec4c2,0.04,false,false,near_mint,en,USD
Pardic Wanderer,DOM,Dominaria,226,normal,common,1,2050,2fffe967-3a99-4f00-af46-f4e5567598df,0.09,false,false,near_mint,en,USD
Parish-Blade Trainee,VOW,Innistrad: Crimson Vow,29,normal,common,1,64329,9845cdf2-e5ba-44a0-8136-72a1eb03a6a1,0.05,false,false,near_mint,en,USD
Park Re-Entry,UNF,Unfinity,22,normal,uncommon,1,72940,cff504c0-ace6-4bbb-a2b9-3518ba31f0e7,0.03,false,false,near_mint,en,USD
Patagia Tiger,IKO,Ikoria: Lair of Behemoths,26,normal,common,2,50051,be398100-89e2-432b-8017-74fb7e4dbc26,0.02,false,false,near_mint,en,USD
Path of Ancestry,PIP,Fallout,279,normal,common,3,92915,ff6415d9-14fb-4a58-aa86-bf2063037684,0.16,false,false,near_mint,en,USD
Path of Ancestry,FIC,Final Fantasy Commander,411,normal,common,4,105929,4dd83a5d-1908-4141-8449-fac5e77cd6c0,0.21,false,false,near_mint,en,USD
Path of Ancestry,TDC,Tarkir: Dragonstorm Commander,382,normal,common,2,104906,b8504812-fcf5-47d3-977d-1d9a11231fd0,0.16,false,false,near_mint,en,USD
Path of Discovery,FIC,Final Fantasy Commander,312,normal,rare,1,106117,ad09a5c2-3081-4d5d-9c0f-037e045e9045,0.13,false,false,near_mint,en,USD
Path to Exile,FIC,Final Fantasy Commander,248,normal,uncommon,1,106138,bba46570-dca2-4849-966a-0972e6a4c506,1.25,false,false,near_mint,en,USD
Path to Exile,OTC,Outlaws of Thunder Junction Commander,85,normal,uncommon,1,93790,a7aed564-2d2d-42c4-bf11-812bc1a0284c,1.47,false,false,near_mint,en,USD
Path to Exile,PIP,Fallout,169,normal,uncommon,1,92107,437e42e1-a8b5-49db-885b-e7e1a06db59d,1.08,false,false,near_mint,en,USD
Patron of the Vein,LCC,The Lost Caverns of Ixalan Commander,207,normal,rare,1,88779,a70d7b65-77d0-41d3-9735-d64b9288fde1,0.14,false,false,near_mint,en,USD
Peace Strider,2XM,Double Masters,280,normal,common,1,52126,4bc9bd97-f256-4dcd-b2a7-3239d443a0af,0.03,false,false,near_mint,en,USD
Peer into the Abyss,M21,Core Set 2021,117,normal,rare,1,50943,aac00055-640e-4749-8d23-d242e6d0b23a,2.11,false,false,near_mint,en,USD
Peerless Samurai,NEO,Kamigawa: Neon Dynasty,156,normal,common,1,66616,e5b2176d-8925-4474-9d3e-1c97192715fb,0.04,false,false,near_mint,en,USD
Pegasus Courser,M19,Core Set 2019,32,normal,common,1,1280,0c04eafe-8be0-416e-a5b9-486a3b3b5984,0.07,false,false,near_mint,en,USD
Pelakka Wurm,M19,Core Set 2019,192,normal,rare,2,1120,00906b47-6316-4e00-bbf5-b801ab583f4f,0.14,false,false,near_mint,en,USD
Pentad Prism,2XM,Double Masters,281,normal,uncommon,1,51842,2a2862c5-afa8-4e38-a312-483300f8b194,0.37,false,false,near_mint,en,USD
Pentarch Ward,IMA,Iconic Masters,27,normal,common,1,3598,c455d6d8-f116-46b5-9e6d-615b752b8455,0.18,false,false,near_mint,en,USD
Perception Bobblehead,PIP,Fallout,139,normal,uncommon,1,92801,e2a8c89c-2cd1-4f68-9758-449177be2880,0.59,false,false,near_mint,en,USD
Perennation,TDM,Tarkir: Dragonstorm,212,normal,mythic,1,105077,ffe7071e-a214-44e8-a571-129f0db44f76,0.28,false,false,near_mint,en,USD
Perforating Artist,FDN,Foundations,124,normal,uncommon,1,100674,72980409-53f0-43c1-965e-06f22e7bb608,0.14,false,false,near_mint,en,USD
Perilous Landscape,TDC,Tarkir: Dragonstorm Commander,383,normal,common,2,104684,61fc78e0-d0db-4ecb-a29a-f1a437d7987c,0.13,false,false,near_mint,en,USD
Pest Control,BIG,The Big Score,22,normal,mythic,1,93784,a4a01b92-dafb-4ea6-8eff-29f881f6be24,3.21,false,false,near_mint,en,USD
Pest Summoning,STX,Strixhaven: School of Mages,211,normal,common,2,58121,6267e19a-a777-4767-8433-86b6624362b6,0.06,false,false,near_mint,en,USD
Pestilence Demon,DDR,Duel Decks: Nissa vs. Ob Nixilis,56,normal,rare,1,7807,058eb32f-2ae2-4276-ae1a-242bbb150418,0.54,false,false,near_mint,en,USD
Pestilent Syphoner,ONE,Phyrexia: All Will Be One,103,normal,common,1,78706,947a1e44-3485-4e24-a34d-6c318584743c,0.08,false,false,near_mint,en,USD
Pestilent Wolf,MID,Innistrad: Midnight Hunt,192,normal,common,1,63475,e2686431-8d9c-4b9c-998f-38b5ae113d4a,0.06,false,false,near_mint,en,USD
Phantasmal Bear,A25,Masters 25,69,normal,common,1,2647,d2a5e968-6ba4-44e9-9587-6ef456721b97,0.04,false,false,near_mint,en,USD
Phantasmal Dreadmaw,MH2,Modern Horizons 2,55,normal,common,1,59730,a7f09ddb-0dec-47a7-92d4-efbeaf8cd85c,0.03,false,false,near_mint,en,USD
Phantom Carriage,MID,Innistrad: Midnight Hunt,70,normal,uncommon,2,63156,1990ed41-3739-40f6-8797-359f88af05f9,0.03,false,false,near_mint,en,USD
Phantom General,ONC,Phyrexia: All Will Be One Commander,85,normal,uncommon,1,78937,eff5d3da-81d0-4776-9200-928af1b0cf18,0.08,false,false,near_mint,en,USD
Phantom Steed,AFC,Forgotten Realms Commander,18,normal,rare,1,60546,64513f0a-067d-4b70-bb23-9ebe606bda1a,0.58,false,false,near_mint,en,USD
Phantom Train,FIN,Final Fantasy,110,normal,uncommon,3,106350,7a50d2ac-101d-41e1-b400-18fa7d2d7125,0.06,false,false,near_mint,en,USD
Pharika's Disciple,ORI,Magic Origins,194,normal,common,1,10748,f0b3d8f7-6a41-49ba-b111-d34a345394c0,0.04,false,false,near_mint,en,USD
Pharika's Libation,THB,Theros Beyond Death,111,normal,common,3,46951,0307bb5c-0a46-4f6b-b6d5-58cf31987bb5,0.05,false,false,near_mint,en,USD
Phoenix Down,FIN,Final Fantasy,29,normal,uncommon,5,105961,62e299b0-9ef6-49d3-aa79-384325fed89e,0.09,false,false,near_mint,en,USD
Phyrexian Atlas,ONE,Phyrexia: All Will Be One,237,normal,common,1,78795,b5adb509-6ad3-4838-925d-1cafa926b83a,0.13,false,false,near_mint,en,USD
Phyrexian Beast,TONE,Phyrexia: All Will Be One Tokens,6,normal,common,1,79055,919381b0-2d23-4794-b4ff-923c23e18196,0.08,false,false,near_mint,en,USD
Phyrexian Driver,NEM,Nemesis,64,normal,common,1,33818,efeef7f3-5b87-440d-a851-95ae2bdb840d,0.07,false,false,near_mint,en,USD
Phyrexian Espionage,DMU,Dominaria United,60,normal,common,1,71241,0b983366-385f-41a3-aa46-20151e68d140,0.04,false,false,near_mint,en,USD
Phyrexian Goblin,TFDN,Foundations Tokens,31,normal,common,5,101466,01e437a1-6d74-4006-8598-06284444c837,,false,false,near_mint,en,USD
Phyrexian Golem,TONE,Phyrexia: All Will Be One Tokens,10,normal,common,1,79050,63ace2fa-8cfb-4641-a05c-d12830378e03,0.12,false,false,near_mint,en,USD
Phyrexian Ironworks,MH3,Modern Horizons 3,130,normal,uncommon,1,94863,6d64e1a8-cb4f-4968-b3e0-c9ca7c7894a3,0.05,false,false,near_mint,en,USD
Phyrexian Mite,TONE,Phyrexia: All Will Be One Tokens,11,normal,common,10,79057,96ec91a9-659a-455f-98e0-cd30b6c6c2a4,0.14,false,false,near_mint,en,USD
Phyrexian Rager,CLB,Commander Legends: Battle for Baldur's Gate,766,normal,common,2,69491,41a530be-8527-46f9-b1e9-725915fd6d5e,0.09,false,false,near_mint,en,USD
Phyrexian Scriptures,MOC,March of the Machine Commander,266,normal,mythic,1,81506,09bb74d7-dd61-4cce-b88c-ee4d656a97f4,0.84,false,false,near_mint,en,USD
Phyrexian Tyranny,2X2,Double Masters 2022,262,normal,rare,1,70259,61cd85ec-13b3-4d63-b144-5baa39ad6524,1.17,false,false,near_mint,en,USD
Piercing Exhale,TDM,Tarkir: Dragonstorm,151,normal,common,1,104891,b2a0deb9-5bc3-42d5-9e1e-5f463d176aef,0.03,false,false,near_mint,en,USD
Piercing Light,VOW,Innistrad: Crimson Vow,30,normal,common,1,64219,54cc4e2b-1497-4788-afb4-9e42b7683b5a,0.04,false,false,near_mint,en,USD
"Pietra, Crafter of Clowns",UNF,Unfinity,268,normal,uncommon,1,73197,8fd71020-beb5-4682-91f3-cb71bbddc796,0.14,false,false,near_mint,en,USD
Pilgrim of the Ages,STX,Strixhaven: School of Mages,22,normal,common,2,58315,c86714f5-e909-413f-8eb6-99dbea4d1897,0.07,false,false,near_mint,en,USD
Pilgrim's Eye,CMM,Commander Masters,402,normal,common,1,84319,48bfc25b-f73c-431c-b173-adcd65c5d491,0.07,false,false,near_mint,en,USD
Pillage,DKM,Deckmasters,18,normal,uncommon,1,31805,5886cdc7-fb7b-4426-91f3-c10e968b5c3f,0.39,false,false,near_mint,en,USD
Pip-Boy 3000,PIP,Fallout,140,normal,rare,1,92664,c2248694-aab0-47a8-ae8b-8d5283075e10,2.98,false,false,near_mint,en,USD
Pit Fight,CLU,Ravnica: Clue Edition,202,normal,common,2,90828,4459499c-099b-47d5-b73d-774ff120230f,0.21,false,false,near_mint,en,USD
Pitiless Plunderer,FIC,Final Fantasy Commander,281,normal,uncommon,1,106029,8ba8b02a-8a05-40cd-8b83-51fd0cc0a7a5,1.78,false,false,near_mint,en,USD
Plague Engineer,MH1,Modern Horizons,100,normal,rare,1,44834,8f32b0e9-5eb2-4b26-8c06-5d4561f0295d,0.39,false,false,near_mint,en,USD
Plague Nurse,ONE,Phyrexia: All Will Be One,179,normal,common,2,78576,5e7eef9e-68ae-4743-ad89-64f6fafbe365,0.03,false,false,near_mint,en,USD
Plains,C18,Commander 2018,295,normal,common,1,548,f944d762-b01c-4e7c-a539-434cbf99c504,0.17,false,false,near_mint,en,USD
Plains,TDM,Tarkir: Dragonstorm,278,normal,common,2,104350,b8c391f2-b340-43c7-89e6-afac5b70491f,0.06,false,false,near_mint,en,USD
Plains,VOW,Innistrad: Crimson Vow,269,normal,common,1,64141,2b069f97-735a-4d85-8504-b5a863bd659b,0.36,false,false,near_mint,en,USD
Plains,NEO,Kamigawa: Neon Dynasty,294,normal,common,1,66488,7a76d8ee-28fc-49ac-951c-a4d29822f91e,1.76,false,false,near_mint,en,USD
Plains,ONE,Phyrexia: All Will Be One,272,normal,common,17,78248,db14da86-6721-4e22-9b61-4a5680d4e5a3,0.1,false,false,near_mint,en,USD
Plains,ITP,Introductory Two-Player Set,54,normal,common,1,38174,042740b1-44c5-4db7-ac14-c4234a06f167,,false,false,near_mint,en,USD
Plains,ZNR,Zendikar Rising,268,normal,common,11,54567,5d918248-85ff-4fea-ac91-aa5466dd2829,0.22,false,false,near_mint,en,USD
Plains,PIP,Fallout,318,normal,common,10,92585,ad6be912-4d77-45d2-b653-7fbbee6a881a,0.17,false,false,near_mint,en,USD
Plains,FIN,Final Fantasy,295,normal,common,25,105742,e623b058-76d2-476b-9ee6-82807f7992c3,0.14,false,false,near_mint,en,USD
Planar Disruption,ONE,Phyrexia: All Will Be One,28,normal,common,2,78694,8ee69a1f-aeed-4eb4-8987-fa720fc99715,0.91,false,false,near_mint,en,USD
Plant,TOTC,Outlaws of Thunder Junction Commander Tokens,19,normal,common,2,93546,29ab531f-8dce-43a2-af8d-584f02982375,0.56,false,false,near_mint,en,USD
Plasma Caster,PIP,Fallout,64,normal,rare,2,92659,c1654256-25ea-4467-812d-25f32fe65cdd,0.11,false,false,near_mint,en,USD
Plasma Jockey,SNC,Streets of New Capenna,115,normal,common,1,67831,741ed811-cbcd-4178-a874-dc79d2a5d6f1,0.04,false,false,near_mint,en,USD
Plated Onslaught,ONE,Phyrexia: All Will Be One,29,normal,uncommon,1,78527,472a635a-a581-4c00-89d6-464f30887944,0.08,false,false,near_mint,en,USD
Plumb the Forbidden,BLC,Bloomburrow Commander,188,normal,uncommon,1,96513,eaea189c-9973-435e-975d-dc47a331b28a,0.32,false,false,near_mint,en,USD
Plummet,IKO,Ikoria: Lair of Behemoths,169,normal,common,1,49908,d884b2f2-946e-4d5d-b8cf-ef035726a188,0.04,false,false,near_mint,en,USD
Pointed Discussion,VOW,Innistrad: Crimson Vow,126,normal,common,2,64071,076deb63-f7e2-498f-a66a-8a190370a3b3,0.08,false,false,near_mint,en,USD
Poised Practitioner,TDM,Tarkir: Dragonstorm,18,normal,common,1,105160,bb25366d-a647-4c5e-bcc7-7e54659aacbd,0.02,false,false,near_mint,en,USD
Poison Counter,TBLC,Bloomburrow Commander Tokens,41,normal,common,3,96351,7afb0ba4-9a1b-4cd5-8d0f-2f697c6d3ab1,0.17,false,false,near_mint,en,USD
Poison the Waters,FIN,Final Fantasy,111,normal,uncommon,3,106380,ff2bafe7-4d0f-464d-b7ba-55a54366fc68,0.91,false,false,near_mint,en,USD
Polluted Mire,DMR,Dominaria Remastered,253,normal,common,1,78105,bb724bec-3509-4f5f-84c0-b1b54063d06f,0.11,false,false,near_mint,en,USD
Ponder,TDC,Tarkir: Dragonstorm Commander,159,normal,common,1,105002,dc69f960-68ba-4315-8146-6a7a82047503,1.21,false,false,near_mint,en,USD
Pongify,TDC,Tarkir: Dragonstorm Commander,160,normal,uncommon,1,104584,4131fa63-5afc-4b63-a4b4-f47b4bced87f,1.75,false,false,near_mint,en,USD
Pop Quiz,STX,Strixhaven: School of Mages,49,normal,common,1,58327,d16892d8-9d10-45de-ab79-0e645c4b5588,0.07,false,false,near_mint,en,USD
Porcelain Zealot,ONE,Phyrexia: All Will Be One,30,normal,uncommon,3,78376,0409bacf-b728-473d-bf9b-41fdf364e783,0.07,false,false,near_mint,en,USD
Port Razer,LCC,The Lost Caverns of Ixalan Commander,230,normal,mythic,1,89002,eb32429a-7ef9-418f-baf8-fed9aa010c9e,0.24,false,false,near_mint,en,USD
Port Town,M3C,Modern Horizons 3 Commander,364,normal,rare,2,94783,96faa127-f71a-47e3-a94b-895fc6b0d6fd,0.15,false,false,near_mint,en,USD
Port Town,FIC,Final Fantasy Commander,412,normal,rare,2,106235,f1ac3b7f-a1db-49df-ba02-fc80cb2f70af,0.15,false,false,near_mint,en,USD
Portent of Betrayal,CMR,Commander Legends,194,normal,common,1,56087,6288606e-182a-4260-bbe9-3f8f09c2f33c,0.04,false,false,near_mint,en,USD
Practiced Tactics,ZNR,Zendikar Rising,32,normal,common,1,54645,91b448f4-aa0c-42c7-a771-e8dd20e0520c,0.1,false,false,near_mint,en,USD
Prairie Stream,TDC,Tarkir: Dragonstorm Commander,384,normal,rare,3,105067,fa0af5ea-e9e1-4247-bde2-759c2653fc00,0.17,false,false,near_mint,en,USD
Prairie Stream,FIC,Final Fantasy Commander,413,normal,rare,2,106171,ce3a0ad9-6b7a-470c-8e49-4121fea72c89,0.2,false,false,near_mint,en,USD
Prairie Stream,PIP,Fallout,280,normal,rare,1,92746,d69dd983-757e-4de8-9824-a5123b906c62,0.16,false,false,near_mint,en,USD
Prava of the Steel Legion,ONC,Phyrexia: All Will Be One Commander,87,normal,uncommon,2,78471,2d27adb4-939d-46ba-b1e8-00282694c362,0.38,false,false,near_mint,en,USD
Pre-War Formalwear,PIP,Fallout,21,normal,rare,1,91915,19018f23-b63b-45af-8419-8959f41472d4,0.8,false,false,near_mint,en,USD
Predation Steward,ONE,Phyrexia: All Will Be One,180,normal,common,1,78519,419fab07-f921-4eff-91e2-1974ae121077,0.05,false,false,near_mint,en,USD
Preordain,TDC,Tarkir: Dragonstorm Commander,161,normal,common,1,105006,dd29a0e5-c1de-4e8a-8866-715e9f9cde1f,0.54,false,false,near_mint,en,USD
Press for Answers,SOI,Shadows over Innistrad,80,normal,common,1,8916,5ec8b8bf-7b02-4f5e-bbd3-9560f9888192,0.02,false,false,near_mint,en,USD
Pressure Point,ZNR,Zendikar Rising,33,normal,common,5,54502,2fe82bbf-9b92-4684-a42d-fbc50c4c5903,0.03,false,false,near_mint,en,USD
"Preston Garvey, Minuteman",PIP,Fallout,8,foil,mythic,1,91955,22b60168-1e7b-4c80-bb93-6841c1e961bb,0.2,false,false,near_mint,en,USD
Prey Upon,EMN,Eldritch Moon,166,normal,common,1,8168,1f480aab-725d-410a-be06-242361d0be82,0.03,false,false,near_mint,en,USD
Prickly Marmoset,IKO,Ikoria: Lair of Behemoths,129,normal,common,1,49948,bad8512f-31b9-48ba-bb10-1497303dcfba,0.07,false,false,near_mint,en,USD
Priest of Fell Rites,MH2,Modern Horizons 2,372,normal,rare,1,59684,96a63c64-bbf4-46cc-bffe-0992bea502cc,0.42,false,false,near_mint,en,USD
Priest of Fell Rites,FIC,Final Fantasy Commander,328,normal,rare,1,105828,1131c841-d736-4c97-9c80-7e61fa30079d,0.13,false,false,near_mint,en,USD
Priest of the Blood Rite,CMM,Commander Masters,179,normal,uncommon,1,84080,14db0f35-905b-45c9-a0cc-1c47720380eb,0.08,false,false,near_mint,en,USD
Primal Empathy,NCC,New Capenna Commander,348,normal,uncommon,1,68365,b8099a93-c59d-40a9-96e2-f3dd2a6dd8b8,0.17,false,false,near_mint,en,USD
Prishe's Wanderings,FIN,Final Fantasy,193,normal,common,6,106658,d6e1dee0-e2cd-4899-a3ea-7d0df717c9ab,0.08,false,false,near_mint,en,USD
Prismari Command,TDC,Tarkir: Dragonstorm Commander,299,normal,rare,1,104464,15e291f4-068a-441c-8b43-05055199aca4,0.21,false,false,near_mint,en,USD
Profane Procession // Tomb of the Dusk Rose,RIX,Rivals of Ixalan,166,normal,rare,1,2852,1d94ff37-f04e-48ee-8253-d62ab07f0632,0.34,false,false,near_mint,en,USD
Professional Face-Breaker,FIC,Final Fantasy Commander,296,normal,rare,1,106187,d5a53791-d4e9-49e9-9daf-c8b378925afe,3.34,false,false,near_mint,en,USD
Professor Hojo,FIC,Final Fantasy Commander,69,normal,rare,2,105827,107ffe2e-47eb-43de-bc9e-c68013b62912,0.22,false,false,near_mint,en,USD
Professor of Symbology,STX,Strixhaven: School of Mages,24,normal,uncommon,1,58390,f427cf73-9f5e-4ef5-bc4f-29ffbfda9d57,0.13,false,false,near_mint,en,USD
Proficient Pyrodancer,UNF,Unfinity,120,normal,uncommon,1,72858,9e10062a-4406-478d-a594-0be78a982c76,0.02,false,false,near_mint,en,USD
Prologue to Phyresis,ONE,Phyrexia: All Will Be One,65,normal,common,2,78771,ac625f30-ed91-4b21-ada8-aaa5b2ad79b8,0.36,false,false,near_mint,en,USD
Promise of Loyalty,FIC,Final Fantasy Commander,249,normal,rare,1,105864,2c6e2b9e-2efb-42f1-9898-77918a7bb1b2,0.18,false,false,near_mint,en,USD
Promising Duskmage,STX,Strixhaven: School of Mages,85,normal,common,1,58046,2ea0dff9-71c3-4d56-aa7b-e0fb9938529a,0.05,false,false,near_mint,en,USD
Prompto Argentum,FIN,Final Fantasy,148,normal,uncommon,3,106546,4c617bcd-05f8-40c2-bb38-489bc863ce6b,0.05,false,false,near_mint,en,USD
Propaganda,FIC,Final Fantasy Commander,268,normal,uncommon,1,106044,8fdbe10e-4a5c-43ee-abb5-20a8d5be9727,2.39,false,false,near_mint,en,USD
Prophetic Prism,CLB,Commander Legends: Battle for Baldur's Gate,335,normal,common,1,68890,1b837b21-9165-4965-a7b5-c59811647951,0.05,false,false,near_mint,en,USD
Prophetic Prism,ONE,Phyrexia: All Will Be One,238,normal,common,2,78481,3056ac38-7630-4301-88bb-a012a5b186ed,0.03,false,false,near_mint,en,USD
Prophetic Titan,MH2,Modern Horizons 2,373,normal,uncommon,1,59754,b27e8b65-16ec-4aef-ac26-8afd78d8bfe5,0.05,false,false,near_mint,en,USD
Prosperous Pirates,CMR,Commander Legends,85,normal,common,1,56080,5d778bde-f927-419e-8052-6230562bdedd,0.07,false,false,near_mint,en,USD
Prosperous Thief,NEO,Kamigawa: Neon Dynasty,73,normal,uncommon,1,66613,da3f683e-5a28-4ae7-b53b-851b957123ba,0.26,false,false,near_mint,en,USD
Prosthetic Injector,ONE,Phyrexia: All Will Be One,239,normal,uncommon,3,78632,75a1beec-bafe-4243-b91e-040a88fb0e95,0.11,false,false,near_mint,en,USD
Protect the Negotiators,DMU,Dominaria United,62,normal,uncommon,1,71726,bb6db604-8bbe-4719-88bd-f3cad8c4725d,0.09,false,false,near_mint,en,USD
Protection Magic,FIC,Final Fantasy Commander,24,normal,rare,1,106046,917e9267-010d-450c-ab98-6f861250c437,0.31,false,false,near_mint,en,USD
Protocol Knight,MOM,March of the Machine,74,normal,common,1,81432,af6cb380-0b4d-4870-abef-928eb63e1702,0.06,false,false,near_mint,en,USD
Prowling Felidar,ZNR,Zendikar Rising,34,normal,common,5,54720,b9d1c11a-a32c-449c-95c6-450dce6c26d2,0.08,false,false,near_mint,en,USD
Pull from Tomorrow,FIC,Final Fantasy Commander,269,normal,rare,1,105880,31d56cda-ee00-4037-a2e3-e17286750b0b,0.12,false,false,near_mint,en,USD
Puncturing Light,SOI,Shadows over Innistrad,35,normal,common,1,8961,5b101264-4994-43b7-9156-228f7d10d2bd,0.04,false,false,near_mint,en,USD
PuPu UFO,FIN,Final Fantasy,266,normal,uncommon,3,106353,989b52f7-d8a5-4488-9a5d-f14a1d48686d,0.22,false,false,near_mint,en,USD
Puresteel Paladin,FIC,Final Fantasy Commander,250,normal,rare,1,106132,b7f768ce-e30e-4da6-a2e3-3e67315b1766,0.54,false,false,near_mint,en,USD
Puresteel Paladin,PIP,Fallout,170,normal,rare,1,92311,73e496f4-ec53-4e3c-a27d-5c1b5a54a642,0.62,false,false,near_mint,en,USD
Pyre Spawn,VOW,Innistrad: Crimson Vow,173,normal,common,3,64286,80255777-de00-4ffa-a8a0-f522bf4198fb,0.08,false,false,near_mint,en,USD
Pyrewild Shaman,CLU,Ravnica: Clue Edition,144,normal,uncommon,1,90914,6037ba46-74ef-4928-9145-180b400d075c,0.13,false,false,near_mint,en,USD
Pyrite Spellbomb,2XM,Double Masters,283,normal,common,1,51809,088c801d-381f-403b-aeb7-fbbfafee99bf,0.16,false,false,near_mint,en,USD
Pyroceratops,IKO,Ikoria: Lair of Behemoths,130,normal,common,1,49947,f6599645-dbb5-4174-bd26-8556af6d89c3,0.06,false,false,near_mint,en,USD
Pyroclasm,DSK,Duskmourn: House of Horror,149,normal,uncommon,1,98703,4391b0af-2f26-4a45-9e2a-5bd8e9838107,0.15,false,false,near_mint,en,USD
Pyroclastic Hellion,ZNR,Zendikar Rising,152,normal,common,1,54559,5929c89b-8c61-47f5-a8ec-b64bf41e9d5b,0.04,false,false,near_mint,en,USD
Pyromatics,GK1,GRN Guild Kit,33,normal,common,1,113,c7cc7a72-4af9-4a39-92b6-97992e51d8f4,0.27,false,false,near_mint,en,USD
Qal Sisma Behemoth,DTK,Dragons of Tarkir,149,normal,uncommon,1,11665,ea70e96a-bebd-4ca4-aa24-e5fd0df38b8a,0.07,false,false,near_mint,en,USD
Qiqirn Merchant,FIN,Final Fantasy,65,normal,common,7,106623,a75a6ecc-a6a5-462c-bd92-ae57dde9b965,0.05,false,false,near_mint,en,USD
Quag Sickness,M14,Magic 2014,110,normal,common,1,15941,a759dcd2-ca07-4428-a3ea-b2e829b1fcb4,0.04,false,false,near_mint,en,USD
Quandrix Pledgemage,STX,Strixhaven: School of Mages,219,normal,common,1,57982,07633b7f-4150-458b-89c3-d05dc0e3c4bd,0.09,false,false,near_mint,en,USD
Queen Allenal of Ruadach,DMU,Dominaria United,210,normal,uncommon,1,71706,b44b4e8b-7675-4c6a-a16a-92f8b6a0259f,0.22,false,false,near_mint,en,USD
Queen Brahne,FIN,Final Fantasy,149,normal,uncommon,1,106414,c38c98bb-74c9-460f-9997-ea5c5f922347,0.11,false,false,near_mint,en,USD
Queen Marchesa,OTC,Outlaws of Thunder Junction Commander,239,normal,rare,1,93484,0fdae05f-7bdc-45fb-b9b9-e5ec3766f965,0.59,false,false,near_mint,en,USD
Queen of Ice // Rage of Winter,ELD,Throne of Eldraine,61,normal,common,1,46277,de2f964a-e4e1-4321-92ad-34b781868e11,0.13,false,false,near_mint,en,USD
"Queza, Augur of Agonies",SNC,Streets of New Capenna,326,normal,uncommon,1,67873,8be62891-93fa-4642-ad44-8c8695a9c960,0.11,false,false,near_mint,en,USD
Quicksilver Fisher,ONE,Phyrexia: All Will Be One,287,normal,common,13,78789,b394cdd1-a632-4b57-8356-4e2d9c9620f7,0.04,false,false,near_mint,en,USD
"Quina, Qu Gourmet",FIN,Final Fantasy,194,normal,uncommon,2,106341,4f352b5e-9731-4a8e-b872-db5d3bf32211,0.1,false,false,near_mint,en,USD
Quirion Ranger,VIS,Visions,117,normal,common,1,38056,56efe72c-6d7f-44f6-ac74-01af9305c4b6,0.78,false,false,near_mint,en,USD
Quistis Trepe,FIN,Final Fantasy,66,normal,uncommon,3,106279,61784cbd-92e9-43c7-a1a8-4004b1bf4dae,0.1,false,false,near_mint,en,USD
Qutrub Forayer,FIN,Final Fantasy,112,normal,common,8,106575,7475ecf6-23f5-45af-9ef0-ac7923bbc9cb,0.03,false,false,near_mint,en,USD
"Rabanastre, Royal City",FIN,Final Fantasy,287,normal,common,8,106294,c44c9bbe-f4c6-41cf-b3c3-b943f4011bc1,0.07,false,false,near_mint,en,USD
Rabid Bite,M20,Core Set 2020,190,normal,common,1,45271,f0d8ff93-6f62-4695-85ad-d70a0b928e92,0.03,false,false,near_mint,en,USD
Rabid Bite,BLB,Bloomburrow,394,normal,common,5,96036,53a73200-b798-4bfd-a431-8b94e17b70be,0.12,false,false,near_mint,en,USD
Rabid Bloodsucker,ORI,Magic Origins,113,normal,common,1,10829,7335da62-3b59-4c73-a19e-b1733393ed88,0.07,false,false,near_mint,en,USD
Raccoon Rallier,BLB,Bloomburrow,148,normal,common,1,96104,b5b5180f-5a1c-4df8-9019-195e65a50ce3,0.06,false,false,near_mint,en,USD
Radiant Fountain,C21,Commander 2021,310,normal,common,2,58812,7ee5e77f-ca43-480d-ac37-48336d3bf044,0.47,false,false,near_mint,en,USD
Radiant Grove,FIC,Final Fantasy Commander,414,normal,common,2,106057,977bf5a1-81f2-4c5b-a227-347bf8e19554,0.21,false,false,near_mint,en,USD
Radiation,TPIP,Fallout Tokens,22,normal,common,1,91849,0886657d-afb0-4f1f-9af7-960724793077,0.12,false,false,near_mint,en,USD
Raffine's Guidance,SNC,Streets of New Capenna,25,normal,common,1,68080,f36e25fa-9ab4-4832-afb9-827c4b6ba732,0.03,false,false,near_mint,en,USD
"Raffine, Scheming Seer",SNC,Streets of New Capenna,327,normal,mythic,1,67975,bc85a0ae-aee8-4a19-a8fc-9f915d7c1499,2.48,false,false,near_mint,en,USD
Ragged Recluse // Odious Witch,VOW,Innistrad: Crimson Vow,127,normal,common,1,64285,7fb728de-0d6e-4b32-b0c4-edd7382d1391,0.05,false,false,near_mint,en,USD
Raid Bombardment,WOT,Wilds of Eldraine: Enchanting Tales,47,normal,uncommon,1,85280,1a7576d7-ef3a-48b1-a06b-81d334c57b96,0.17,false,false,near_mint,en,USD
Raise the Alarm,CMR,Commander Legends,41,normal,common,1,55721,6c7c8527-55f6-494d-b4f7-c427a5735053,0.04,false,false,near_mint,en,USD
Rakdos Carnarium,CLU,Ravnica: Clue Edition,243,normal,common,1,91137,b2eaa0f2-9f8e-4b41-8916-9c9a985c39de,0.41,false,false,near_mint,en,USD
Rakdos Guildgate,C19,Commander 2019,267,normal,common,1,45667,5e378faf-b1f2-46df-945a-37681d392104,0.12,false,false,near_mint,en,USD
Rakdos Locket,C19,Commander 2019,220,normal,common,2,45714,ae74a4a0-b95b-4ddd-80df-cbec1c469025,0.25,false,false,near_mint,en,USD
Rakdos Signet,DSC,Duskmourn: House of Horror Commander,250,normal,uncommon,1,99035,01cc9536-f710-4c47-9e3f-d7e83cc888f2,0.86,false,false,near_mint,en,USD
"Rakdos, Lord of Riots",DSC,Duskmourn: House of Horror Commander,230,normal,mythic,1,99114,3d0d5a41-8251-437c-a4a0-3b712281ebb0,0.43,false,false,near_mint,en,USD
"Rakdos, the Muscle",OTJ,Outlaws of Thunder Junction,226,normal,mythic,1,93323,bb34babd-1b85-4a7d-a066-a8337805056e,0.67,false,false,near_mint,en,USD
"Rakdos, the Showstopper",CLU,Ravnica: Clue Edition,205,normal,mythic,1,90711,210d07ab-7608-4fda-adb6-562cf194192f,1.76,false,false,near_mint,en,USD
Rakish Revelers,SNC,Streets of New Capenna,214,normal,common,1,67912,9c74197a-367c-40a4-9eb5-6943490bba09,0.02,false,false,near_mint,en,USD
Rakshasa Debaser,CMR,Commander Legends,146,normal,rare,1,55935,e31fd23d-e6b2-412b-b2ff-c99812365001,0.33,false,false,near_mint,en,USD
Rally for the Throne,ELD,Throne of Eldraine,25,normal,uncommon,1,46313,548d7ff0-70b6-4221-b50b-3ee8547e1b0a,0.14,false,false,near_mint,en,USD
Rally of Wings,WAR,War of the Spark,27,normal,uncommon,1,44377,f043642d-35fe-4ea9-a1d3-78ddfdddeaf4,0.17,false,false,near_mint,en,USD
Rally the Monastery,TDM,Tarkir: Dragonstorm,19,normal,uncommon,1,104136,b56e0037-8143-4c13-83e1-0c3f44e685ea,0.06,false,false,near_mint,en,USD
Rampage of the Valkyries,KHM,Kaldheim,393,normal,uncommon,1,56774,1e928b7c-ca30-4e2d-adf7-965f111c8bf1,1.17,false,false,near_mint,en,USD
Rampaging Ferocidon,DSC,Duskmourn: House of Horror Commander,167,normal,rare,1,99154,53c38f4e-81ec-45b3-a6cf-06a65b674978,0.48,false,false,near_mint,en,USD
Rampant Growth,FIC,Final Fantasy Commander,313,normal,common,1,106239,f3b48473-b53d-4c85-b970-7ee09a1eefd2,0.35,false,false,near_mint,en,USD
Rampant Rejuvenator,FIC,Final Fantasy Commander,314,normal,rare,1,106071,9ce2aa8e-b0c4-4e22-84eb-94b9e5ca6f76,0.18,false,false,near_mint,en,USD
Ramroller,ORI,Magic Origins,237,normal,uncommon,1,10705,07f7ba4d-26bb-4631-a135-f27d94f376d1,0.08,false,false,near_mint,en,USD
Ramunap Excavator,M3C,Modern Horizons 3 Commander,241,normal,rare,1,94981,7e098506-b69d-4ab0-8ee9-af0d8c7efb8d,3.57,false,false,near_mint,en,USD
Rancor,PIP,Fallout,205,normal,uncommon,1,92093,4073ecc9-5d3a-452f-b708-0572fa27a6f0,0.89,false,false,near_mint,en,USD
Random Encounter,FIN,Final Fantasy,150,normal,uncommon,3,106534,3618e283-2df9-4eb9-97b0-96b55ee31cc0,0.11,false,false,near_mint,en,USD
"Raubahn, Bull of Ala Mhigo",FIN,Final Fantasy,151,normal,rare,2,106571,7035d11b-525f-4120-8dcb-610095196681,0.22,false,false,near_mint,en,USD
Raugrin Crystal,IKO,Ikoria: Lair of Behemoths,238,normal,uncommon,2,49839,c5bce0fb-53d6-47ee-8c5a-a99e50f67fc9,0.08,false,false,near_mint,en,USD
Ravaging Blaze,CMM,Commander Masters,250,normal,uncommon,1,84746,ae28c04c-d208-4949-a3ec-7d549f5740c3,0.09,false,false,near_mint,en,USD
Ravenous Intruder,2XM,Double Masters,141,normal,uncommon,1,52108,289d6da8-9cfe-4c1b-90c9-477a743f6d62,0.1,false,false,near_mint,en,USD
Ravenous Necrotitan,ONE,Phyrexia: All Will Be One,106,normal,uncommon,2,78861,ce7e1e9b-ad7f-4f4c-bdb5-2ccb6f147037,0.06,false,false,near_mint,en,USD
Razaketh's Rite,HOU,Hour of Devastation,74,normal,uncommon,2,4601,dd36987a-48c3-477b-b859-0268e84b7e7b,0.2,false,false,near_mint,en,USD
Raze the Effigy,MID,Innistrad: Midnight Hunt,156,normal,common,2,63471,e0dd378c-5050-48c9-9a16-6d91afa62d21,0.11,false,false,near_mint,en,USD
Razor Boomerang,WWK,Worldwake,129,normal,uncommon,1,22062,41526ad7-730d-44ad-bd19-e1b8a2717cf7,0.08,false,false,near_mint,en,USD
Razorfield Ripper,M3C,Modern Horizons 3 Commander,94,normal,rare,1,94789,9f9ee2dd-dfc1-4d1b-a26a-68f9bc749149,0.1,false,false,near_mint,en,USD
Razortide Bridge,EOC,Edge of Eternities Commander,171,normal,common,1,107227,0bbd24cd-48f7-40d7-9741-f30108f04b84,0.17,false,false,near_mint,en,USD
Razortide Bridge,PIP,Fallout,281,normal,common,1,92272,697d872f-111f-4810-baf2-d4c6f2f48dd5,0.17,false,false,near_mint,en,USD
Razorverge Thicket,BLC,Bloomburrow Commander,325,normal,rare,1,96352,7c55f26b-4c18-4418-b30f-64c73e3f884d,0.25,false,false,near_mint,en,USD
Reach the Horizon,FIN,Final Fantasy,195,normal,uncommon,3,106644,c25960e0-5779-4e20-89f3-03950ad9d91c,0.14,false,false,near_mint,en,USD
Ready to Rumble,SNC,Streets of New Capenna,119,normal,common,1,67622,16998689-345d-41e3-a368-e97b696ed689,0.02,false,false,near_mint,en,USD
Reanimate,FIC,Final Fantasy Commander,282,normal,rare,1,105941,58838b71-404f-41ad-9a9b-2c7f875bab06,5.88,false,false,near_mint,en,USD
Reap What Is Sown,BNG,Born of the Gods,154,normal,uncommon,1,14806,120babed-841f-4bf1-ac2d-3ab097c0760b,0.07,false,false,near_mint,en,USD
Reaper of Night // Harvest Fear,ELD,Throne of Eldraine,289,normal,common,7,46018,39c0abef-f59c-473a-8a6e-eacd4a78ff72,0.11,false,false,near_mint,en,USD
Reaper's Scythe,FIC,Final Fantasy Commander,48,normal,rare,1,106209,e1e53ff2-c321-4fc8-b4d7-eb253d670c5b,0.26,false,false,near_mint,en,USD
Reaper's Talisman,AFR,Adventures in the Forgotten Realms,117,normal,uncommon,1,60335,93b68168-e77d-4745-9393-726ef9fb72ec,0.15,false,false,near_mint,en,USD
Rebel,TONE,Phyrexia: All Will Be One Tokens,5,normal,common,4,79061,a41eb9df-d8b4-4697-a759-886faf16754d,0.09,false,false,near_mint,en,USD
Rebel Salvo,ONE,Phyrexia: All Will Be One,144,normal,uncommon,2,78856,cd37d1b1-70ce-466e-890d-36be82433035,0.08,false,false,near_mint,en,USD
Rebellious Strike,TDM,Tarkir: Dragonstorm,20,normal,common,1,104949,c9bafe19-3bd6-4da0-b3e5-e0b89262504c,0.07,false,false,near_mint,en,USD
Rebuild,MH1,Modern Horizons,66,normal,uncommon,1,44868,fd683b0b-1ac1-4fa7-9657-d3b29db2ae51,0.2,false,false,near_mint,en,USD
Reckless Fireweaver,DRC,Aetherdrift Commander,106,normal,common,1,102997,3e626e3e-1d08-4d6c-b29b-71157e568b45,0.42,false,false,near_mint,en,USD
Reckless Pyrosurfer,MH3,Modern Horizons 3,133,normal,uncommon,1,94395,2d1bb8ac-7125-4537-b2da-e23a8c28df79,0.09,false,false,near_mint,en,USD
Reckless Reveler,BBD,Battlebond,183,normal,common,1,1810,cf7f2954-65f6-4944-ae68-8992cb0268f4,0.05,false,false,near_mint,en,USD
Reckless Scholar,INR,Innistrad Remastered,81,normal,common,2,102784,ceb85311-a7f7-44d5-9caa-50a24fd6d00a,0.03,false,false,near_mint,en,USD
Reclaim,ORI,Magic Origins,195,normal,common,1,10747,88f3c600-66f1-4a5e-ba4f-61e9f7f7a1d9,0.08,false,false,near_mint,en,USD
Reclaim the Wastes,ZNR,Zendikar Rising,200,normal,common,2,54628,805faf2e-97dc-4b77-bc02-a4cae980f041,0.07,false,false,near_mint,en,USD
Reclamation Sage,2XM,Double Masters,178,normal,uncommon,1,51897,564e378a-f033-44ca-8295-855382cc838d,0.2,false,false,near_mint,en,USD
Reclusive Artificer,DDU,Duel Decks: Elves vs. Inventors,51,normal,uncommon,1,2416,9e6cda07-c6b0-4138-9b83-bff1802fe138,0.12,false,false,near_mint,en,USD
Recoil,DMR,Dominaria Remastered,197,normal,uncommon,1,78034,9035dda8-5ad3-4169-b281-83d6ca55b71e,0.09,false,false,near_mint,en,USD
Reconnaissance,ACR,Assassin's Creed,82,normal,uncommon,1,95530,f203ce7d-a079-44b8-bfda-4c63ec79b82d,5.39,false,false,near_mint,en,USD
Reconnaissance Mission,WOC,Wilds of Eldraine Commander,105,normal,uncommon,2,85650,ad973769-b2c3-44f7-84ae-f84e4f0991ff,2.01,false,false,near_mint,en,USD
Recruitment Drive,CLB,Commander Legends: Battle for Baldur's Gate,38,normal,common,1,69224,afbd2822-d161-41df-9f48-abecd5da19c4,0.09,false,false,near_mint,en,USD
"Red Death, Shipwrecker",PIP,Fallout,116,normal,rare,2,92847,edf616fa-b9a0-4f7a-b7ee-32ce3a08d466,0.21,false,false,near_mint,en,USD
Red Mage's Rapier,FIN,Final Fantasy,152,normal,common,8,106669,e0579955-75f9-47a9-8b03-e287d120826a,0.09,false,false,near_mint,en,USD
Red Sun's Twilight,ONE,Phyrexia: All Will Be One,145,normal,rare,2,78649,7cac1827-69af-469d-b88c-fb9f2f33866a,0.17,false,false,near_mint,en,USD
"Red XIII, Proud Warrior",FIC,Final Fantasy Commander,91,normal,rare,1,105826,10407b26-be28-4628-9567-746681e5c834,0.31,false,false,near_mint,en,USD
Reduce to Memory,STX,Strixhaven: School of Mages,25,normal,uncommon,1,58168,7bfc408e-34d6-4e94-8678-4cc229cbc6f5,0.07,false,false,near_mint,en,USD
Reef Pirates,HML,Homelands,36b,normal,common,1,39255,b7c5e641-0276-4321-b486-ef8602a5f185,0.1,false,false,near_mint,en,USD
Refute,FDN,Foundations,48,normal,common,1,100368,38806934-dd9c-4ad4-a59c-a16dce03a14a,0.08,false,false,near_mint,en,USD
Reign of the Pit,NCC,New Capenna Commander,258,normal,rare,1,68167,3074a8e8-765c-4f32-9bc1-a3f865448ef9,0.15,false,false,near_mint,en,USD
Reinforced Ronin,NEO,Kamigawa: Neon Dynasty,158,normal,uncommon,1,66747,89a18961-8f0b-4e98-9de4-aba97e91ad9a,0.13,false,false,near_mint,en,USD
Reiterating Bolt,MH3,Modern Horizons 3,134,normal,uncommon,2,94446,51f57902-85d1-4c40-b79c-6cffafb4557a,0.06,false,false,near_mint,en,USD
Reject Imperfection,ONE,Phyrexia: All Will Be One,67,normal,uncommon,2,78845,c7ce5296-f28f-4105-9c79-b9c63ea720e7,0.16,false,false,near_mint,en,USD
Rejoin the Fight,FIC,Final Fantasy Commander,49,normal,rare,1,106238,f3140950-1ce2-41b8-91f9-da53bfbee963,0.16,false,false,near_mint,en,USD
Relentless X-ATM092,FIN,Final Fantasy,268,normal,uncommon,4,106671,e09ee4c9-85ef-4d1e-864b-d659b8e8f51d,0.06,false,false,near_mint,en,USD
Relic Axe,ZNR,Zendikar Rising,248,normal,uncommon,1,54751,ca8705e3-0e44-45c9-bcdf-c24507b038fe,0.1,false,false,near_mint,en,USD
Relic Golem,ZNR,Zendikar Rising,249,normal,uncommon,1,54435,0b59c75b-d8f8-4f95-9030-ed73c67d988e,0.16,false,false,near_mint,en,USD
Relic of Legends,FIC,Final Fantasy Commander,354,normal,uncommon,1,106231,ed235727-7e60-4b37-8947-4b3613711c4d,1.35,false,false,near_mint,en,USD
Relic Vial,ZNR,Zendikar Rising,250,normal,uncommon,2,54541,4b9ae607-e0bc-4415-ad58-65944848bbe9,0.14,false,false,near_mint,en,USD
Relic's Roar,LCI,The Lost Caverns of Ixalan,71,normal,common,1,88398,35096eb3-ad7b-4b6e-b799-cb4cc447883e,0.08,false,false,near_mint,en,USD
Reliquary Tower,TDC,Tarkir: Dragonstorm Commander,386,normal,uncommon,2,104714,6be3be55-7f9d-4a4c-b916-a1cb64f833c8,2.59,false,false,near_mint,en,USD
Relm's Sketching,FIN,Final Fantasy,67,normal,uncommon,3,106345,6aedac12-3714-4a81-bd4d-1d2555c66f78,0.18,false,false,near_mint,en,USD
Remorseful Cleric,VOC,Crimson Vow Commander,97,normal,rare,1,64650,defa1a8f-8a4d-45fc-90fb-8378b844dfdb,0.19,false,false,near_mint,en,USD
Remote Isle,DMR,Dominaria Remastered,254,normal,common,1,78060,a340af37-c0a7-4f26-974b-95397b5c32f7,0.11,false,false,near_mint,en,USD
Rending Flame,VOW,Innistrad: Crimson Vow,175,normal,uncommon,1,64205,51332c31-41df-4379-aa63-6a734a4df618,0.07,false,false,near_mint,en,USD
Renegade Tactics,CMR,Commander Legends,195,normal,common,1,56116,7dfa0e65-1ce0-4f8e-a78b-2ade2d25e748,0.07,false,false,near_mint,en,USD
Reno and Rude,FIN,Final Fantasy,113,normal,uncommon,2,106358,b5eb0064-c7c4-4e3e-add2-b86269de3fb9,0.07,false,false,near_mint,en,USD
Reprieve,LTR,The Lord of the Rings: Tales of Middle-earth,26,normal,uncommon,1,82902,1bd3fa8a-6c50-4f7f-9ae3-0810eec5e3db,1.51,false,false,near_mint,en,USD
Reputable Merchant,TDM,Tarkir: Dragonstorm,217,normal,common,1,105157,b7d0591e-7fb7-40ea-ba2a-cfe544d40216,0.02,false,false,near_mint,en,USD
Rescue Leopard,TDM,Tarkir: Dragonstorm,116,normal,common,2,105119,056136a8-84be-477c-b654-63238fb8236e,0.03,false,false,near_mint,en,USD
Resentful Revelation,FIN,Final Fantasy,114,normal,common,6,106598,945006ea-c6a1-4ee5-abb2-387c2b6d3123,0.04,false,false,near_mint,en,USD
Resistance Reunited,ONE,Phyrexia: All Will Be One,31,normal,uncommon,2,78808,bbc4b5ca-557e-4465-9725-9e7a15590258,0.05,false,false,near_mint,en,USD
Resistance Skywarden,ONE,Phyrexia: All Will Be One,146,normal,uncommon,2,78583,6249aabe-8f21-4257-9e04-ceffd44d42a5,0.02,false,false,near_mint,en,USD
Resistance Squad,VOW,Innistrad: Crimson Vow,32,normal,uncommon,3,64077,093ae747-350f-4253-b903-8c6892d78c83,0.04,false,false,near_mint,en,USD
Resolute Reinforcements,FDN,Foundations,145,normal,uncommon,1,100841,940f3989-77cc-49a9-92e0-095a75d80f0f,0.09,false,false,near_mint,en,USD
Resolute Strike,ZNR,Zendikar Rising,35,normal,common,1,54615,78b82476-4320-4719-9785-af8d68503234,0.05,false,false,near_mint,en,USD
Resourceful Defense,FIC,Final Fantasy Commander,251,normal,rare,1,106260,fe1d5e11-0c74-4de0-a8be-428af44be684,0.34,false,false,near_mint,en,USD
Restart Sequence,ACR,Assassin's Creed,30,normal,uncommon,1,95438,9a2b1b20-e5fd-4ccb-8529-12dbde0e0811,0.18,false,false,near_mint,en,USD
Restless Bloodseeker // Bloodsoaked Reveler,INR,Innistrad Remastered,128,normal,uncommon,2,102585,68f71dcf-b0eb-43c7-9ea5-5ff7a7f991be,0.07,false,false,near_mint,en,USD
Restoration Angel,IMA,Iconic Masters,28,normal,rare,1,3597,3b5233ff-03bc-4053-9b49-c4185c2de38d,0.49,false,false,near_mint,en,USD
Restoration Angel,INR,Innistrad Remastered,38,normal,rare,1,102843,f17f85d3-58e5-4128-90c5-98b524256af8,0.3,false,false,near_mint,en,USD
Restoration Magic,FIN,Final Fantasy,30,normal,uncommon,3,106543,494e68e9-ecba-4482-82bc-207ad59144c1,0.73,false,false,near_mint,en,USD
Retaliation,USG,Urza's Saga,272,normal,uncommon,1,35696,7a6e3814-5b9f-40da-8205-263fc49294da,0.21,false,false,near_mint,en,USD
Retrieval Agent,BRO,The Brothers' War,60,normal,common,1,75886,f333a7b1-936e-42f3-ba22-2c76dd2f1c9a,0.02,false,false,near_mint,en,USD
Retrieve,VOW,Innistrad: Crimson Vow,215,normal,uncommon,1,64339,9e997f78-22a2-4b66-ac10-1adc9a72ce3b,0.08,false,false,near_mint,en,USD
Retrieve the Esper,FIN,Final Fantasy,68,normal,common,9,106301,ebd733f0-8883-434a-b36c-ef76b091fe8e,0.02,false,false,near_mint,en,USD
Return to Dust,CMM,Commander Masters,52,normal,uncommon,1,84190,2d57ba1d-2b43-4839-b77d-38fee2e81bf6,0.13,false,false,near_mint,en,USD
Revealing Wind,DTK,Dragons of Tarkir,197,normal,common,1,11617,36bdd624-e412-4ec8-9929-e1f6b4720e82,0.07,false,false,near_mint,en,USD
Revel Ruiner,SNC,Streets of New Capenna,91,normal,common,1,68053,e3fbe7f0-8a91-4832-8953-54ab3669372c,0.04,false,false,near_mint,en,USD
Revenant,CMR,Commander Legends,147,normal,uncommon,2,56037,307a8465-9e33-4441-b512-a112e8524328,0.05,false,false,near_mint,en,USD
Revenge of the Drowned,MID,Innistrad: Midnight Hunt,72,normal,common,1,63349,93be7d72-927a-40ce-8de4-04a3f21c134b,0.05,false,false,near_mint,en,USD
Reverberating Summons,TDM,Tarkir: Dragonstorm,117,normal,uncommon,2,104475,1af19ce8-bc0c-420c-9e3b-9059b4df32cb,0.03,false,false,near_mint,en,USD
Revoke Existence,2XM,Double Masters,28,normal,common,1,52164,7bd4fc26-8351-4371-948b-f43346c3e771,0.15,false,false,near_mint,en,USD
"Rex, Cyber-Hound",PIP,Fallout,117,normal,rare,2,92770,dae95822-d4a9-4698-bd11-c504414fc160,0.14,false,false,near_mint,en,USD
"Rhuk, Hexgold Nabber",ONE,Phyrexia: All Will Be One,407,normal,rare,2,78882,d7c25806-1da6-4789-a17e-d2440184ec40,0.13,false,false,near_mint,en,USD
"Ria Ivor, Bane of Bladehold",ONE,Phyrexia: All Will Be One,323,normal,rare,4,78755,a7e4160e-bc91-416e-8ab0-49742fd8ed63,0.2,false,false,near_mint,en,USD
Ribskiff,ONE,Phyrexia: All Will Be One,240,normal,uncommon,2,78438,1ec8f984-5ed4-4b34-8b2a-a113cbba001d,0.04,false,false,near_mint,en,USD
Riddle Gate Gargoyle,MH3,Modern Horizons 3,201,normal,common,1,94854,4e72a934-12e0-4e56-af67-566c2d5b01c1,0.03,false,false,near_mint,en,USD
Ride the Shoopuf,FIN,Final Fantasy,197,normal,uncommon,2,106518,19ad36d6-8bf4-490c-9980-b98a470af892,0.19,false,false,near_mint,en,USD
Rift Bolt,2X2,Double Masters 2022,122,normal,common,1,70208,4ccd0ada-92b2-48f3-b5ae-96346fc138b6,0.15,false,false,near_mint,en,USD
"Rikku, Resourceful Guardian",FIC,Final Fantasy Commander,41,normal,rare,2,106184,d377cc5f-f6eb-4ed0-a358-af22245f3550,0.24,false,false,near_mint,en,USD
Riling Dawnbreaker // Signaling Roar,TDM,Tarkir: Dragonstorm,21,normal,common,2,104532,312f7072-3bf8-449f-bfb7-93727ef26c66,0.04,false,false,near_mint,en,USD
Rimeshield Frost Giant,AFR,Adventures in the Forgotten Realms,310,normal,common,5,60493,ed6f1fc7-be88-46a3-8bd9-3f16332c2bd8,0.06,false,false,near_mint,en,USD
Rimrock Knight // Boulder Rush,ELD,Throne of Eldraine,294,normal,common,2,46013,b218d970-d3a9-4845-8ee9-efad9aff0fdd,0.13,false,false,near_mint,en,USD
Ring of the Lucii,FIN,Final Fantasy,269,normal,uncommon,4,106576,75761f1e-9449-4c58-8265-8abac71dafc1,0.15,false,false,near_mint,en,USD
Ring of Thune,CMR,Commander Legends,468,normal,uncommon,1,56252,fda91fbd-bf5b-46c4-bd96-037b507f3daa,0.22,false,false,near_mint,en,USD
Ring of Valkas,CMR,Commander Legends,469,normal,uncommon,1,56196,cb3c0bc4-6f89-48e2-b525-5efcb091bc5e,0.44,false,false,near_mint,en,USD
Ringing Strike Mastery,TDM,Tarkir: Dragonstorm,53,normal,common,1,104399,ff4fc7ec-05f5-479a-8fbb-31e12a67b57e,0.03,false,false,near_mint,en,USD
Ringwarden Owl,ORI,Magic Origins,68,normal,common,3,10874,1acf216d-ef8f-431b-9b65-1e2e91285517,0.08,false,false,near_mint,en,USD
Rinoa Heartilly,FIN,Final Fantasy,237,normal,uncommon,3,105701,ba79d293-bf42-48b6-a868-5249f4beeb76,0.09,false,false,near_mint,en,USD
Rip Apart,ONC,Phyrexia: All Will Be One Commander,124,normal,uncommon,1,78933,ed3ae559-e7d8-42af-85e6-d8a937700e2b,0.29,false,false,near_mint,en,USD
Ripscale Predator,CLU,Ravnica: Clue Edition,146,normal,common,1,90822,41578103-04a3-40eb-80b5-cdb5f2ecc297,0.06,false,false,near_mint,en,USD
Rise of the Ants,MID,Innistrad: Midnight Hunt,196,normal,uncommon,1,63189,3143fadd-0162-4e0c-89fc-89dc3501d13c,0.03,false,false,near_mint,en,USD
Rise of the Dark Realms,FIC,Final Fantasy Commander,283,normal,mythic,1,106054,953c7338-e30d-452c-89ff-0c5fca690b2f,2.77,false,false,near_mint,en,USD
Risen Riptide,ZNR,Zendikar Rising,73,normal,common,2,54822,f6455009-030c-4a33-a60b-80863d8f8aaf,0.02,false,false,near_mint,en,USD
Rising of the Day,LTR,The Lord of the Rings: Tales of Middle-earth,427,normal,uncommon,1,83208,7a06a653-eca1-4fee-add5-45d2594885c3,0.48,false,false,near_mint,en,USD
Rite of Replication,FIC,Final Fantasy Commander,270,normal,rare,1,106208,e1d1c0ab-6f75-4144-baab-59b2194742f9,0.23,false,false,near_mint,en,USD
Rite of Replication,TDC,Tarkir: Dragonstorm Commander,165,normal,rare,1,105065,f8cd4dcc-a731-4dd3-8b8e-88877bd98718,0.23,false,false,near_mint,en,USD
Ritual of Hope,MID,Innistrad: Midnight Hunt,31,normal,uncommon,1,63456,d8293903-4604-4516-866e-27a306b6fd7c,0.06,false,false,near_mint,en,USD
Riverwalk Technique,TDM,Tarkir: Dragonstorm,54,normal,common,2,105118,043c25d5-13ee-4cab-98d5-fb89db9cf6e3,0.02,false,false,near_mint,en,USD
Roadside Reliquary,PIP,Fallout,282,normal,uncommon,2,92788,deca57c8-ac90-4fce-83b5-74adf45622e5,0.11,false,false,near_mint,en,USD
Roar of Endless Song,TDM,Tarkir: Dragonstorm,220,normal,rare,1,104755,7a9c3531-61a8-43f5-82a2-5166e5f5a6b9,0.1,false,false,near_mint,en,USD
Roar of Resistance,ONC,Phyrexia: All Will Be One Commander,15,normal,rare,1,78950,f5eb9570-6203-4a03-9a3e-e5c679df5903,1.12,false,false,near_mint,en,USD
Robobrain War Mind,PIP,Fallout,38,normal,uncommon,2,91918,19c0791d-f0c5-4673-a0c5-40540c1e6d8c,0.07,false,false,near_mint,en,USD
Robot,TPIP,Fallout Tokens,16,normal,common,1,92326,76cde21f-2f01-4560-972b-7ecd6740d6de,0.24,false,false,near_mint,en,USD
Rockslide Sorcerer,ZNR,Zendikar Rising,154,normal,uncommon,1,54784,e105c546-ce4f-49c7-97ba-ea5fbe70df82,0.11,false,false,near_mint,en,USD
Rogue's Passage,FIC,Final Fantasy Commander,415,normal,uncommon,1,106134,b8cd0293-d140-4f80-804c-019957c1f49a,0.36,false,false,near_mint,en,USD
Rogue's Passage,PIP,Fallout,283,normal,uncommon,1,92287,6e0d5ed6-baa9-42b7-87e2-372e4513b771,0.28,false,false,near_mint,en,USD
Rogue's Passage,FDN,Foundations,264,normal,uncommon,3,100922,a2a424ea-ef32-4ac5-8f8c-3ea1839f01d4,0.29,false,false,near_mint,en,USD
Roil Cartographer,MH3,Modern Horizons 3,67,normal,uncommon,1,94522,84317f9d-5a24-4f74-9c3e-0a8b5c15bb5f,0.07,false,false,near_mint,en,USD
Roil Eruption,ZNR,Zendikar Rising,155,normal,common,5,54634,86572747-8faa-4242-b059-07d11e6be1cd,0.03,false,false,near_mint,en,USD
Roiling Dragonstorm,TDM,Tarkir: Dragonstorm,55,normal,uncommon,1,104280,455f4c96-684b-4b14-bd21-6799da2e1fa7,0.95,false,false,near_mint,en,USD
Roiling Regrowth,EOC,Edge of Eternities Commander,105,normal,uncommon,1,106984,2c446dbb-b883-47e9-aab3-ac921ff218f8,0.26,false,false,near_mint,en,USD
Rook Turret,FIN,Final Fantasy,69,normal,common,8,106541,4572884d-0c0e-41e7-b219-f76b95fdbd01,0.04,false,false,near_mint,en,USD
Root Out,MOC,March of the Machine Commander,311,normal,common,1,81557,228a08f0-6664-407a-a74c-2c32badc0d37,0.07,false,false,near_mint,en,USD
Rootborn Defenses,CLU,Ravnica: Clue Edition,71,normal,common,1,91281,eb3ef4da-27c0-4364-a198-f70bea869d9b,0.24,false,false,near_mint,en,USD
Rootbound Crag,FIC,Final Fantasy Commander,416,normal,rare,1,105986,73a2e070-f375-4558-a982-01f6f4e902e9,0.43,false,false,near_mint,en,USD
Rootbound Crag,PIP,Fallout,284,normal,rare,1,92002,2b8ba5e7-5867-47dc-88f5-412b490306a6,0.43,false,false,near_mint,en,USD
Rootless Yew,KHM,Kaldheim,189,normal,uncommon,1,56993,992aba3f-e1cb-4f5a-8b6f-328a069102a4,0.07,false,false,near_mint,en,USD
"Rosa, Resolute White Mage",FIN,Final Fantasy,555,normal,rare,1,106153,c44e0ad6-9f44-4e4c-8c3b-3ee99409a740,2.11,false,false,near_mint,en,USD
Rosemane Centaur,GRN,Guilds of Ravnica,197,normal,common,1,286,cee30585-f7b1-4ca4-8171-dc5a837f2b93,0.03,false,false,near_mint,en,USD
Rot-Tide Gargantua,VOW,Innistrad: Crimson Vow,129,normal,common,3,64119,1eafefd0-3a9e-400e-8c75-0825aeb2ded1,0.04,false,false,near_mint,en,USD
Rotten Reunion,MID,Innistrad: Midnight Hunt,119,normal,common,3,63355,97398ad2-675b-4a34-aab7-935dd6714f1c,0.09,false,false,near_mint,en,USD
Roving Keep,ELD,Throne of Eldraine,228,normal,common,1,46110,38a0136e-a637-4a12-a38f-35f772b290a9,0.03,false,false,near_mint,en,USD
"Roxi, Publicist to the Stars",UNF,Unfinity,269,normal,uncommon,11,73146,6a29c058-aeff-4f77-954f-1e1a4ea92c83,0.06,false,false,near_mint,en,USD
Rufus Shinra,FIN,Final Fantasy,238,normal,uncommon,4,106685,f5fff00b-c9a0-4e90-abc0-349f8716c885,0.07,false,false,near_mint,en,USD
Rugged Highlands,IKO,Ikoria: Lair of Behemoths,252,normal,common,1,49825,9a69fa8f-1c2b-453d-8d54-2748890ce925,0.1,false,false,near_mint,en,USD
Rugged Highlands,TDM,Tarkir: Dragonstorm,265,normal,common,1,104267,31261eca-28ad-407c-84ef-0c124d0d7451,0.04,false,false,near_mint,en,USD
Rugged Prairie,EOC,Edge of Eternities Commander,174,normal,rare,2,107291,81d91591-8d44-40cc-9941-c455f9722958,0.14,false,false,near_mint,en,USD
Rugged Prairie,FIC,Final Fantasy Commander,417,normal,rare,1,105894,3d575770-cb81-4353-b49e-cdaca7a5162f,0.23,false,false,near_mint,en,USD
Ruin Crab,ZNR,Zendikar Rising,295,normal,uncommon,1,54810,efc72e9f-2cda-47b9-84fd-4eed88312404,1.32,false,false,near_mint,en,USD
Ruin Grinder,FIC,Final Fantasy Commander,297,normal,rare,1,106084,a0eafd12-c0c9-4fe3-a4bb-40ab7b64e47c,0.11,false,false,near_mint,en,USD
Ruin Rat,HOU,Hour of Devastation,75,normal,common,1,4600,91652fe0-2064-4996-b484-a1f88e0023f7,0.13,false,false,near_mint,en,USD
Ruinous Ultimatum,FIC,Final Fantasy Commander,329,normal,rare,1,106050,930bc0f5-758a-49a7-ab23-5b74802bcddb,0.47,false,false,near_mint,en,USD
Rumbling Rockslide,IKO,Ikoria: Lair of Behemoths,134,normal,common,1,49943,96f9aaa7-11c7-4cd0-9803-9471c14ab846,0.04,false,false,near_mint,en,USD
Rumbling Sentry,THB,Theros Beyond Death,35,normal,common,2,47027,4f93f3c9-b317-40c1-87f5-0038c09b646d,0.06,false,false,near_mint,en,USD
Rummaging Goblin,CMR,Commander Legends,198,normal,common,2,56024,254391a3-c12a-4944-9da5-ae166094480f,0.07,false,false,near_mint,en,USD
Run Amok,KHM,Kaldheim,147,normal,common,1,56845,44c8136f-2826-476c-a103-7094670506a6,0.07,false,false,near_mint,en,USD
Run Away Together,FDN,Foundations,162,normal,common,2,101614,e598eb7b-10dc-49e6-ac60-2fefa987173e,0.03,false,false,near_mint,en,USD
Run Away Together,BLB,Bloomburrow,67,normal,common,3,95799,7cb7ec70-a5a4-4188-ba1a-e88b81bdbad0,0.94,false,false,near_mint,en,USD
Rune of Flight,KHM,Kaldheim,75,normal,uncommon,1,57100,d5c1a271-2107-462a-9d4a-9c7fbcfa8d77,0.12,false,false,near_mint,en,USD
Runed Stalactite,MMA,Modern Masters,214,normal,common,2,16095,a54f50fe-d4c0-49ba-9063-853c76ae3e19,0.21,false,false,near_mint,en,USD
Runeforge Champion,KHM,Kaldheim,26,normal,rare,1,56842,4368b087-05a0-4a88-ab43-0cd16446239b,0.11,false,false,near_mint,en,USD
Runic Shot,DMU,Dominaria United,30,normal,uncommon,1,71864,f54413be-7d73-478d-a25a-8fe06f6491a5,0.04,false,false,near_mint,en,USD
Rupture Spire,CMR,Commander Legends,355,normal,common,1,56188,c7ef4b15-efab-4255-ac2d-7794f253aa52,0.06,false,false,near_mint,en,USD
Rural Recruit,VOW,Innistrad: Crimson Vow,216,normal,common,2,64114,1bf35971-f1c4-4ccb-af5c-fd396391bb4b,0.07,false,false,near_mint,en,USD
Rush of Adrenaline,E02,Explorers of Ixalan,28,normal,common,1,3347,024eea40-6d8f-4b4e-9bcc-e55a9f12bf64,0.13,false,false,near_mint,en,USD
Rush of Inspiration // Crackling Falls,MH3,Modern Horizons 3,257,normal,uncommon,3,94497,70a25a3a-c12a-49d3-8a91-a108dfa9d3c5,0.08,false,false,near_mint,en,USD
Rust-Shield Rampager,BLB,Bloomburrow,190,normal,common,3,96117,c96b01f5-83de-4237-a68d-f946c53e31a6,0.03,false,false,near_mint,en,USD
Rustvale Bridge,PIP,Fallout,285,normal,common,2,92115,45dd5b22-c7f8-4c00-a27b-437da0136177,0.18,false,false,near_mint,en,USD
Rustvine Cultivator,ONE,Phyrexia: All Will Be One,295,normal,common,8,78857,cd8ef6fc-a81b-4354-aa65-c88590522d30,0.08,false,false,near_mint,en,USD
Ruthless Instincts,FRF,Fate Reforged,136,normal,uncommon,2,11990,d2c8bfde-c4c5-40de-83de-ff236999d79b,0.07,false,false,near_mint,en,USD
Ruthless Lawbringer,OTJ,Outlaws of Thunder Junction,229,normal,uncommon,1,93266,927b5498-23f1-47c0-b441-7daaeb54f9b8,0.21,false,false,near_mint,en,USD
Ruthless Predation,ONE,Phyrexia: All Will Be One,182,normal,common,2,78406,123f0c76-1fde-439e-a76d-eccf96f8d941,0.02,false,false,near_mint,en,USD
Rydia's Return,FIN,Final Fantasy,198,normal,uncommon,3,106718,40a06165-2835-4610-86a1-7f684992fcf2,0.06,false,false,near_mint,en,USD
"Rydia, Summoner of Mist",FIN,Final Fantasy,239,normal,uncommon,2,106724,99450143-6ab5-463d-9e04-e8e6703a8b92,0.12,false,false,near_mint,en,USD
Sabertooth Mauler,M21,Core Set 2021,202,normal,common,1,51093,fe39e38e-76e5-4883-b530-d3e30e88ccad,0.03,false,false,near_mint,en,USD
"Sabin, Master Monk",FIC,Final Fantasy Commander,57,normal,rare,1,105905,43bacd07-fdaf-4ce4-bf7a-dda55a99d460,0.11,false,false,near_mint,en,USD
Sabotender,FIN,Final Fantasy,153,normal,common,6,106513,12df1295-8b08-4c8e-bac9-55b4f514c0be,0.13,false,false,near_mint,en,USD
Sacred Fire,MID,Innistrad: Midnight Hunt,239,normal,uncommon,1,63425,c0b1dcd7-6dd9-4134-bc6c-9dc7754006a2,0.12,false,false,near_mint,en,USD
Sacred Peaks,FIC,Final Fantasy Commander,418,normal,common,2,106227,eb18e293-a58b-4a49-b601-88a30ffa9b99,0.17,false,false,near_mint,en,USD
Saddleback Lagac,BBD,Battlebond,211,normal,common,1,1782,634f9544-5ac3-4566-aa73-65a3930b559b,0.03,false,false,near_mint,en,USD
Sadistic Shell Game,DSC,Duskmourn: House of Horror Commander,24,normal,rare,1,99144,4c5c8eb3-c866-4974-90eb-be99c07af1a1,0.26,false,false,near_mint,en,USD
Sage's Nouliths,FIN,Final Fantasy,70,normal,common,7,106088,a12ff7c3-6ae0-4098-9240-ff3fd16a5288,0.06,false,false,near_mint,en,USD
Sahagin,FIN,Final Fantasy,71,normal,common,6,106276,516940c7-c271-4f64-af75-c7ba98548382,0.26,false,false,near_mint,en,USD
"Saheeli, Filigree Master",BRO,The Brothers' War,219,normal,mythic,1,75681,a3657562-323c-40d0-a261-d029ed549695,0.78,false,false,near_mint,en,USD
Saiba Trespassers,NEO,Kamigawa: Neon Dynasty,77,normal,common,2,66598,c3dd7f1a-5d43-4218-a9d8-7cc4f6a18ecd,0.03,false,false,near_mint,en,USD
Sailor of Means,CMR,Commander Legends,88,normal,common,1,56021,212e9011-a9b7-4a60-bb47-ce5c3c147280,0.07,false,false,near_mint,en,USD
Salt Road Packbeast,TDM,Tarkir: Dragonstorm,23,normal,common,2,104327,98d548c9-42bc-4155-8211-0aea801c3724,0.07,false,false,near_mint,en,USD
Salt Road Skirmish,TDM,Tarkir: Dragonstorm,88,normal,uncommon,1,105144,8f529a2e-5102-492e-84ab-68541d83b5a3,0.02,false,false,near_mint,en,USD
Saltfield Recluse,TSR,Time Spiral Remastered,40,normal,uncommon,1,57916,ecb21c04-d3f7-4960-9b9b-2354e98becb7,0.05,false,false,near_mint,en,USD
Salvager of Secrets,M19,Core Set 2019,70,normal,common,2,1242,3a55f484-5734-469c-8d41-95ce44473ec1,0.06,false,false,near_mint,en,USD
Salvation Colossus,M3C,Modern Horizons 3 Commander,95,normal,rare,1,94732,3c6c7310-c789-4334-9aa7-1f5e891bae9f,0.11,false,false,near_mint,en,USD
"Sami, Wildcat Captain",EOE,Edge of Eternities,226,normal,mythic,1,107144,bed64207-9193-4770-8f8f-e3203289d5a6,1.07,false,false,near_mint,en,USD
Samurai's Katana,FIN,Final Fantasy,154,normal,uncommon,4,106267,11f1d378-c78c-402a-ac46-2d32598c23e7,0.08,false,false,near_mint,en,USD
Sanctify,VOW,Innistrad: Crimson Vow,33,normal,common,1,64300,880e071a-6d6c-41c4-b2eb-c9e6626d0c7f,0.1,false,false,near_mint,en,USD
Sandskitter Outrider,TDM,Tarkir: Dragonstorm,89,normal,common,3,105122,1c4bfebe-f10f-44bd-9368-33e273ba5a55,0.04,false,false,near_mint,en,USD
Sandsteppe Citadel,TDM,Tarkir: Dragonstorm,266,normal,uncommon,1,104603,47f47e7f-39ba-4807-8e32-7262a61dfbba,0.16,false,false,near_mint,en,USD
Sandstone Oracle,CMR,Commander Legends,336,normal,uncommon,1,55856,ba2b7213-f0db-4ef9-aab7-37028f9479af,0.14,false,false,near_mint,en,USD
Sandworm,FIN,Final Fantasy,155,normal,uncommon,5,106621,a6e021da-2397-4ad3-a07b-65c701df531a,0.06,false,false,near_mint,en,USD
Sangromancer,C21,Commander 2021,152,normal,rare,1,58791,59f7f84c-d0a8-4204-a68e-93075f2a96b0,0.94,false,false,near_mint,en,USD
Sanguine Statuette,VOW,Innistrad: Crimson Vow,177,normal,uncommon,1,64262,706fafd4-443f-4e16-972e-86c16f22670a,0.1,false,false,near_mint,en,USD
Saproling,TMKC,Murders at Karlov Manor Commander Tokens,19,normal,common,1,90144,f38381fd-e368-46b2-94e9-89c9b182435d,0.12,false,false,near_mint,en,USD
Sarkhan's Resolve,TDM,Tarkir: Dragonstorm,158,normal,common,2,104952,cae56fef-b661-4bc5-b9a1-3871ae06e491,0.03,false,false,near_mint,en,USD
Satoru Umezawa,NEO,Kamigawa: Neon Dynasty,234,normal,rare,1,66404,8887f26d-b097-4fbc-9c48-bdc656409a32,0.36,false,false,near_mint,en,USD
"Satya, Aetherflux Genius",M3C,Modern Horizons 3 Commander,3,normal,mythic,1,94412,3b964bbe-54cc-425c-9cc6-c877f82af7ba,0.27,false,false,near_mint,en,USD
Satyr Hoplite,JOU,Journey into Nyx,110,normal,common,1,14539,b8754d66-facb-432e-a6c2-91430a6dec94,0.05,false,false,near_mint,en,USD
Savage Surge,RTR,Return to Ravnica,133,normal,uncommon,1,17289,0fa74aae-e857-410c-8836-953c8623d0b0,0.03,false,false,near_mint,en,USD
Savai Sabertooth,IKO,Ikoria: Lair of Behemoths,29,normal,common,2,50048,d46702b0-7e10-462a-9aac-7564efe91804,0.04,false,false,near_mint,en,USD
Savvy Hunter,ELD,Throne of Eldraine,200,normal,uncommon,1,46138,15c98441-2b31-4e48-a399-f36dffcfa41d,0.27,false,false,near_mint,en,USD
Sawblade Scamp,ONE,Phyrexia: All Will Be One,147,normal,common,9,78657,7f04c2e5-9100-439a-9aa4-28d388518e4a,0.06,false,false,near_mint,en,USD
Sawblade Slinger,VOW,Innistrad: Crimson Vow,217,normal,uncommon,2,64127,225773f9-1843-4ee0-8564-8e4a5dfef775,0.05,false,false,near_mint,en,USD
Sazh Katzroy,FIN,Final Fantasy,199,normal,rare,1,106328,1e2a3566-1390-457e-8077-d776a8671319,0.26,false,false,near_mint,en,USD
Sazh's Chocobo,FIN,Final Fantasy,200,normal,uncommon,3,103809,dda6b4d0-1b60-46b0-b321-b9ffe15afff4,0.71,false,false,near_mint,en,USD
Scaled Behemoth,CMR,Commander Legends,251,normal,uncommon,1,55983,017ef6eb-7a2b-4730-bf21-a2289d4c07ad,0.07,false,false,near_mint,en,USD
Scales of Shale,BLB,Bloomburrow,110,normal,common,1,95955,9ae14276-dbbd-4257-80e9-accd6c19f5b2,0.05,false,false,near_mint,en,USD
Scampire,UNF,Unfinity,89,normal,uncommon,3,72689,31950e19-83ca-45d4-8ca1-e109b875fd67,0.05,false,false,near_mint,en,USD
Scattered Groves,PIP,Fallout,286,normal,rare,1,92778,dc924137-6f0d-41bd-bb94-b7a6e1a13be1,0.16,false,false,near_mint,en,USD
Scattered Thoughts,VOW,Innistrad: Crimson Vow,74,normal,common,3,64436,dc5c6675-6e0f-427d-9399-a6e7fc6215f1,0.06,false,false,near_mint,en,USD
Scavenged Blade,ZNR,Zendikar Rising,157,normal,common,4,54509,3280f0d0-de0d-4f87-a6ef-c941cb7c9784,0.06,false,false,near_mint,en,USD
Scavenger Grounds,PIP,Fallout,287,normal,rare,1,92634,bc8fa97c-f796-4fb7-bd4d-f55b5f66c36e,0.16,false,false,near_mint,en,USD
Scavenger Grounds,FIC,Final Fantasy Commander,419,normal,rare,2,106098,a4e3f65d-8d73-4fd1-9de4-813ba6e40940,0.17,false,false,near_mint,en,USD
Scavenger Regent // Exude Toxin,TDM,Tarkir: Dragonstorm,90,normal,rare,1,104446,0d4b46a3-847a-44a7-9f68-2cb4657cad61,0.5,false,false,near_mint,en,USD
Scheming Aspirant,ONE,Phyrexia: All Will Be One,107,normal,uncommon,2,78691,8de80f71-82b5-499c-afc0-6bbae6b896ad,0.13,false,false,near_mint,en,USD
Scholar of Combustion,J25,Foundations Jumpstart,19,normal,common,1,100261,23660e44-8546-438d-a2c4-e1cef6e50855,0.07,false,false,near_mint,en,USD
Scholar of New Horizons,FIC,Final Fantasy Commander,252,normal,rare,1,106062,99e1d96f-c326-49b2-9a24-6e3e5465047e,0.2,false,false,near_mint,en,USD
Scion of the Swarm,ZNR,Zendikar Rising,121,normal,uncommon,1,54413,043926fe-d25f-40b4-b556-181503434e68,0.09,false,false,near_mint,en,USD
Scorch Rider,ZNR,Zendikar Rising,158,normal,common,2,54670,9ec9d3eb-4729-49a9-8146-7388ff2629df,0.05,false,false,near_mint,en,USD
Scorned Villager // Moonscarred Werewolf,INR,Innistrad Remastered,212,normal,common,1,102836,ee539a5e-2d10-4666-9b52-5064562dd233,0.05,false,false,near_mint,en,USD
Scorpion Sentinel,FIN,Final Fantasy,72,normal,common,6,106503,08ab5220-e5c1-472e-8217-97fd60e1773c,0.04,false,false,near_mint,en,USD
Scour from Existence,BFZ,Battle for Zendikar,13,normal,common,1,10338,6e47edb2-e43d-479f-a911-e72b67a06c3b,0.13,false,false,near_mint,en,USD
Scoured Barrens,M20,Core Set 2020,251,normal,common,2,45209,3b9edd33-a64e-4526-a89f-edd31ac4b175,0.07,false,false,near_mint,en,USD
Scouring Sands,BNG,Born of the Gods,110,normal,common,2,14850,273f25fc-9c9f-4b73-a28b-1461d8fcd443,0.08,false,false,near_mint,en,USD
Scrapskin Drake,DDQ,Duel Decks: Blessed vs. Cursed,47,normal,common,1,9136,740fc68d-1f08-4e9e-a797-427dcd7733ba,0.09,false,false,near_mint,en,USD
Screeching Skaab,EMA,Eternal Masters,69,normal,common,1,8606,0efc87bc-2ae9-423d-8f95-6dbd18b57745,0.05,false,false,near_mint,en,USD
Sculpted Perfection,MOM,March of the Machine,253,normal,uncommon,1,81084,594aefa2-7a5b-4ec1-841b-a6ef4f5aa2b1,0.07,false,false,near_mint,en,USD
Scurrid Colony,STX,Strixhaven: School of Mages,142,normal,common,1,58319,c9c0a096-870d-443c-92d3-f7ec1f362616,0.09,false,false,near_mint,en,USD
Scurry of Gremlins,MH3,Modern Horizons 3,203,normal,uncommon,1,91758,470ce8e9-64b9-403c-bee0-66a4c47ca6d4,0.03,false,false,near_mint,en,USD
Scythe Specter,CM2,Commander Anthology Volume II,74,normal,rare,1,1663,590bd3e6-3bef-4c2d-9d4f-4b4bd5ff06d0,0.49,false,false,near_mint,en,USD
Sea Gate Colossus,ZNR,Zendikar Rising,251,normal,common,1,54699,b04fd8e8-ee8d-4cb7-87ab-955303c46ece,0.08,false,false,near_mint,en,USD
Seachrome Coast,BLC,Bloomburrow Commander,328,normal,rare,1,96372,88ec4d3b-f1f1-489c-b41e-0206e5e59fbd,0.2,false,false,near_mint,en,USD
Seafloor Stalker,ZNR,Zendikar Rising,78,normal,common,1,54658,985e9696-6c76-4241-97fc-f166fe2420ce,0.03,false,false,near_mint,en,USD
Seaside Citadel,FIC,Final Fantasy Commander,420,normal,uncommon,1,106099,a4fa7ef6-4a14-4820-b646-8945ff3b4786,0.29,false,false,near_mint,en,USD
Season of Renewal,NEO,Kamigawa: Neon Dynasty,205,normal,common,1,66894,841f0ec2-94c7-4cec-94bb-b365084ca45f,0.06,false,false,near_mint,en,USD
Secluded Steppe,CMR,Commander Legends,491,normal,uncommon,1,56141,9c536cbd-3e81-4c6a-a4e1-02fbd2776706,0.11,false,false,near_mint,en,USD
Secluded Steppe,EOC,Edge of Eternities Commander,177,normal,common,1,107312,aaa5bee9-3f6a-45b0-a282-6b23222e948f,0.06,false,false,near_mint,en,USD
Secret Rendezvous,FIC,Final Fantasy Commander,217,normal,uncommon,1,105586,3219a87c-1b92-4777-ac5d-c78f3ddf35d2,4.73,false,false,near_mint,en,USD
Secret Rendezvous,BLC,Bloomburrow Commander,152,normal,uncommon,1,96498,e198cc9f-a03c-49f2-8270-80864ce17508,0.19,false,false,near_mint,en,USD
Secrets of the Key,MID,Innistrad: Midnight Hunt,73,normal,common,1,63364,9b022ba8-07b6-4993-99c8-89c6dcb19e60,0.06,false,false,near_mint,en,USD
Seedpod Squire,BLB,Bloomburrow,232,normal,common,2,95852,f3684577-51ce-490e-9b59-b19c733be466,0.04,false,false,near_mint,en,USD
Seer of the Last Tomorrow,HOU,Hour of Devastation,44,normal,common,1,4631,7e897f14-8775-4bc3-a3b2-b149f79ec702,0.05,false,false,near_mint,en,USD
Seething Landscape,MH3,Modern Horizons 3,225,normal,common,1,94751,661fc907-7003-45c6-820c-9616e9a71c30,0.14,false,false,near_mint,en,USD
Seifer Almasy,FIN,Final Fantasy,156,normal,rare,2,106607,9c776984-99ea-4181-ac95-78c41ba9d54f,0.22,false,false,near_mint,en,USD
Seize Opportunity,TDM,Tarkir: Dragonstorm,119,normal,common,3,104391,f7818d28-b9a5-4341-9adc-666070b8878d,0.07,false,false,near_mint,en,USD
Seize the Storm,INR,Innistrad Remastered,170,normal,common,2,102523,45ec2af6-8397-429f-900f-846a5056f8e0,0.05,false,false,near_mint,en,USD
Sejiri Refuge,KHC,Kaldheim Commander,118,normal,uncommon,1,57254,b474bfdd-e0b2-4b96-b8eb-84ced9ac5a06,0.4,false,false,near_mint,en,USD
Sejiri Shelter // Sejiri Glacier,ZNR,Zendikar Rising,37,normal,uncommon,1,54817,f25d56f9-aa54-4657-9ac9-e93fbba3e715,1.48,false,false,near_mint,en,USD
Selesnya Guildgate,C17,Commander 2017,279,normal,common,2,4176,4c1d26ae-d775-4cd4-afc1-139021d77543,0.18,false,false,near_mint,en,USD
Selesnya Guildmage,CLU,Ravnica: Clue Edition,207,normal,uncommon,1,91058,954b8e86-284a-4a6f-ac35-896afd414f8a,0.12,false,false,near_mint,en,USD
Selesnya Sagittars,RAV,Ravnica: City of Guilds,229,normal,uncommon,1,27781,9a72e933-d977-4be9-985f-8b8cf1267f8c,0.18,false,false,near_mint,en,USD
Self-Destruct,FIN,Final Fantasy,157,normal,uncommon,2,106285,7661003c-bf83-46bb-bcc0-8fbf5819ffa8,0.13,false,false,near_mint,en,USD
Selhoff Entomber,VOW,Innistrad: Crimson Vow,76,normal,common,1,64482,f8805db2-5a26-43cf-9b74-f882c283e5e4,0.06,false,false,near_mint,en,USD
Selkie Hedge-Mage,EVE,Eventide,158,normal,uncommon,1,24393,5f66b0b4-44fc-444d-9181-0b717c9642fa,0.21,false,false,near_mint,en,USD
Seller of Songbirds,CLU,Ravnica: Clue Edition,72,normal,common,1,91253,df84d9ce-9ff0-438a-96e1-2aadd60dcaba,0.07,false,false,near_mint,en,USD
Senate Griffin,RNA,Ravnica Allegiance,219,normal,common,1,43646,465adbb4-4c64-44eb-8323-61d23282c6b8,0.05,false,false,near_mint,en,USD
Send to Sleep,ORI,Magic Origins,71,normal,common,1,10871,aa34d648-da0a-4615-8dd8-d2c8b1a1a574,0.06,false,false,near_mint,en,USD
Sentinel of the Eternal Watch,ORI,Magic Origins,30,normal,uncommon,1,10912,0a7b01ce-2729-4b70-ae0a-b9a1007be78f,0.11,false,false,near_mint,en,USD
Sentinel Sarah Lyons,PIP,Fallout,118,normal,rare,2,91965,23b76965-528c-48f9-9ee6-332b09cae664,0.15,false,false,near_mint,en,USD
Sentinel's Eyes,THB,Theros Beyond Death,36,normal,common,1,47026,32adc118-b81e-48c2-b7ef-b62e8c3308d6,0.16,false,false,near_mint,en,USD
Sentry Bot,PIP,Fallout,24,normal,rare,2,92594,b16b0143-3511-4f79-bdb1-1ff7af55f051,0.13,false,false,near_mint,en,USD
Sentry of the Underworld,THS,Theros,202,normal,uncommon,1,15462,018a9c98-1cb4-4c53-a765-c15808c4ab44,0.07,false,false,near_mint,en,USD
"Sephara, Sky's Blade",CMM,Commander Masters,54,normal,rare,1,84489,729ee848-6c27-4202-b2bc-605f45209468,3.42,false,false,near_mint,en,USD
Sephiroth's Intervention,FIN,Final Fantasy,116,normal,common,10,106297,cf7df82f-937a-443f-813f-2bcc6944c5c0,0.04,false,false,near_mint,en,USD
"Sephiroth, Fabled SOLDIER // Sephiroth, One-Winged Angel",FIN,Final Fantasy,115,normal,mythic,1,105652,85eaf5e7-77dc-4842-a70c-ce4ac7f724df,22.18,false,false,near_mint,en,USD
"Sephiroth, Fallen Hero",FIC,Final Fantasy Commander,92,normal,rare,1,105736,df919eb8-9eff-4777-9c46-94c795cda918,0.44,false,false,near_mint,en,USD
"Sephiroth, Planet's Heir",FIN,Final Fantasy,553,foil,mythic,1,103801,abd73e52-62f0-4e89-9dc6-90ff0bc2a9b7,0.64,false,false,near_mint,en,USD
Sepulchral Primordial,FIC,Final Fantasy Commander,284,normal,rare,1,105919,4a4192e9-ba32-4801-a7f5-b4dad3559e4e,0.15,false,false,near_mint,en,USD
Serah Farron // Crystallized Serah,FIN,Final Fantasy,240,normal,rare,2,106344,62fa74c0-43ae-445c-8039-ca9d00e9709a,0.32,false,false,near_mint,en,USD
Serpent-Blade Assailant,MOM,March of the Machine,205,normal,common,1,81382,6fabc49f-b665-4c56-b06e-03220f7918bb,0.05,false,false,near_mint,en,USD
Serpentine Ambush,VOW,Innistrad: Crimson Vow,77,normal,common,4,64381,b8214b1c-29f8-4986-89ac-2d7fc929edf3,0.04,false,false,near_mint,en,USD
Serra Angel,FDN,Foundations,147,normal,uncommon,1,100391,3cee9303-9d65-45a2-93d4-ef4aba59141b,0.13,false,false,near_mint,en,USD
Serra's Emissary,MH2,Modern Horizons 2,30,normal,mythic,1,59764,b6534049-3045-4546-b1e8-e5b1b0df5f56,4.8,false,false,near_mint,en,USD
Serrated Scorpion,CMM,Commander Masters,185,normal,common,1,84511,78509763-4bb8-4030-b205-76917de75c57,0.11,false,false,near_mint,en,USD
Serum Snare,ONE,Phyrexia: All Will Be One,68,normal,uncommon,1,78868,d326bff1-5370-4817-8370-6da87a061058,0.17,false,false,near_mint,en,USD
Serum Visionary,MH3,Modern Horizons 3,69,normal,common,1,94330,08a587f5-5910-405e-8982-c889dbbc7f98,0.08,false,false,near_mint,en,USD
Serum-Core Chimera,ONE,Phyrexia: All Will Be One,215,normal,uncommon,2,78484,31147651-9a5e-4329-923b-e464f67135e9,0.03,false,false,near_mint,en,USD
Settle the Score,DOM,Dominaria,103,normal,uncommon,2,2173,1b18558f-6b40-4d1d-859a-3ba68950f064,0.08,false,false,near_mint,en,USD
"Setzer, Wandering Gambler",FIC,Final Fantasy Commander,93,normal,rare,1,105954,5e3e5b0f-c702-4671-ad95-ab0cda1ab83d,0.11,false,false,near_mint,en,USD
Seven-Tail Mentor,NEO,Kamigawa: Neon Dynasty,313,normal,common,3,66509,267efff1-cbe6-40b0-959e-72b81cbda1d0,0.04,false,false,near_mint,en,USD
Sevinne's Reclamation,MH3,Modern Horizons 3,267,normal,rare,2,94343,0f055754-58cf-474a-a3a9-59490dbf9dce,0.47,false,false,near_mint,en,USD
Sewer Crocodile,SNC,Streets of New Capenna,60,normal,common,1,67920,a06ac58b-6d72-4eb4-a1c9-61b5314c7769,0.08,false,false,near_mint,en,USD
Seymour Flux,FIN,Final Fantasy,558,normal,rare,1,106156,c5fdc78e-0815-443c-8c26-35387b6f4f37,0.29,false,false,near_mint,en,USD
Shadow Alley Denizen,RVR,Ravnica Remastered,92,normal,common,1,89863,b2bfa6f0-05d9-4a15-b65c-e40eca10fbfa,0.13,false,false,near_mint,en,USD
Shadow of the Grave,AKH,Amonkhet,107,normal,rare,1,5578,9b0205cb-c163-4332-9624-394e1024bf6a,0.64,false,false,near_mint,en,USD
Shadow Stinger,ZNR,Zendikar Rising,123,normal,uncommon,2,54430,093e0b1e-2cd9-4743-9c0e-b8f3fbc41798,0.08,false,false,near_mint,en,USD
"Shadow, Mysterious Assassin",FIC,Final Fantasy Commander,50,normal,rare,1,106244,f88d81d9-8ded-4c20-8237-2218046595fb,0.22,false,false,near_mint,en,USD
Shadow-Rite Priest,DMU,Dominaria United,106,normal,rare,1,71761,c9e43116-a489-4557-a47f-623d915a2b79,0.23,false,false,near_mint,en,USD
Shadowbeast Sighting,MID,Innistrad: Midnight Hunt,198,normal,common,2,63160,1b12e978-4deb-4ccc-8ae6-462bc4598c90,0.04,false,false,near_mint,en,USD
Shadowblood Ridge,FIC,Final Fantasy Commander,421,normal,rare,1,105925,4d02658c-bbe8-4673-8b44-0b24e0155a85,0.24,false,false,near_mint,en,USD
Shadowborn Demon,M14,Magic 2014,115,normal,mythic,1,15936,3884c05b-c10e-4f1d-a8bd-8b5118657972,0.4,false,false,near_mint,en,USD
Shady Traveler // Stalking Predator,MID,Innistrad: Midnight Hunt,120,normal,common,1,63248,55f0666a-5c3e-492b-b4ea-42fa7f24661b,0.04,false,false,near_mint,en,USD
Shaman of the Pack,KHC,Kaldheim Commander,92,normal,uncommon,1,57272,da9705e2-40e5-4ec9-8aef-2eab28d5a66f,0.52,false,false,near_mint,en,USD
Shambling Cie'th,FIN,Final Fantasy,117,normal,uncommon,5,106302,f02ce338-4fe2-44b0-a896-3ed7e6c874a3,0.04,false,false,near_mint,en,USD
Shambling Suit,ELD,Throne of Eldraine,230,normal,uncommon,1,46108,1100b898-31a8-4fdf-a54f-a1470ec032f3,0.15,false,false,near_mint,en,USD
"Shantotto, Tactician Magician",FIN,Final Fantasy,241,normal,uncommon,2,105752,eff984b2-6ea9-4471-91c5-99c47f87f10b,0.08,false,false,near_mint,en,USD
Shard of Broken Glass,SOI,Shadows over Innistrad,262,normal,common,1,8734,7a4924d7-f787-474b-beca-3b369903485c,0.04,false,false,near_mint,en,USD
Sharding Sphinx,MOC,March of the Machine Commander,235,normal,rare,1,81547,1d93d905-cc36-4a78-b07c-07f8bbf39a47,0.28,false,false,near_mint,en,USD
"Sharlayan, Nation of Scholars",FIN,Final Fantasy,288,normal,common,5,106579,7a745b5e-cdb8-4d05-ac5c-87be69536da6,0.08,false,false,near_mint,en,USD
Sharuum the Hegemon,2XM,Double Masters,219,normal,rare,1,51990,af80ef38-ab95-476f-b0dd-b5ef3e9bceab,0.34,false,false,near_mint,en,USD
Shatter,4ED,Fourth Edition,219,normal,common,1,39968,bbd44196-aa28-4143-872d-592c6fc175a9,0.12,false,false,near_mint,en,USD
Shatter the Sky,THB,Theros Beyond Death,37,normal,rare,1,47025,b706977b-db8e-4810-882d-ed3745404489,0.22,false,false,near_mint,en,USD
Shatter the Source,MOM,March of the Machine,164,normal,common,1,81295,032720a1-410b-4638-9294-35fd8e27375f,0.07,false,false,near_mint,en,USD
Shattered Landscape,TDC,Tarkir: Dragonstorm Commander,390,normal,common,1,105062,f8373e5a-94bb-4aa0-bd09-13a01e0cb02a,0.15,false,false,near_mint,en,USD
Shattered Sanctum,TDC,Tarkir: Dragonstorm Commander,391,normal,rare,1,104516,2c531254-1b12-44d8-a942-e767d516364e,3.07,false,false,near_mint,en,USD
Shatterskull Minotaur,ZNR,Zendikar Rising,160,normal,uncommon,1,54668,9d311f5f-ad68-48d4-aa5d-66916034ddb9,0.07,false,false,near_mint,en,USD
"Shaun, Father of Synths",PIP,Fallout,119,normal,rare,2,92264,68af449f-3c30-43ea-be60-d85061d7adbd,0.17,false,false,near_mint,en,USD
"Shelinda, Yevon Acolyte",FIC,Final Fantasy Commander,94,normal,rare,1,105983,6f2cec5d-50ea-4d0f-8925-eba06222d015,0.2,false,false,near_mint,en,USD
Shell Shield,ZNR,Zendikar Rising,79,normal,common,3,54524,3daede39-8eef-4272-a483-312dbd2dd30f,0.07,false,false,near_mint,en,USD
Shelob's Ambush,LTR,The Lord of the Rings: Tales of Middle-earth,108,normal,common,1,82941,25e69fa8-7339-4bfa-8e35-9cbfe0001d8b,0.07,false,false,near_mint,en,USD
Sheltered Thicket,PIP,Fallout,289,normal,rare,1,92465,923d2489-54c6-47df-8bce-285f42c33c20,0.12,false,false,near_mint,en,USD
Sheltering Boughs,VOW,Innistrad: Crimson Vow,218,normal,common,3,64317,915dd4c2-0e9f-440c-8e4c-80db351a5eba,0.08,false,false,near_mint,en,USD
Sheoldred's Edict,ONE,Phyrexia: All Will Be One,108,normal,uncommon,3,78761,a9225cc3-90f0-448f-a8d9-7c6c2796d077,0.91,false,false,near_mint,en,USD
Sheoldred's Headcleaver,ONE,Phyrexia: All Will Be One,109,normal,common,4,78688,8c6b818f-6912-4ea1-a35a-c8cd7ee9aead,0.07,false,false,near_mint,en,USD
Shepherd of Heroes,ZNR,Zendikar Rising,38,normal,common,1,54473,1f70baa3-5232-4e10-80b4-a9ead6ed6ec3,0.08,false,false,near_mint,en,USD
Shielding Plax,AFC,Forgotten Realms Commander,192,normal,common,2,60785,81e632d8-ee9c-4635-9654-4d6405cb0bf2,0.1,false,false,near_mint,en,USD
"Shiko and Narset, Unified",TDC,Tarkir: Dragonstorm Commander,7,normal,mythic,1,104298,5a42fc7d-52ac-4e95-9e04-8f8fa7f687c8,0.88,false,false,near_mint,en,USD
"Shilgengar, Sire of Famine",MH3,Modern Horizons 3,109,normal,rare,1,94788,9e6aba35-bee5-4058-a2df-d73506d225c2,0.32,false,false,near_mint,en,USD
Shimmering Grotto,IMA,Iconic Masters,248,normal,common,1,3377,e03f2594-c6e8-4758-86b4-885d1dba3a91,0.11,false,false,near_mint,en,USD
Shimmerscale Drake,AKH,Amonkhet,70,normal,common,1,5615,edb13075-0ea0-480a-84c0-8eec3119db45,0.06,false,false,near_mint,en,USD
Shineshadow Snarl,FIC,Final Fantasy Commander,422,normal,rare,2,106214,e45eff2e-c624-4c59-b192-a9d7dc2eeeba,0.16,false,false,near_mint,en,USD
Shinra Reinforcements,FIN,Final Fantasy,118,normal,common,13,106282,7367b257-1a8c-4593-a307-7116e36e0342,0.05,false,false,near_mint,en,USD
Shiny Impetus,TDC,Tarkir: Dragonstorm Commander,231,normal,common,1,104956,cc36705f-9b1a-42fe-bebd-f23c7af8a368,0.1,false,false,near_mint,en,USD
Shipwreck Sifters,MID,Innistrad: Midnight Hunt,74,normal,common,1,63343,8f295833-a83e-4b18-8007-c7f5d78e5624,0.38,false,false,near_mint,en,USD
Shivan Reef,EOC,Edge of Eternities Commander,179,normal,rare,2,107281,72bba14a-c813-49c8-bf73-f41e1bdc1099,0.26,false,false,near_mint,en,USD
Shivan Reef,BLC,Bloomburrow Commander,331,normal,rare,1,96297,59d5e76c-4961-4dbf-be38-a18a2c16d33f,0.34,false,false,near_mint,en,USD
Shore Up,BLB,Bloomburrow,69,normal,common,1,96277,4dc3b49e-3674-494c-bdea-4374cefd10f4,0.16,false,false,near_mint,en,USD
Shorecrasher Mimic,EVE,Eventide,159,normal,common,1,24392,24babb9e-edc8-484b-9db4-18abbafdf096,0.08,false,false,near_mint,en,USD
Short Circuit,NEO,Kamigawa: Neon Dynasty,78,normal,common,3,66730,74fe0fb5-e994-41b1-a73d-4e68f7afdf34,0.04,false,false,near_mint,en,USD
Show of Confidence,STX,Strixhaven: School of Mages,28,normal,uncommon,1,58127,65837f39-deb7-4a4b-8b67-125a71cd0d45,0.12,false,false,near_mint,en,USD
Shrapnel Slinger,ONE,Phyrexia: All Will Be One,148,normal,common,2,78751,a6147bdc-4e02-48be-9ab9-c212f70d9194,0.06,false,false,near_mint,en,USD
Shrill Howler // Howling Chorus,INR,Innistrad Remastered,214,normal,uncommon,1,102815,e414e208-2e90-4b0d-b107-7a387b3f779b,0.03,false,false,near_mint,en,USD
Shrine Steward,NEO,Kamigawa: Neon Dynasty,259,normal,common,4,66889,75e8d71c-3a0b-4042-a0f7-e99e92a79dc2,0.1,false,false,near_mint,en,USD
"Siani, Eye of the Storm",CMR,Commander Legends,95,normal,uncommon,1,55770,8812e448-241e-4640-9cb6-0cdbe1ad2fcc,0.1,false,false,near_mint,en,USD
Sickleslicer,2XM,Double Masters,287,normal,common,2,52143,62f449cc-461e-4e89-8cd2-83e539bb40f4,0.07,false,false,near_mint,en,USD
Sidar Jabari of Zhalfir,MOC,March of the Machine Commander,5,normal,mythic,1,81091,5fc707be-9286-4ba1-90f6-475265d19ed2,0.47,false,false,near_mint,en,USD
Sidequest: Card Collection // Magicked Card,FIN,Final Fantasy,73,normal,uncommon,3,106589,8ac3d2c9-5978-4cfb-a746-c901decff093,0.07,false,false,near_mint,en,USD
Sidequest: Catch a Fish // Cooking Campsite,FIN,Final Fantasy,31,normal,uncommon,3,103802,bdb5452e-d97f-409b-91d0-2664f39b09b8,0.18,false,false,near_mint,en,USD
"Sidequest: Hunt the Mark // Yiazmat, Ultimate Mark",FIN,Final Fantasy,119,normal,uncommon,5,106646,c3eb2ae5-10de-4c3d-91c8-8734befc80b2,0.05,false,false,near_mint,en,USD
"Sidequest: Play Blitzball // World Champion, Celestial Weapon",FIN,Final Fantasy,158,normal,uncommon,2,106401,31e2ad37-73cf-4858-8a3a-fc1165cd21a7,0.07,false,false,near_mint,en,USD
Sidequest: Raise a Chocobo // Black Chocobo,FIN,Final Fantasy,201,normal,uncommon,2,106508,0cbf911c-a721-4b84-8645-d83a0966be18,0.15,false,false,near_mint,en,USD
Siege Zombie,INR,Innistrad Remastered,131,normal,common,2,102678,950e6466-dfd2-4ed6-83ba-be02fe612093,0.04,false,false,near_mint,en,USD
Siege-Gang Commander,TDC,Tarkir: Dragonstorm Commander,232,normal,rare,1,104851,a2d3ddb9-ddfb-4ca9-ae77-cf691d385a4a,0.11,false,false,near_mint,en,USD
"Siegfried, Famed Swordsman",FIC,Final Fantasy Commander,51,normal,rare,1,105975,69dadb0c-413e-4658-9cdc-23a65df7a800,0.15,false,false,near_mint,en,USD
Sift,2XM,Double Masters,69,normal,common,1,52130,4f9fb948-86fb-497b-98bf-1f69eac9901e,0.05,false,false,near_mint,en,USD
Sifter Wurm,CMR,Commander Legends,254,normal,uncommon,1,55661,492ff217-1bf6-4942-8d2f-8ddd71da683f,0.08,false,false,near_mint,en,USD
Sigarda's Imprisonment,VOW,Innistrad: Crimson Vow,35,normal,common,2,64097,118995a6-8471-47ac-9404-700ce7fc46f6,0.04,false,false,near_mint,en,USD
Sigarda's Summons,VOW,Innistrad: Crimson Vow,404,foil,rare,2,64068,06242f90-5709-482c-8d45-a60a4dc9e8bc,0.24,false,false,near_mint,en,USD
Sigardian Paladin,VOW,Innistrad: Crimson Vow,247,normal,uncommon,1,64154,34228fdd-e466-488e-84b2-4c595e758688,0.09,false,false,near_mint,en,USD
Sigardian Savior,MID,Innistrad: Midnight Hunt,34,normal,mythic,1,63396,b1a2b41a-34b0-428e-80ec-3ffd601093a2,0.32,false,false,near_mint,en,USD
Sigil Blessing,MM2,Modern Masters 2015,187,normal,uncommon,1,11030,72b5a580-c267-43f7-be77-fbc2928ff0ab,0.05,false,false,near_mint,en,USD
Sigiled Starfish,C18,Commander 2018,102,normal,uncommon,1,741,69b3df55-f664-4922-9bc8-ab227d87da53,0.15,false,false,near_mint,en,USD
Silent Observer,SOI,Shadows over Innistrad,86,normal,common,1,8910,535e3d1b-b71b-406a-bec6-73b2cb45f6c8,0.03,false,false,near_mint,en,USD
Silumgar Sorcerer,DTK,Dragons of Tarkir,76,normal,uncommon,1,11738,6a914304-e774-49fd-9ac7-09e36989b1d5,0.09,false,false,near_mint,en,USD
Silundi Vision // Silundi Isle,ZNR,Zendikar Rising,80,normal,uncommon,1,54449,11568cdf-6148-494c-8b98-f5ca5797d775,0.41,false,false,near_mint,en,USD
Silver Shroud Costume,PIP,Fallout,142,normal,uncommon,1,92859,f21fba59-330b-4daf-bf77-6dd817327a64,7.67,false,false,near_mint,en,USD
Silverbluff Bridge,PIP,Fallout,290,normal,common,2,92380,820485ab-0a31-4278-9316-ec5b909f4d11,0.32,false,false,near_mint,en,USD
Silverbluff Bridge,EOC,Edge of Eternities Commander,180,normal,common,1,107297,8f14540a-479f-4a3c-8e5b-f482caf48451,0.17,false,false,near_mint,en,USD
Silverflame Squire // On Alert,ELD,Throne of Eldraine,31,normal,common,1,46307,7bd105f3-fa33-4490-aea9-b47ca121b664,0.04,false,false,near_mint,en,USD
Silverquill Apprentice,STX,Strixhaven: School of Mages,231,normal,uncommon,2,58076,42d0770e-9084-4aa7-b543-2b6ba18378dc,0.06,false,false,near_mint,en,USD
Silverquill Campus,MOC,March of the Machine Commander,423,normal,common,1,81719,66314fd2-c36b-431d-83e5-c0f8146d3f19,0.17,false,false,near_mint,en,USD
Silverquill Lecturer,M3C,Modern Horizons 3 Commander,96,normal,rare,1,94742,507e34d0-cdc5-4226-9664-b725b702044d,0.1,false,false,near_mint,en,USD
Silverwing Squadron,MOC,March of the Machine Commander,207,normal,rare,1,81663,4f674d39-e437-4efb-843b-30b18b567e98,0.3,false,false,near_mint,en,USD
Simic Growth Chamber,DSC,Duskmourn: House of Horror Commander,298,normal,uncommon,1,99076,212d97c5-c144-483b-b42e-00623477e928,0.19,false,false,near_mint,en,USD
Simic Guildgate,FDN,Foundations,695,normal,common,1,100853,96590855-1ee5-4d69-9070-776e23f71976,0.17,false,false,near_mint,en,USD
"Sin, Spira's Punishment",FIN,Final Fantasy,348,normal,rare,2,103805,ce15bf1d-debf-4e0f-a69d-a57619d4b0ee,1.2,false,false,near_mint,en,USD
"Sin, Unending Cataclysm",FIC,Final Fantasy Commander,95,normal,rare,1,106251,fc0474b7-3d32-49b4-80c7-822de6cdbfa6,0.26,false,false,near_mint,en,USD
Sinew Dancer,ONE,Phyrexia: All Will Be One,286,normal,common,8,78640,7836bd5e-9df3-4f24-adce-ca7028fea78f,0.09,false,false,near_mint,en,USD
Singe-Mind Ogre,ARB,Alara Reborn,45,normal,common,2,23463,ab1564d7-43fe-4072-91a6-622713848b7e,0.07,false,false,near_mint,en,USD
Single Combat,PIP,Fallout,172,normal,rare,1,92225,5ea2469c-f719-40e6-bec1-0457fa93c541,0.25,false,false,near_mint,en,USD
Sip of Hemlock,THS,Theros,106,normal,common,2,15558,22051427-9b2a-4571-8c9f-ee84d8d0e4d1,0.03,false,false,near_mint,en,USD
Siren of the Silent Song,BNG,Born of the Gods,155,normal,uncommon,1,14805,990f4438-aa74-4460-8bac-93480d0bb0dc,0.16,false,false,near_mint,en,USD
Sizzling Barrage,ZNR,Zendikar Rising,162,normal,common,4,54467,1bf5843a-a01f-4d1c-b8fe-c586d5160f6e,0.04,false,false,near_mint,en,USD
Skaab Goliath,CMR,Commander Legends,97,normal,common,1,56211,d151fe63-3b3a-4cd4-9a2d-d80e7434e63c,0.06,false,false,near_mint,en,USD
Skarrg Guildmage,GTC,Gatecrash,196,normal,uncommon,1,16628,00f206c0-a8a7-4ca0-b88f-4736c3dac588,0.11,false,false,near_mint,en,USD
Skeleton Key,SOI,Shadows over Innistrad,263,normal,uncommon,1,8733,3168317b-b166-483e-9d9a-20cdfcdc255c,0.18,false,false,near_mint,en,USD
Skilled Animator,CMR,Commander Legends,98,normal,uncommon,1,56172,bc396c69-9773-4d57-a955-280742a10a91,0.03,false,false,near_mint,en,USD
Skirsdag High Priest,INR,Innistrad Remastered,132,normal,rare,1,102622,7a329b20-4e6e-45c9-aee0-51fe81dce543,0.17,false,false,near_mint,en,USD
Skirsdag Supplicant,EMN,Eldritch Moon,104,normal,common,1,8231,b3f63897-15a1-4b34-9916-d9df62f66785,0.02,false,false,near_mint,en,USD
"Skoa, Embermage",MH3,Modern Horizons 3,138,normal,common,1,94621,cf34b0f8-a68a-428f-9f2c-9556229367ec,0.04,false,false,near_mint,en,USD
Skola Grovedancer,DSC,Duskmourn: House of Horror Commander,199,normal,common,2,99351,ce7753e0-2838-49c2-acd0-80b534f43bad,0.04,false,false,near_mint,en,USD
Skophos Warleader,THB,Theros Beyond Death,154,normal,common,1,46908,59c39c70-8360-4c7c-b5fa-61c42828609a,0.02,false,false,near_mint,en,USD
Skrelv's Hive,ONE,Phyrexia: All Will Be One,34,normal,rare,2,78982,ffbd77ec-fc81-41d5-934f-c3dd844cb053,0.76,false,false,near_mint,en,USD
"Skrelv, Defector Mite",ONE,Phyrexia: All Will Be One,33,normal,rare,2,78579,60b565da-a49b-479c-b0c4-8ff3dd20cc0b,2.08,false,false,near_mint,en,USD
Skullclamp,FIC,Final Fantasy Commander,355,normal,uncommon,1,105930,4e5d5649-3e30-4aca-80f8-5a7522d366da,4.2,false,false,near_mint,en,USD
Skullknocker Ogre,ELD,Throne of Eldraine,142,normal,uncommon,1,46196,dfa89e28-c0a9-4b76-b0d5-8dcaa75bfd59,0.11,false,false,near_mint,en,USD
Sky Crier,SNC,Streets of New Capenna,31,normal,common,1,67904,98e01fa9-9127-4250-94f1-39e71cc3c2bc,0.05,false,false,near_mint,en,USD
Sky Diamond,VOC,Crimson Vow Commander,167,normal,common,1,64498,115d7ea5-9e15-4b0f-83ce-e99228b49cd3,0.21,false,false,near_mint,en,USD
Skycat Sovereign,IKO,Ikoria: Lair of Behemoths,207,normal,rare,1,49870,6209dbfd-b765-44c5-b3ad-94f6e0705926,0.26,false,false,near_mint,en,USD
Skyclave Apparition,BLC,Bloomburrow Commander,154,normal,rare,1,96415,a76c56a3-db5c-4884-8c6a-bf8105b62421,0.18,false,false,near_mint,en,USD
Skyclave Cleric // Skyclave Basilica,ZNR,Zendikar Rising,40,normal,uncommon,1,54409,014027c4-7f9d-4096-b308-ea4be574c0d4,0.16,false,false,near_mint,en,USD
Skyclave Pick-Axe,ZNR,Zendikar Rising,204,normal,uncommon,4,54662,9965a54b-8b22-418c-9a0d-bf154932f2e2,0.11,false,false,near_mint,en,USD
Skyclave Sentinel,ZNR,Zendikar Rising,253,normal,common,1,54831,fac8809a-77cd-4090-8a89-12121a8da676,0.03,false,false,near_mint,en,USD
Skyclave Shadowcat,ZNR,Zendikar Rising,126,normal,uncommon,1,54706,b27fcfc5-a1a9-4b21-8240-2ed6346c64e1,0.13,false,false,near_mint,en,USD
Skyclave Squid,ZNR,Zendikar Rising,82,normal,common,4,54555,581ed049-7b5b-47d9-96af-f737631a221f,0.05,false,false,near_mint,en,USD
Skycloud Expanse,EOC,Edge of Eternities Commander,181,normal,rare,1,107224,03f8c846-d80c-49a4-a562-e817cd0c6096,0.09,false,false,near_mint,en,USD
Skycloud Expanse,CMM,Commander Masters,1035,normal,rare,1,84033,0c1c9810-c6bf-4bce-b131-37ea34f3f840,0.21,false,false,near_mint,en,USD
Skycloud Expanse,FIC,Final Fantasy Commander,423,normal,rare,2,105812,0972c465-0369-4ac2-9912-2898fad1bdba,0.15,false,false,near_mint,en,USD
Skycloud Expanse,PIP,Fallout,291,normal,rare,1,92175,53b8f769-57c8-45e7-b451-7b4fe7e80bf8,0.15,false,false,near_mint,en,USD
Skyknight Legionnaire,GRN,Guilds of Ravnica,198,normal,common,1,285,3c27f2ce-702a-4ec2-a470-982171a9ec73,0.04,false,false,near_mint,en,USD
Skyknight Squire,FDN,Foundations,301,normal,rare,1,101269,e52d0d34-4d66-4e0d-9d64-bb7786930b7a,0.97,false,false,near_mint,en,USD
Skymarch Bloodletter,M19,Core Set 2019,119,normal,common,1,1193,2c7f2740-a193-4b4c-af00-2dd22d74a4ba,0.06,false,false,near_mint,en,USD
Skyscanner,M21,Core Set 2021,238,normal,common,2,50994,cab69fbd-0179-4b02-adba-71d2a0eeea5c,0.09,false,false,near_mint,en,USD
Skyscythe Engulfer,ONE,Phyrexia: All Will Be One,183,normal,common,4,78880,d7898399-3c52-402c-9cd7-baad2cb7f00e,0.05,false,false,near_mint,en,USD
Skyswimmer Koi,NEO,Kamigawa: Neon Dynasty,79,normal,common,1,66819,db50259b-8ca8-4fbe-8ae3-6b0312d70980,0.05,false,false,near_mint,en,USD
Skywarp Skaab,VOW,Innistrad: Crimson Vow,78,normal,common,1,64269,73168804-3c22-4fcb-907a-2f08999c0cea,0.05,false,false,near_mint,en,USD
Slash of Light,FIN,Final Fantasy,32,normal,common,9,106662,da6d9529-3cb0-4adc-8209-b9b02db3bf54,0.05,false,false,near_mint,en,USD
Slate Street Ruffian,DDM,Duel Decks: Jace vs. Vraska,53,normal,common,2,14697,a0efff1e-c4ce-4521-bd7d-2134b96dc7d3,0.07,false,false,near_mint,en,USD
Slaughter Singer,ONE,Phyrexia: All Will Be One,216,normal,uncommon,1,78532,4a37aa46-bcf3-48a5-9f74-05e4878ad96f,0.06,false,false,near_mint,en,USD
Slayers' Stronghold,FIC,Final Fantasy Commander,424,normal,rare,1,105878,30d0754a-f7bb-4c13-b7e3-28046db48cc1,0.16,false,false,near_mint,en,USD
Slayers' Stronghold,MKC,Murders at Karlov Manor Commander,295,normal,rare,1,90326,3b2c82ea-6793-407c-ac9f-5fc14d4d09ea,0.16,false,false,near_mint,en,USD
Slaying Fire,ELD,Throne of Eldraine,143,normal,uncommon,1,46195,83b5b110-c430-4ffe-9fc1-8e6987f52d1e,0.06,false,false,near_mint,en,USD
Sleep Magic,FIN,Final Fantasy,74,normal,uncommon,3,106650,c96cae63-7625-48e3-aaba-5b1632a8642d,0.07,false,false,near_mint,en,USD
Sleep Paralysis,M20,Core Set 2020,75,normal,common,1,45386,2babef35-27ab-45aa-88cd-f21dccae5125,0.03,false,false,near_mint,en,USD
Sleep with the Fishes,SNC,Streets of New Capenna,61,normal,uncommon,2,67698,3742a0fb-4b86-49d6-b6fb-bd6a42fa1bcb,0.05,false,false,near_mint,en,USD
Sleeper Dart,IKO,Ikoria: Lair of Behemoths,240,normal,common,2,49837,311f827a-1585-483e-b0fd-3dc05969b485,0.07,false,false,near_mint,en,USD
Slith Ascendant,CMR,Commander Legends,49,normal,common,1,56169,b90157f8-ba3c-479e-80d8-8f9e042c540c,0.05,false,false,near_mint,en,USD
"Slobad, Iron Goblin",ONE,Phyrexia: All Will Be One,311,normal,rare,4,78233,6f0c255c-d42e-413c-8afd-c8f373600cbf,0.2,false,false,near_mint,en,USD
Sludge Strider,HOP,Planechase,95,normal,uncommon,1,22939,8d6025a1-2da0-48d0-b7c4-65c85ba51ceb,0.4,false,false,near_mint,en,USD
Sly Requisitioner,AER,Aether Revolt,72,normal,uncommon,1,6342,c2d05324-6d85-40da-a087-b5822bc8f42e,0.12,false,false,near_mint,en,USD
Smash to Smithereens,ORI,Magic Origins,163,normal,common,2,10779,655c489f-bffb-45a4-8e7c-2d1a35220197,0.18,false,false,near_mint,en,USD
Smelt,M19,Core Set 2019,158,normal,common,1,1154,9a13293d-89a7-400c-8309-9f62eeb4769c,0.04,false,false,near_mint,en,USD
Smelted Chargebug,MH3,Modern Horizons 3,139,normal,common,1,94865,7dad40bf-2cd0-47f5-a878-9a289d1d58d0,0.05,false,false,near_mint,en,USD
Smite the Monstrous,ZNR,Zendikar Rising,42,normal,common,3,54666,9c103163-31b7-4d25-aa2c-02ca082ee1bf,0.07,false,false,near_mint,en,USD
Smitten Swordmaster // Curry Favor,MOC,March of the Machine Commander,268,normal,common,2,81545,1cd477f5-53e9-446a-b717-5796d87672ba,0.16,false,false,near_mint,en,USD
Smoldering Marsh,EOC,Edge of Eternities Commander,182,normal,rare,1,107196,ea5c3d9e-13e7-492d-80b8-d6dd42895f33,0.19,false,false,near_mint,en,USD
Smoldering Marsh,FIC,Final Fantasy Commander,425,normal,rare,1,106005,7ddf0ca3-dc64-47ac-87b9-4bd85b173885,0.26,false,false,near_mint,en,USD
Smoldering Marsh,PIP,Fallout,292,normal,rare,1,92190,567e219b-2961-4f02-9be0-7776210b62b0,0.27,false,false,near_mint,en,USD
Smuggler's Copter,FCA,Final Fantasy: Through the Ages,62,normal,rare,1,106365,d0e53c71-6a58-4ea1-a550-f3cbd749eafd,0.65,false,false,near_mint,en,USD
Snake of the Golden Grove,BNG,Born of the Gods,141,normal,common,1,14819,08b10bd7-3f8b-426f-acdf-5a9559b9bc7d,0.08,false,false,near_mint,en,USD
Snarling Wolf,VOW,Innistrad: Crimson Vow,219,normal,common,2,64461,ecd271d7-a3c8-4448-b8e2-bcef5d7e9118,0.08,false,false,near_mint,en,USD
Sneaking Guide,ZNR,Zendikar Rising,164,normal,common,1,54554,569c9e8c-7808-49d0-82c1-72d5b835f51c,0.03,false,false,near_mint,en,USD
Snort,FIC,Final Fantasy Commander,58,normal,rare,1,105910,46f1179d-6e48-46ed-ab41-abddace7b5d4,0.23,false,false,near_mint,en,USD
Snow Villiers,FIN,Final Fantasy,33,normal,uncommon,5,106537,399bb699-e61d-4b41-b6e9-e594cbad6194,0.08,false,false,near_mint,en,USD
Snow-Covered Forest,KHM,Kaldheim,285,normal,common,1,57172,fe241460-f7c1-4ba8-a156-6720b494ac97,0.65,false,false,near_mint,en,USD
Snowmelt Stag,TDM,Tarkir: Dragonstorm,57,normal,common,2,104869,a6b3b131-704a-4586-84f8-db465cd4a277,0.08,false,false,near_mint,en,USD
Snuff Out,FIC,Final Fantasy Commander,285,normal,common,1,106095,a3b1fc65-3620-4052-a1f8-1779d95029c7,4.13,false,false,near_mint,en,USD
Soaring Thought-Thief,ZNR,Zendikar Rising,236,normal,uncommon,1,54443,0d73c9c4-8955-499f-8f87-6500b35b4977,0.09,false,false,near_mint,en,USD
Sol Ring,M3C,Modern Horizons 3 Commander,305,normal,uncommon,3,94714,19911e6e-7c35-4281-b31c-266382f052cc,1.35,false,false,near_mint,en,USD
Sol Ring,FIC,Final Fantasy Commander,357,normal,uncommon,4,106178,d105068a-d4f1-4971-b5a0-72806a798497,1.35,false,false,near_mint,en,USD
Sol Ring,TDC,Tarkir: Dragonstorm Commander,106,normal,uncommon,1,104314,7b0ccfd4-f118-4497-9c5a-54cf12000e16,1.29,false,false,near_mint,en,USD
Sol Ring,PIP,Fallout,239,normal,uncommon,2,92816,e675f7e2-5c9f-4912-8fdd-daaeda284a3d,1.4,false,false,near_mint,en,USD
Solar Transformer,DRC,Aetherdrift Commander,137,normal,uncommon,1,103382,fbc1c8dd-ea66-4dc3-8444-9f20758a45f7,0.14,false,false,near_mint,en,USD
Soldier,TDMU,Dominaria United Tokens,4,normal,common,2,71599,8c4b0257-2ca5-4015-9d63-d7cf6e87ab9d,0.1,false,false,near_mint,en,USD
Soldier,TONC,Phyrexia: All Will Be One Commander Tokens,8,normal,common,3,79065,f1684175-6e03-4934-92e3-e2a32725f7f9,0.31,false,false,near_mint,en,USD
SOLDIER Military Program,FIC,Final Fantasy Commander,25,normal,rare,1,106196,dddad2c2-bd19-42bd-aad6-bbf23ccef269,0.18,false,false,near_mint,en,USD
Solemn Simulacrum,TDC,Tarkir: Dragonstorm Commander,325,normal,rare,1,104953,cb1563a1-c8dc-4fcb-b9c8-e7432235d31e,0.22,false,false,near_mint,en,USD
Solemn Simulacrum,DSC,Duskmourn: House of Horror Commander,253,normal,rare,2,99255,916e0c89-5614-4022-b095-9c714c476d13,0.22,false,false,near_mint,en,USD
Solemn Simulacrum,FIC,Final Fantasy Commander,360,normal,rare,1,105964,64d2d473-9157-408a-b088-1489306c1912,0.25,false,false,near_mint,en,USD
Solemn Simulacrum,PIP,Fallout,240,normal,rare,1,92709,cc91d8b8-ed18-45bf-a9e0-2f6afe6dd23c,0.7,false,false,near_mint,en,USD
"Solphim, Mayhem Dominus",ONE,Phyrexia: All Will Be One,312,normal,mythic,2,78697,91271b80-cc8c-436f-983e-3f168febeb99,22.67,false,false,near_mint,en,USD
Sonar Strike,BLB,Bloomburrow,32,normal,common,1,96093,a50da179-751f-47a8-a547-8c4a291ed381,0.04,false,false,near_mint,en,USD
Song-Mad Treachery // Song-Mad Ruins,ZNR,Zendikar Rising,165,normal,uncommon,1,54613,782ca27f-9f18-476c-b582-89c06fb2e322,0.16,false,false,near_mint,en,USD
Songcrafter Mage,TDM,Tarkir: Dragonstorm,225,normal,rare,1,104813,9523bc07-49e5-409c-ae6b-b28e305eef36,0.14,false,false,near_mint,en,USD
Soothsayer Adept,STX,Strixhaven: School of Mages,55,normal,common,2,58371,eb93c9d2-88eb-403d-bb67-8e8b0462ac27,0.05,false,false,near_mint,en,USD
Sorceress's Schemes,FIN,Final Fantasy,159,normal,uncommon,3,106582,7efd7627-0754-4685-9d04-8f5f82f45632,0.13,false,false,near_mint,en,USD
"Sorin, Lord of Innistrad Emblem",TDKA,Dark Ascension Tokens,3,normal,common,1,18376,327ddaaf-b6a7-4c80-9b38-5ab68181b3d6,2.21,false,false,near_mint,en,USD
Soul Net,7ED,Seventh Edition,317,normal,uncommon,1,32489,62e267df-22e1-422e-973b-d192b40d5f19,0.24,false,false,near_mint,en,USD
Soul of Migration,MH2,Modern Horizons 2,33,normal,common,1,59524,4541217f-5e86-491b-918b-ed7a2eb3e4eb,0.03,false,false,near_mint,en,USD
Soul Separator,INR,Innistrad Remastered,270,normal,uncommon,1,102801,d9357606-e192-47e8-b9cd-e1a567903754,0.08,false,false,near_mint,en,USD
Soul Snare,MH2,Modern Horizons 2,266,normal,uncommon,1,59581,5da64eec-d8a9-4156-9d26-56f81e1ffc44,0.06,false,false,near_mint,en,USD
Soul-Guide Gryff,INR,Innistrad Remastered,40,normal,common,1,102494,39388258-cf07-4f29-a379-c743ecac680b,0.02,false,false,near_mint,en,USD
Soul-Guide Lantern,DRC,Aetherdrift Commander,139,normal,uncommon,1,103089,6a0f5301-0af9-496d-b55d-6bb5518b009c,0.13,false,false,near_mint,en,USD
Soul-Strike Technique,MH1,Modern Horizons,30,normal,common,1,44904,b6ab5f70-8f69-467f-9fa5-f69181edcb80,0.05,false,false,near_mint,en,USD
Soulcipher Board // Cipherbound Spirit,INR,Innistrad Remastered,85,normal,uncommon,2,102607,73e7ed48-8f7b-4bdf-bade-a09597ceafcd,0.07,false,false,near_mint,en,USD
Soulless Jailer,ONE,Phyrexia: All Will Be One,241,normal,rare,2,78821,bf9991fd-ea6a-4ed7-b5f1-46a95f8d0634,0.46,false,false,near_mint,en,USD
Soulmender,M20,Core Set 2020,37,normal,common,1,45424,31b83ffd-bd08-48c6-98a3-811abc203f60,0.06,false,false,near_mint,en,USD
Sower of Chaos,FDN,Foundations,95,normal,common,1,101556,7ff50606-491c-4946-8d03-719b01cfad77,0.03,false,false,near_mint,en,USD
Spare Supplies,ZNR,Zendikar Rising,254,normal,common,1,54682,a53baf25-1782-427b-a9dd-fc9b8dc6444f,0.1,false,false,near_mint,en,USD
Spark Harvest,CMR,Commander Legends,150,normal,common,1,55942,e4d42177-dd1b-482c-a549-6f563b3f3249,0.12,false,false,near_mint,en,USD
Sparkspitter,UMA,Ultimate Masters,149,normal,common,1,43361,91e67cab-496b-4b07-a045-b332d378ae74,0.06,false,false,near_mint,en,USD
Spawn-Gang Commander,MH3,Modern Horizons 3,140,normal,uncommon,1,94264,ecac9885-6f4e-4413-90dc-c8b44f883357,0.11,false,false,near_mint,en,USD
Speakeasy Server,SNC,Streets of New Capenna,32,normal,common,1,68044,e014d9d0-e6e1-4afb-b94f-b927a09b76c1,0.06,false,false,near_mint,en,USD
Specter of the Fens,STX,Strixhaven: School of Mages,87,normal,common,1,58145,73e3cfbc-7177-4bbc-89c4-560c9c2f97db,0.05,false,false,near_mint,en,USD
Spectral Sailor,FDN,Foundations,164,normal,uncommon,1,100100,03a49535-c5f3-4a6f-b333-7ac7bffdc9ae,0.08,false,false,near_mint,en,USD
Spell Satchel,STX,Strixhaven: School of Mages,258,normal,uncommon,1,58173,7de826a0-6e68-4d40-a51c-8d6e7a4148d1,0.08,false,false,near_mint,en,USD
Spelleater Wolverine,IKO,Ikoria: Lair of Behemoths,137,normal,common,1,49940,a5f03ffd-dcdb-441c-8dfc-4fe06a289b22,0.05,false,false,near_mint,en,USD
Spellrune Painter // Spellrune Howler,MID,Innistrad: Midnight Hunt,295,normal,uncommon,2,63166,1d4d2aac-84ed-434e-921e-b724e3854cf2,0.06,false,false,near_mint,en,USD
Sphere Grid,FIC,Final Fantasy Commander,70,normal,rare,2,105934,51188b1d-cb45-40f7-a3c2-5652b0679e02,8.49,false,false,near_mint,en,USD
Sphinx of Enlightenment,BLC,Bloomburrow Commander,175,normal,mythic,1,96242,3307e9c8-c4c1-480c-94a1-78332eaaac14,0.14,false,false,near_mint,en,USD
Sphinx of Forgotten Lore,FDN,Foundations,51,normal,mythic,1,100998,af6e46b8-62ed-4bca-ba38-a821f225b59f,0.56,false,false,near_mint,en,USD
Sphinx of the Guildpact,2XM,Double Masters,290,normal,uncommon,1,52209,f31cab5f-c05e-4688-b300-33ab0dd98598,0.12,false,false,near_mint,en,USD
Sphinx of the Revelation,M3C,Modern Horizons 3 Commander,127,normal,rare,1,94777,91cfd84a-6d35-4755-984c-8f8806930a03,0.16,false,false,near_mint,en,USD
Sphinx's Revelation,RVR,Ravnica Remastered,228,normal,rare,1,89686,5579d2d6-b34b-44a2-8b72-9f18938a18a0,0.7,false,false,near_mint,en,USD
Spiked Pit Trap,AFR,Adventures in the Forgotten Realms,251,normal,common,1,60247,59fbf45a-23b4-4d06-abd9-4cc3895cb29d,0.05,false,false,near_mint,en,USD
Spined Karok,STX,Strixhaven: School of Mages,143,normal,common,1,58309,c37ae6b5-225a-410e-ab22-13e923bdfb65,0.05,false,false,near_mint,en,USD
"Spinnerette, Arachnobat",UNF,Unfinity,271,normal,uncommon,10,73171,7cbcd448-23fc-4e8d-985d-df2801f5c78c,0.1,false,false,near_mint,en,USD
Spire of Industry,FIC,Final Fantasy Commander,426,normal,rare,1,105957,60057719-f597-4f2e-a75c-663f98a08573,0.2,false,false,near_mint,en,USD
Spirit,TSOI,Shadows over Innistrad Tokens,3,normal,common,1,8696,3a53a7c6-6b32-4491-8c96-e564abea8880,0.1,false,false,near_mint,en,USD
Spirit,TFIC,Final Fantasy Commander Tokens,3,normal,common,4,105791,004f2ea4-0477-49b2-ad06-5aac7991103d,,false,false,near_mint,en,USD
Spirit Summoning,STX,Strixhaven: School of Mages,236,normal,common,1,58149,74be6236-4095-419c-9927-fbd874df21f8,0.07,false,false,near_mint,en,USD
Spitfire Lagac,ZNR,Zendikar Rising,302,normal,common,2,54712,b6008794-a7ca-4a3e-b88b-e5dbb9e0f39b,0.17,false,false,near_mint,en,USD
Spitfire Lagac,FDN,Foundations,208,normal,common,4,101496,30f600cd-b696-4f49-9cbc-5a33aa43d04c,0.06,false,false,near_mint,en,USD
Spitting Gourna,ONS,Onslaught,284,normal,common,1,31019,746b98bf-5398-4a00-b4fe-a990ea9cfd77,0.06,false,false,near_mint,en,USD
Spoils of Adventure,ZNR,Zendikar Rising,237,normal,uncommon,2,54664,9b3b1ef0-a653-4adb-8112-82d4822446b4,0.07,false,false,near_mint,en,USD
Spontaneous Flight,IKO,Ikoria: Lair of Behemoths,33,normal,common,1,50044,3dc24dd4-d259-4687-8247-f56aa7abb5b9,0.03,false,false,near_mint,en,USD
Spontaneous Mutation,INR,Innistrad Remastered,86,normal,common,1,102501,3ae07900-e07e-47d3-b8a1-f69cec94864b,0.03,false,false,near_mint,en,USD
Spore Crawler,INR,Innistrad Remastered,218,normal,common,4,102702,a2a37c40-6d33-4e32-ab7b-4a7c2d10b757,0.04,false,false,near_mint,en,USD
Sporeback Wolf,VOW,Innistrad: Crimson Vow,223,normal,common,1,64167,3fb04879-9348-4d4f-9a23-c82fd99d04c6,0.07,false,false,near_mint,en,USD
Sporecap Spider,CNS,Conspiracy,179,normal,common,2,14241,b554978a-4465-448d-8505-3a377d6be0c0,0.12,false,false,near_mint,en,USD
Springjaw Trap,IKO,Ikoria: Lair of Behemoths,241,normal,common,1,49836,3741de51-ea92-493a-8058-e0f2000e7701,0.02,false,false,near_mint,en,USD
Springsage Ritual,EMN,Eldritch Moon,172,normal,common,1,8162,2e0b23a4-5868-4dd8-ae68-846934e1bd52,0.03,false,false,near_mint,en,USD
Sprouting Thrinax,DCI,DCI Promos,21,foil,rare,8,24100,310038c2-685e-4f1b-b91f-7a5ad2b0646f,0.39,false,false,near_mint,en,USD
Squad Commander,CLB,Commander Legends: Battle for Baldur's Gate,709,normal,rare,1,69519,5390bbf3-9906-46a9-81d3-60e23eb89ca1,0.14,false,false,near_mint,en,USD
Squirrel,TPIP,Fallout Tokens,9,normal,common,2,92888,f90bb066-79fd-48cd-ab5a-eaed71139b4e,0.21,false,false,near_mint,en,USD
Squirrel Nest,PIP,Fallout,206,normal,uncommon,1,92739,d52b4496-b60d-4c72-bf86-0f0e54515821,0.14,false,false,near_mint,en,USD
Squirrel Stack,UNF,Unfinity,228f,normal,uncommon,1,72624,04423fcd-fdfe-477a-9d92-eda91dc16f85,0.14,false,false,near_mint,en,USD
"Sram, Senior Edificer",FCA,Final Fantasy: Through the Ages,3,normal,rare,1,105545,084d7a61-ef18-42e3-8485-76ae9a36ef7b,4.53,false,false,near_mint,en,USD
Stab Wound,RVR,Ravnica Remastered,93,normal,uncommon,1,89901,cbe656e7-ae71-45c2-a263-588b73f70d73,0.08,false,false,near_mint,en,USD
Staff of Compleation,TDC,Tarkir: Dragonstorm Commander,326,normal,mythic,1,104442,0c475639-1368-4e29-adeb-8973e343bca5,1.37,false,false,near_mint,en,USD
Staff of the Flame Magus,M15,Magic 2015,233,normal,uncommon,1,13619,0fd137db-296a-4c17-ba46-8b189d96c1f9,0.09,false,false,near_mint,en,USD
Staff of the Storyteller,ONC,Phyrexia: All Will Be One Commander,10,normal,rare,1,78767,ab1d1461-1625-4163-aacd-a939f4871fad,2.81,false,false,near_mint,en,USD
Staff of the Sun Magus,M15,Magic 2015,235,normal,uncommon,1,13617,e1f51ff4-9b5c-4e26-b811-4000a4c8f965,0.17,false,false,near_mint,en,USD
Staggering Insight,THB,Theros Beyond Death,228,normal,uncommon,1,46834,125b8be1-76b9-434e-a505-5099d950767c,0.23,false,false,near_mint,en,USD
Stalking Drone,OGW,Oath of the Gatewatch,124,normal,common,1,9258,12bc5b4c-a809-43f0-8848-38812ce865c2,0.03,false,false,near_mint,en,USD
Stall for Time,DMU,Dominaria United,34,normal,common,1,71856,f346defa-ee4a-404e-8154-0e33ebe9102c,0.04,false,false,near_mint,en,USD
Stalwart Aven,IMA,Iconic Masters,32,normal,common,2,3593,4248b993-87c6-42a8-b800-75d958805440,0.14,false,false,near_mint,en,USD
Stampeding Elk Herd,DTK,Dragons of Tarkir,208,normal,common,1,11606,7e55e213-6eab-4086-96cd-024de6150fbe,0.05,false,false,near_mint,en,USD
Starfall Invocation,BLB,Bloomburrow,298,normal,rare,1,95903,29fe9b09-383a-4cf6-9e2c-bd00499e5eb0,1.05,false,false,near_mint,en,USD
Starlight Snare,FDN,Foundations,514,normal,common,1,101549,74fb19b2-4f6c-4cbd-8756-a7eb5c7c9ef6,0.17,false,false,near_mint,en,USD
Starlit Mantle,THB,Theros Beyond Death,67,normal,common,1,46995,68c53625-6928-494a-af87-7eee2f6643a5,0.04,false,false,near_mint,en,USD
Starry-Eyed Skyrider,TDM,Tarkir: Dragonstorm,25,normal,uncommon,1,104624,4b3cc15e-1c82-454e-b541-4ab47c44814e,0.08,false,false,near_mint,en,USD
Starting Town,FIN,Final Fantasy,289,normal,rare,1,105768,fc7d1912-7e27-49ef-bd98-375d975a42b0,7.34,false,false,near_mint,en,USD
Startle,MID,Innistrad: Midnight Hunt,78,normal,common,1,63195,35f68eb3-9b40-4967-a52e-f95aec6e3fbf,0.08,false,false,near_mint,en,USD
Static Prison,MH3,Modern Horizons 3,44,normal,uncommon,1,94645,dd16222e-349c-4a2b-a7c8-8eb35a8ab332,0.24,false,false,near_mint,en,USD
Static Snare,TDM,Tarkir: Dragonstorm,26,normal,uncommon,1,104478,1ce50932-03a6-48bc-8aee-bc8defd896cf,0.07,false,false,near_mint,en,USD
Staunch Throneguard,CMM,Commander Masters,412,normal,common,1,84927,d60160a6-8786-4488-b373-6599221341e5,0.05,false,false,near_mint,en,USD
Staunch-Hearted Warrior,UMA,Ultimate Masters,185,normal,common,1,43329,c754202d-adc9-4d02-b1b3-ec253f7e637a,0.04,false,false,near_mint,en,USD
Steel Overseer,PIP,Fallout,241,normal,rare,2,92691,ca078f45-b4eb-4b5b-87cb-80b6c0ba5f31,0.42,false,false,near_mint,en,USD
Steel Sabotage,2XM,Double Masters,70,normal,common,1,52188,c227437d-1fc7-4a00-ace5-80795adc51d3,0.17,false,false,near_mint,en,USD
Steel-Plume Marshal,JMP,Jumpstart,5,normal,rare,1,51535,ddbcb165-0a60-493a-8cbb-ba8b36c527da,0.4,false,false,near_mint,en,USD
Steelfin Whale,MH2,Modern Horizons 2,65,normal,common,1,59638,7e7ca8b6-d7e0-4af2-a578-bf45a8731c19,0.07,false,false,near_mint,en,USD
Step Through,MH2,Modern Horizons 2,66,normal,common,1,59617,716534cb-aa89-4de7-9aa5-8d8aa4422a6a,0.22,false,false,near_mint,en,USD
Stern Lesson,BRO,The Brothers' War,64,normal,common,5,75374,3151caa2-10ed-4f30-83eb-cd1bd3f642ce,0.09,false,false,near_mint,en,USD
Sticky Fingers,PIP,Fallout,191,normal,common,1,92881,f748393d-5845-45d7-96e9-bbdbb701151f,0.21,false,false,near_mint,en,USD
Stickytongue Sentinel,BLB,Bloomburrow,193,normal,common,1,96105,b5fa9651-b217-4f93-9c46-9bdb11feedcb,0.04,false,false,near_mint,en,USD
"Stiltzkin, Moogle Merchant",FIN,Final Fantasy,34,normal,rare,1,103775,06a972a4-0c1b-4f12-a5a5-fdea47c4cd35,0.15,false,false,near_mint,en,USD
Stingerfling Spider,CMR,Commander Legends,258,normal,uncommon,1,56015,18f45424-2c26-43fa-9afe-eeb22ce772e1,0.13,false,false,near_mint,en,USD
Stinging Hivemaster,ONE,Phyrexia: All Will Be One,110,normal,common,2,78858,cdbbcbe1-5317-455e-8d71-a4e2ad0addfc,0.07,false,false,near_mint,en,USD
Stinging Lionfish,THB,Theros Beyond Death,69,normal,uncommon,1,46993,0162a0b8-a2d1-4664-a445-331aee6d5175,0.12,false,false,near_mint,en,USD
Stingscourger,TSR,Time Spiral Remastered,192,normal,common,1,57884,d6bcc2bc-75a7-4b01-856b-4e0b8703e302,0.07,false,false,near_mint,en,USD
Stirge,CLB,Commander Legends: Battle for Baldur's Gate,150,normal,common,1,69002,4b1d59fb-c3ff-4995-a695-51f2a4dae404,0.1,false,false,near_mint,en,USD
Stitch Together,FIC,Final Fantasy Commander,286,normal,uncommon,1,105988,73f1aa13-b3bc-480e-826c-6bded7ee1ca6,0.64,false,false,near_mint,en,USD
Stitched Assistant,VOW,Innistrad: Crimson Vow,81,normal,common,3,64399,c1debb8c-d5e0-49e5-ab27-2d50e6f9d8d2,0.05,false,false,near_mint,en,USD
Stitched Drake,UMA,Ultimate Masters,72,normal,common,1,43428,736f293a-10b5-43bc-8aad-cb63f00601a6,0.07,false,false,near_mint,en,USD
Stitched Mangler,INR,Innistrad Remastered,87,normal,common,1,102825,e90cb0f1-d6fa-4a73-83bb-8870e59b1d7d,0.05,false,false,near_mint,en,USD
Stitcher's Apprentice,UMA,Ultimate Masters,73,normal,common,1,43427,717e34b9-161e-4b11-afb1-f41ee8027433,0.09,false,false,near_mint,en,USD
Stitcher's Supplier,FIC,Final Fantasy Commander,287,normal,uncommon,1,106249,fa6c734a-672b-44cb-9232-5688e3534ccc,0.19,false,false,near_mint,en,USD
Stitchwing Skaab,SOI,Shadows over Innistrad,90,normal,uncommon,1,8906,f84bb1ce-a8a0-4a29-9129-b1d7041fd01a,0.08,false,false,near_mint,en,USD
Stolen Uniform,FIN,Final Fantasy,332,normal,uncommon,4,106509,0cf03aad-0562-4d29-8c70-dc529c3a3961,0.22,false,false,near_mint,en,USD
Stolen Vitality,MID,Innistrad: Midnight Hunt,161,normal,common,1,63451,d50df2dd-8d14-4d92-ab4e-bf9f9f147e91,0.05,false,false,near_mint,en,USD
Stone Golem,M20,Core Set 2020,240,normal,common,1,45220,1b4de70a-729b-4566-b6f3-c76f551405a5,0.05,false,false,near_mint,en,USD
Stone Idol Generator,M3C,Modern Horizons 3 Commander,129,normal,rare,1,94814,cdf7fbd6-ec78-4d1b-a9fc-a6581e3afe27,0.13,false,false,near_mint,en,USD
Stone Quarry,CMR,Commander Legends,495,normal,uncommon,2,56154,aa3575e1-7d2c-4777-b469-16f7483bb8e7,0.06,false,false,near_mint,en,USD
Stone Retrieval Unit,BRO,The Brothers' War,248,normal,common,12,75864,e8a36d1f-f6cc-4962-9ad6-589f7b3e5f95,0.04,false,false,near_mint,en,USD
Stonerise Spirit,STX,Strixhaven: School of Mages,32,normal,common,2,58059,388f2e45-570f-4a35-b205-37e1345b5d06,0.06,false,false,near_mint,en,USD
Storm Herd,KHC,Kaldheim Commander,33,normal,rare,1,57200,2345331c-a14f-4b4b-a9a4-88c5beb48242,0.5,false,false,near_mint,en,USD
Storm Skreelix,MID,Innistrad: Midnight Hunt,243,normal,uncommon,1,63292,6c49618f-2e9e-4674-9953-153ccc76cce2,0.06,false,false,near_mint,en,USD
Storm-Kiln Artist,TDC,Tarkir: Dragonstorm Commander,235,normal,uncommon,1,104476,1b8c1345-4279-4e29-b58c-efacccb8e47f,1.63,false,false,near_mint,en,USD
Stormbeacon Blade,TDM,Tarkir: Dragonstorm,27,normal,uncommon,1,105176,f2f12684-c80a-422b-9c3f-ed4f31742b9d,0.06,false,false,near_mint,en,USD
Stormblood Berserker,CLU,Ravnica: Clue Edition,149,normal,uncommon,2,91127,af41bf13-fe4b-4a77-93fb-1848f83d5968,0.13,false,false,near_mint,en,USD
Stormchaser Drake,VOW,Innistrad: Crimson Vow,82,normal,uncommon,2,64165,3dd5c860-9d27-40d9-af38-aaf40bd52423,0.19,false,false,near_mint,en,USD
Stormfist Crusader,DSC,Duskmourn: House of Horror Commander,234,normal,rare,1,99048,0b420ce8-3dd1-430b-a090-4b4e8dcb6aa9,0.38,false,false,near_mint,en,USD
Stormplain Detainment,TDM,Tarkir: Dragonstorm,28,normal,common,3,104135,39f3aab5-7b54-4b55-8114-c6f9f79c255d,0.03,false,false,near_mint,en,USD
Stormrider Spirit,MID,Innistrad: Midnight Hunt,79,normal,common,1,63325,81a95edb-9f5b-4e42-8b27-0b3d978dcefe,0.04,false,false,near_mint,en,USD
Stormshriek Feral // Flush Out,TDM,Tarkir: Dragonstorm,124,normal,common,2,104447,0ec92c44-7cf0-48a5-a3ca-bc633496d887,0.05,false,false,near_mint,en,USD
Strago and Relm,FIC,Final Fantasy Commander,59,normal,rare,2,106105,a8c971d0-9ac4-4b34-ae19-1152c1c9dac1,0.13,false,false,near_mint,en,USD
Strategic Betrayal,TDM,Tarkir: Dragonstorm,94,normal,uncommon,1,105145,95617742-548d-464a-bb89-a858ffa9018f,0.39,false,false,near_mint,en,USD
Strategic Planning,CMR,Commander Legends,101,normal,common,1,56133,91e14952-1a6a-4c6a-8def-54846108b542,0.06,false,false,near_mint,en,USD
Stratus Walk,ORI,Magic Origins,77,normal,common,2,10865,947bb8f3-51f5-4fbe-9098-7e48f9fe1452,0.05,false,false,near_mint,en,USD
Street Wraith,DMR,Dominaria Remastered,102,normal,common,1,77925,5d09cc57-2275-4b6b-aaf6-a6d781cd9365,0.12,false,false,near_mint,en,USD
Strength of Solidarity,ZNR,Zendikar Rising,206,normal,common,5,54428,090b3da4-c942-480e-9997-bb9c20e8d62d,0.04,false,false,near_mint,en,USD
Strength of the Pack,CMR,Commander Legends,259,normal,uncommon,1,56120,81a1ba0c-1131-4b16-9a11-90947cdb6292,0.09,false,false,near_mint,en,USD
Strixhaven Stadium,FCA,Final Fantasy: Through the Ages,63,normal,uncommon,2,106361,bcf0d751-5c47-4531-add4-acd07b82adf5,0.17,false,false,near_mint,en,USD
Stroke of Midnight,FCA,Final Fantasy: Through the Ages,26,normal,uncommon,1,106574,711135d0-7769-4154-873a-e2505f8795f0,0.47,false,false,near_mint,en,USD
Stromkirk Bloodthief,FDN,Foundations,185,normal,uncommon,1,97176,485d6a5a-2054-47d5-91b8-71ce308ed4dc,0.07,false,false,near_mint,en,USD
Strong Back,PIP,Fallout,83,normal,rare,1,92089,3f65afa5-e4f7-49c2-97f9-47ad5dbcacfa,0.48,false,false,near_mint,en,USD
Structural Collapse,GTC,Gatecrash,107,normal,common,1,16717,d10da484-db67-4afc-90ef-6caf7d2e3a75,0.03,false,false,near_mint,en,USD
Stuck in Summoner's Sanctum,FIN,Final Fantasy,76,normal,common,7,106562,6678501e-6349-4e37-ab4c-a31a3d408d52,0.08,false,false,near_mint,en,USD
Student of Ojutai,IMA,Iconic Masters,33,normal,common,1,3592,df49884b-9e12-488c-8381-ec543349b97b,0.06,false,false,near_mint,en,USD
Study Break,STX,Strixhaven: School of Mages,34,normal,common,1,58379,ef7cd813-0781-4fd7-8748-2716e1eeb4b9,0.05,false,false,near_mint,en,USD
Stuffed Bear,MID,Innistrad: Midnight Hunt,259,normal,common,1,63233,4cd40276-016b-475f-906f-74d31dceaf70,0.07,false,false,near_mint,en,USD
Stun,INV,Invasion,172,normal,common,1,33161,d22f3ae8-a40b-4dab-abf4-3ab7b05191f7,0.2,false,false,near_mint,en,USD
Sublime Epiphany,FIC,Final Fantasy Commander,271,normal,rare,1,106101,a71d0330-ae9b-48c4-802b-b2383958e0d4,0.18,false,false,near_mint,en,USD
Sublime Epiphany,TDC,Tarkir: Dragonstorm Commander,167,normal,rare,1,104450,0f7d3839-0bc3-402b-b9ea-c903f82d39da,0.18,false,false,near_mint,en,USD
Subtle Strike,ZNR,Zendikar Rising,128,normal,common,3,54442,0d3f531a-ce45-4cba-be24-6db749e38abd,0.03,false,false,near_mint,en,USD
Sudden Breakthrough,STX,Strixhaven: School of Mages,116,normal,common,1,58274,b011707a-471b-41c2-bc73-376a55d26bee,0.15,false,false,near_mint,en,USD
Suffocating Fumes,IKO,Ikoria: Lair of Behemoths,100,normal,common,2,49977,66b562e4-35df-4aee-848d-ceb4204bbe58,0.14,false,false,near_mint,en,USD
Suit Up,NEO,Kamigawa: Neon Dynasty,81,normal,common,3,66696,50870bfd-7779-4a1c-b18f-57fac7e193b1,0.03,false,false,near_mint,en,USD
Sulfur Falls,LTC,Tales of Middle-earth Commander,333,normal,rare,1,83329,9ac747b1-db9a-463f-b222-cb46bb0a43f8,0.36,false,false,near_mint,en,USD
Sulfur Falls,EOC,Edge of Eternities Commander,184,normal,rare,1,107245,258b1cc2-ce3c-4219-808c-812548a7dd12,0.26,false,false,near_mint,en,USD
Sulfuric Vortex,DMR,Dominaria Remastered,144,normal,rare,1,77849,3253a624-50cc-4a8a-9b0c-9902aa53775f,1.57,false,false,near_mint,en,USD
Sulfurous Springs,EOC,Edge of Eternities Commander,185,normal,rare,1,107202,eedb9df2-20d3-4cfd-8aed-336edc37d5a9,0.6,false,false,near_mint,en,USD
Sulfurous Springs,FIC,Final Fantasy Commander,427,normal,rare,1,105889,35b403ee-62cc-4f67-911e-4bf26e495374,0.79,false,false,near_mint,en,USD
Sultai Devotee,TDM,Tarkir: Dragonstorm,160,normal,common,2,104358,c32487e9-f3ac-472e-b6ea-81bd9254770c,0.04,false,false,near_mint,en,USD
Sultai Skullkeeper,UMA,Ultimate Masters,75,normal,common,3,43425,f83c3936-1d30-4b1b-85ae-64c2be7d37c0,0.06,false,false,near_mint,en,USD
Summon: Anima,FIN,Final Fantasy,120,normal,uncommon,4,106356,aa4f6703-21f8-4c29-ad5a-5afb54188ade,0.87,false,false,near_mint,en,USD
Summon: Brynhildr,FIN,Final Fantasy,160,normal,rare,1,106588,8ab5429a-1075-49aa-9608-0610080fbf7a,0.28,false,false,near_mint,en,USD
Summon: Choco/Mog,FIN,Final Fantasy,35,normal,common,5,106493,00546117-018a-4286-bc20-b5446c5be56f,0.05,false,false,near_mint,en,USD
Summon: Esper Ramuh,FIN,Final Fantasy,367,normal,uncommon,3,106290,a6edb808-9753-4029-81ed-60a91ebc1d77,0.29,false,false,near_mint,en,USD
Summon: Esper Valigarmanda,FIC,Final Fantasy Commander,60,normal,rare,1,105646,7f0298b4-c7ca-49b8-baaa-b9fad4c2bfd5,0.21,false,false,near_mint,en,USD
Summon: Fat Chocobo,FIN,Final Fantasy,371,normal,common,7,106615,a44ae92c-4894-4172-82b3-11e2e94653ef,0.33,false,false,near_mint,en,USD
Summon: Fenrir,FIN,Final Fantasy,203,normal,uncommon,3,105669,93feb9d5-d004-4598-a448-b3488c869c05,0.22,false,false,near_mint,en,USD
Summon: G.F. Cerberus,FIN,Final Fantasy,162,normal,rare,2,106653,d0e5cbd4-401b-4456-80bf-d90beadfd1f8,0.21,false,false,near_mint,en,USD
Summon: G.F. Ifrit,FIN,Final Fantasy,163,normal,common,6,106648,c6c73092-5195-4bdc-b039-a699f6e297b2,0.05,false,false,near_mint,en,USD
Summon: Good King Mog XII,FIC,Final Fantasy Commander,26,normal,rare,1,106147,c14098d6-28ae-492f-8ffc-7d115d83ce6a,0.23,false,false,near_mint,en,USD
Summon: Ixion,FIC,Final Fantasy Commander,27,normal,rare,2,106115,acb35dcb-0bee-4deb-88bf-ffa1f110c67b,0.21,false,false,near_mint,en,USD
Summon: Kujata,FIC,Final Fantasy Commander,61,normal,rare,1,106136,ba934866-efd0-4126-b1ff-9c7e82b73bd6,0.16,false,false,near_mint,en,USD
Summon: Leviathan,FIN,Final Fantasy,77,normal,rare,2,106299,ea7f26a9-b203-4ee7-88f1-3d9c77a25bcb,0.44,false,false,near_mint,en,USD
Summon: Magus Sisters,FIC,Final Fantasy Commander,71,normal,rare,1,105991,76a8cae7-e6ea-45eb-be8d-0e6a29b98aa6,0.22,false,false,near_mint,en,USD
Summon: Primal Garuda,FIN,Final Fantasy,37,normal,uncommon,2,106370,e44497a8-067e-454e-a9c0-684f03df55ff,0.07,false,false,near_mint,en,USD
Summon: Primal Odin,FIN,Final Fantasy,121,normal,rare,1,105658,8b1b5f06-e34d-44a3-976e-5157c4b7a0f4,1.1,false,false,near_mint,en,USD
Summon: Shiva,FIN,Final Fantasy,362,normal,uncommon,4,103783,340b2b03-1b20-411c-ba30-2be77655290a,0.6,false,false,near_mint,en,USD
Summon: Titan,FIN,Final Fantasy,204,normal,rare,2,106433,5ce6ea96-7293-496d-b9c8-8ed6d6109a4d,1.0,false,false,near_mint,en,USD
Summon: Valefor,FIC,Final Fantasy Commander,42,normal,rare,1,106204,e0474d99-48e5-4e60-8cd6-537a10bcfea5,0.22,false,false,near_mint,en,USD
Summon: Yojimbo,FIC,Final Fantasy Commander,28,normal,rare,1,106169,cdbc2d28-ea35-47c6-af7e-07924e9d5794,1.65,false,false,near_mint,en,USD
Summoner's Grimoire,FIN,Final Fantasy,205,normal,rare,2,105730,d9fda3fc-569d-49f8-a2ed-e0b1d6668426,0.17,false,false,near_mint,en,USD
Summoner's Sending,FIC,Final Fantasy Commander,29,normal,rare,1,106014,8150be1a-4bac-4c67-9165-9d6fc04a69cc,0.14,false,false,near_mint,en,USD
Summoning Materia,FIC,Final Fantasy Commander,72,normal,rare,2,105837,176401fb-f87c-4085-9dac-e6c8a843e32e,0.16,false,false,near_mint,en,USD
Sun Titan,FIC,Final Fantasy Commander,254,normal,mythic,1,106207,e135d544-2a3e-4b22-ae4d-6c2203769e2a,0.29,false,false,near_mint,en,USD
Sun-Blessed Healer,FDN,Foundations,25,normal,uncommon,1,100332,323d029e-9a88-4188-b3a4-38ef32cffc9f,0.12,false,false,near_mint,en,USD
Sunbird's Invocation,C21,Commander 2021,180,normal,rare,1,58597,75c1eb6a-2183-4f60-b075-f7289df35be7,0.34,false,false,near_mint,en,USD
Sunblade Samurai,NEO,Kamigawa: Neon Dynasty,315,normal,common,3,66588,a32e2ad3-c5fb-4072-aabf-6cb9538db3ca,0.07,false,false,near_mint,en,USD
Sunblast Angel,AFC,Forgotten Realms Commander,74,normal,rare,1,60745,680f7d5c-d518-4ebb-92d5-e835cd9eafe0,0.55,false,false,near_mint,en,USD
Sungold Barrage,MID,Innistrad: Midnight Hunt,36,normal,common,3,63496,ee507688-9890-47c4-bb04-43c51eb48e22,0.04,false,false,near_mint,en,USD
Sungrass Prairie,FIC,Final Fantasy Commander,428,normal,rare,2,106016,81e28e36-893f-4b34-aef7-5f2c15dc231c,0.18,false,false,near_mint,en,USD
Sungrass Prairie,PIP,Fallout,295,normal,rare,1,92677,c61db976-f33e-4904-829c-b9ec11a7eeb0,0.2,false,false,near_mint,en,USD
Sunken Hollow,FIC,Final Fantasy Commander,429,normal,rare,1,105896,3eb96a33-46db-4d84-9a7f-9bb6a19a1a93,0.33,false,false,near_mint,en,USD
Sunken Ruins,FIC,Final Fantasy Commander,430,normal,rare,1,105871,2dbd21b1-d6cf-4d10-8a31-aa52208c95d7,2.84,false,false,near_mint,en,USD
Sunlit Marsh,FIC,Final Fantasy Commander,431,normal,common,2,105922,4b163c67-2e88-4181-90c9-3f15eba59d03,0.12,false,false,near_mint,en,USD
Sunpetal Grove,PIP,Fallout,297,normal,rare,1,91824,011bd068-32f4-4055-930d-afd2015fb41a,0.7,false,false,near_mint,en,USD
Sunpetal Grove,FIC,Final Fantasy Commander,432,normal,rare,2,105945,5b0275b1-64bc-4c78-ac1a-9bd31399b946,0.29,false,false,near_mint,en,USD
Sunscorch Regent,FIC,Final Fantasy Commander,255,normal,rare,1,105858,25774e8c-bbc1-4a53-926c-7c01c2ac908f,0.2,false,false,near_mint,en,USD
Sunscorched Divide,FIC,Final Fantasy Commander,433,normal,rare,2,106021,84b648e4-d9c2-426f-8b2a-ef88e9eb25ac,0.17,false,false,near_mint,en,USD
Sunscorched Divide,PIP,Fallout,153,normal,rare,1,92886,f84a8f54-9ede-40ee-a783-e58a7e4f2e94,0.2,false,false,near_mint,en,USD
Sunshower Druid,BLB,Bloomburrow,195,normal,common,2,95630,7740abc5-54e1-478d-966e-0fa64e727995,0.05,false,false,near_mint,en,USD
Sunspear Shikari,CMM,Commander Masters,62,normal,common,1,84201,303df3ba-1258-4141-ace2-577f9e89a14c,0.05,false,false,near_mint,en,USD
Super Mutant Scavenger,PIP,Fallout,85,normal,uncommon,1,92104,41f48a99-eaf7-42ec-bab3-9ebbc735a82a,0.08,false,false,near_mint,en,USD
Supernatural Rescue,VOW,Innistrad: Crimson Vow,37,normal,common,1,64326,960ca69c-916d-4af3-82a4-5f6fb614d6a4,0.04,false,false,near_mint,en,USD
Suplex,FIN,Final Fantasy,164,normal,common,8,106376,f61693a2-7042-44e0-85ba-9bf12ab94e7e,0.12,false,false,near_mint,en,USD
Suppression Ray // Orderly Plaza,MH3,Modern Horizons 3,260,normal,uncommon,1,94338,0cccd328-457a-48ab-97fb-4bc319db2e60,0.12,false,false,near_mint,en,USD
Supreme Verdict,CLU,Ravnica: Clue Edition,211,normal,rare,1,90795,3892f1c5-937e-4ef4-b6f9-e0c0ded070d0,2.06,false,false,near_mint,en,USD
Supreme Will,CMR,Commander Legends,102,normal,uncommon,2,55974,fcf7fd8a-adc3-4099-8e30-08375f263446,0.08,false,false,near_mint,en,USD
Sure Strike,M21,Core Set 2021,163,normal,common,1,50694,064a6f1c-a058-4cc8-b467-5dbecb5eeb99,0.02,false,false,near_mint,en,USD
Sure-Footed Infiltrator,ZNR,Zendikar Rising,83,normal,uncommon,1,54415,0505053c-8a9c-43ed-b44a-b52c56ba4f77,0.03,false,false,near_mint,en,USD
Surge Node,2XM,Double Masters,294,normal,common,1,52158,743fc231-2ab3-42f1-9dd3-af42241229aa,0.12,false,false,near_mint,en,USD
Surgical Skullbomb,ONE,Phyrexia: All Will Be One,243,normal,common,1,78723,98c2b2af-739f-413c-8c36-da6f78df0acb,0.05,false,false,near_mint,en,USD
"Surrak, Elusive Hunter",TDM,Tarkir: Dragonstorm,161,normal,rare,1,105015,e4775a26-0b66-40e9-8f64-41d9308ca032,0.32,false,false,near_mint,en,USD
Survivor of Korlis,BRO,The Brothers' War,28,normal,common,1,75590,817bcc8d-a5b7-448c-a3eb-825dc65944ec,0.05,false,false,near_mint,en,USD
Suspended Sentence,DSC,Duskmourn: House of Horror Commander,25,normal,rare,1,99104,38c98aa0-bfa1-42f4-b035-a48dac86f0ce,0.4,false,false,near_mint,en,USD
Suspicious Bookcase,CMM,Commander Masters,977,normal,uncommon,1,84241,3803dd5f-32cb-45c3-ab0b-55a706549ba5,0.14,false,false,near_mint,en,USD
"Svella, Ice Shaper",KHM,Kaldheim,230,normal,uncommon,1,57025,a7054d48-5ed3-43a1-85e5-9f306b081b4f,0.1,false,false,near_mint,en,USD
"Svogthos, the Restless Tomb",CM2,Commander Anthology Volume II,270,normal,uncommon,1,1467,ffe08b0f-bb53-40b9-8057-10b60070459b,0.34,false,false,near_mint,en,USD
Swallowed by Leviathan,FIN,Final Fantasy,79,normal,uncommon,2,106521,2270642d-fe2a-4265-aff0-a24a43ebe0a1,0.06,false,false,near_mint,en,USD
Swamp,DMR,Dominaria Remastered,407,normal,common,2,77759,01c46b9a-07ea-40ab-9a2b-5bee8e7d3496,0.27,false,false,near_mint,en,USD
Swamp,DDQ,Duel Decks: Blessed vs. Cursed,76,normal,common,2,9107,086468db-5ecb-4b57-90a8-041eff6faad8,0.08,false,false,near_mint,en,USD
Swamp,ZNR,Zendikar Rising,273,normal,common,2,54489,26142ae3-5aa1-4b9b-989a-21c0e4e5089d,0.22,false,false,near_mint,en,USD
Swamp,FIN,Final Fantasy,302,normal,common,21,105546,08ec1e4f-e284-4216-a022-bd94c4dae02b,0.16,false,false,near_mint,en,USD
Swamp,ONE,Phyrexia: All Will Be One,269,normal,common,6,78217,187e9fa1-6a50-4697-8645-fea4524e8dde,1.8,false,false,near_mint,en,USD
Swift Reckoning,UMA,Ultimate Masters,39,normal,uncommon,2,43460,820096b5-0d64-47a0-88a4-17d3f24cb165,0.04,false,false,near_mint,en,USD
Swiftfoot Boots,FIC,Final Fantasy Commander,361,normal,uncommon,1,105844,1beee53e-9380-481e-86a6-d13645a6a5a5,1.56,false,false,near_mint,en,USD
Swiftfoot Boots,PIP,Fallout,242,normal,uncommon,1,92119,46d405a1-f951-4043-97bf-887e4fa388ad,1.4,false,false,near_mint,en,USD
Swiftwater Cliffs,FDN,Foundations,268,normal,common,1,101389,fb88667d-7088-4889-960f-317486ebe856,0.06,false,false,near_mint,en,USD
Swooping Lookout,ONE,Phyrexia: All Will Be One,35,normal,uncommon,2,78796,b62c740d-260d-4dfa-b6b3-9a1527538f89,0.07,false,false,near_mint,en,USD
Sword of Forge and Frontier,ONE,Phyrexia: All Will Be One,244,normal,mythic,1,78475,2daa3621-8a2c-4b4b-87ac-f981192a0567,8.97,false,false,near_mint,en,USD
Sword of the Animist,FIC,Final Fantasy Commander,362,normal,rare,1,106103,a822129c-0699-40e2-8639-c1a609a5ba3b,5.54,false,false,near_mint,en,USD
Sword-Swallowing Seraph,UNF,Unfinity,30,normal,uncommon,1,72648,105f7d98-5288-4867-b081-c0541e5d75cc,0.04,false,false,near_mint,en,USD
Swords to Plowshares,FIC,Final Fantasy Commander,256,normal,uncommon,2,105803,06554274-78ee-4bfc-b203-b81cb4639427,1.4,false,false,near_mint,en,USD
Swords to Plowshares,PIP,Fallout,173,normal,uncommon,1,92845,ed55827d-1d72-4884-8a4f-fe7acbedab2c,1.25,false,false,near_mint,en,USD
Swords to Plowshares,TDC,Tarkir: Dragonstorm Commander,134,normal,uncommon,1,105063,f87cf997-14b5-4a2c-a7d1-34b7de6561a2,1.08,false,false,near_mint,en,USD
Sycorax Commander,WHO,Doctor Who,161,normal,rare,1,87248,3d27ceaf-f4cf-489b-b305-552a9d065584,0.15,false,false,near_mint,en,USD
Sylvok Battle-Chair,ONE,Phyrexia: All Will Be One,184,normal,uncommon,2,78625,71c1a1d0-5616-42f8-a59c-42c1ccd48d26,0.03,false,false,near_mint,en,USD
Symbiosis,BRB,Battle Royale Box Set,85,normal,common,1,33975,ffc15aa3-a0cd-43bc-a4e5-89c55766e4da,0.3,false,false,near_mint,en,USD
Synchronized Charge,TDM,Tarkir: Dragonstorm,162,normal,uncommon,1,104484,1f721f8d-fd2f-480b-8645-4bf6ce38dde9,0.09,false,false,near_mint,en,USD
Synchronized Spellcraft,ZNR,Zendikar Rising,168,normal,common,2,54769,d87f4637-1ad3-4d61-98ff-98c0b0be46a1,0.05,false,false,near_mint,en,USD
Syncopate,FIN,Final Fantasy,80,normal,common,5,106409,83e1cd8d-5b97-427a-be75-2a1947f9c59b,0.07,false,false,near_mint,en,USD
Syncopate,INR,Innistrad Remastered,89,normal,common,3,102690,9aebd769-7ae3-4dac-81ea-458061762cce,0.03,false,false,near_mint,en,USD
Synth Eradicator,PIP,Fallout,67,normal,rare,2,92408,87fc7b54-26e5-4b0d-b2bb-be8f977f752b,0.13,false,false,near_mint,en,USD
Synth Infiltrator,PIP,Fallout,40,normal,rare,1,92091,3fe16bc4-8457-4c5f-902a-0746112e80a4,0.22,false,false,near_mint,en,USD
Syphon Essence,VOW,Innistrad: Crimson Vow,84,normal,common,2,64173,435a2d31-ac2c-45aa-8369-6c2d6fbba4e4,0.05,false,false,near_mint,en,USD
Syphon Mind,FIC,Final Fantasy Commander,288,normal,common,1,105958,601be092-2353-4b86-ac01-e8fbdbed29b7,0.25,false,false,near_mint,en,USD
"Syr Konrad, the Grim",FCA,Final Fantasy: Through the Ages,10,normal,uncommon,2,105946,5b40815d-0104-461e-b193-fcf5e1f35299,0.4,false,false,near_mint,en,USD
Séance Board,DSC,Duskmourn: House of Horror Commander,40,normal,rare,1,99185,65a6c25f-860e-401f-ac01-d16e4327248d,0.63,false,false,near_mint,en,USD
T-45 Power Armor,PIP,Fallout,145,normal,rare,2,91942,203b1cb3-5eae-469a-8a5a-2e56dc859f78,0.14,false,false,near_mint,en,USD
"Taborax, Hope's Demise",J25,Foundations Jumpstart,69,normal,rare,1,100493,505ffef6-511b-4eca-85e1-195a56004611,0.22,false,false,near_mint,en,USD
Tail Slash,DTK,Dragons of Tarkir,161,normal,common,1,11653,91a59f12-8d1b-4378-abb8-e266d9b6cdba,0.13,false,false,near_mint,en,USD
Tainted Isle,DSC,Duskmourn: House of Horror Commander,303,normal,uncommon,1,99202,70e8e7e2-e9ea-4358-805e-c5110c8d8443,0.28,false,false,near_mint,en,USD
Tainted Observer,ONE,Phyrexia: All Will Be One,217,normal,uncommon,2,78804,b9cba67a-b714-49b0-9797-24aca283f162,0.12,false,false,near_mint,en,USD
Tajuru Blightblade,ZNR,Zendikar Rising,208,normal,common,3,54627,7f3d6020-6767-406c-bf28-6b3e9ae72f50,0.1,false,false,near_mint,en,USD
Tajuru Snarecaster,ZNR,Zendikar Rising,210,normal,common,2,54786,e1894cf9-7d53-4b7e-aaae-8db42bdd8e49,0.07,false,false,near_mint,en,USD
Take Inventory,EMN,Eldritch Moon,76,normal,common,1,8260,a3584150-4f09-4c15-b13e-707bd91b3004,0.1,false,false,near_mint,en,USD
Take Out the Trash,BLB,Bloomburrow,156,normal,common,1,95940,7a1c6f00-af4c-4d35-b682-6c0e759df9a5,0.04,false,false,near_mint,en,USD
Talisman of Conviction,PIP,Fallout,243,normal,uncommon,2,92787,dec517e7-bc4d-4986-ba3c-89866a29991d,0.29,false,false,near_mint,en,USD
Talisman of Conviction,FIC,Final Fantasy Commander,363,normal,uncommon,1,105796,029fb369-f5ef-4768-8c0b-23d3cfd023d9,0.23,false,false,near_mint,en,USD
Talisman of Conviction,TDC,Tarkir: Dragonstorm Commander,329,normal,uncommon,2,105041,efeafc9d-a953-4915-8342-725836d0f645,0.25,false,false,near_mint,en,USD
Talisman of Creativity,TDC,Tarkir: Dragonstorm Commander,330,normal,uncommon,1,104926,bfe00640-e775-4b2e-91a8-081c7ec0125c,1.76,false,false,near_mint,en,USD
Talisman of Creativity,PIP,Fallout,244,normal,uncommon,1,92418,89d318b7-5c82-40a7-a63e-d8e72938624f,1.6,false,false,near_mint,en,USD
Talisman of Curiosity,DRC,Aetherdrift Commander,140,normal,uncommon,1,103002,40bccd95-acd9-48d1-817c-b07f95234427,0.24,false,false,near_mint,en,USD
Talisman of Dominance,DRC,Aetherdrift Commander,141,normal,uncommon,2,103178,939cc767-0de1-4d94-a1f9-fe07e923d343,1.01,false,false,near_mint,en,USD
Talisman of Dominance,FIC,Final Fantasy Commander,364,normal,uncommon,1,106159,c7fb7ff7-aef0-4893-a120-e17a082cd07f,1.38,false,false,near_mint,en,USD
Talisman of Hierarchy,FIC,Final Fantasy Commander,365,normal,uncommon,1,106000,79696e14-837f-431a-b5fb-fe3620bb8262,0.57,false,false,near_mint,en,USD
Talisman of Hierarchy,TDC,Tarkir: Dragonstorm Commander,331,normal,uncommon,2,104753,7a283444-2cb5-4dd2-8d20-e8cb90ac0ffe,0.48,false,false,near_mint,en,USD
Talisman of Impulse,TDC,Tarkir: Dragonstorm Commander,332,normal,uncommon,1,104643,5135919f-7b10-4a2e-a98a-83ed1347ad36,0.25,false,false,near_mint,en,USD
Talisman of Indulgence,FIC,Final Fantasy Commander,366,normal,uncommon,1,105824,0f7b46ae-2cd4-407b-a97a-d112a5b6b86b,1.55,false,false,near_mint,en,USD
Talisman of Progress,TDC,Tarkir: Dragonstorm Commander,333,normal,uncommon,2,104836,9d6a5ed4-54b3-4660-8d41-953336f2fe74,0.28,false,false,near_mint,en,USD
Talisman of Progress,FIC,Final Fantasy Commander,367,normal,uncommon,1,105872,2dc4dfe7-ae80-4a6e-b588-fd497c35fe37,0.35,false,false,near_mint,en,USD
Talisman of Progress,PIP,Fallout,249,normal,uncommon,2,92029,3290b095-7f4f-452d-b54d-b4290d182c8d,0.34,false,false,near_mint,en,USD
Talisman of Resilience,PIP,Fallout,250,normal,uncommon,1,92156,4ebf1082-624c-4b9d-a57f-672ccbef4987,0.28,false,false,near_mint,en,USD
Tamiyo's Immobilizer,ONE,Phyrexia: All Will Be One,69,normal,uncommon,2,78887,daa20112-2955-439d-8802-3a228ba0832e,0.03,false,false,near_mint,en,USD
Tamiyo's Logbook,ONE,Phyrexia: All Will Be One,70,normal,uncommon,3,78399,0edb2d01-9a94-410c-8ab7-ca1b404ab5f0,0.05,false,false,near_mint,en,USD
Tamiyo's Notebook,TNEO,Kamigawa: Neon Dynasty Tokens,16,normal,common,1,67118,992cb1e0-e846-4710-b49e-a748e4ebffa5,0.42,false,false,near_mint,en,USD
Tangled Florahedron // Tangled Vale,ZNR,Zendikar Rising,211,normal,uncommon,2,54483,235d1ffc-72aa-40a2-95dc-3f6a8d495061,0.27,false,false,near_mint,en,USD
Tangled Islet,FIC,Final Fantasy Commander,434,normal,common,1,106201,defd23e2-9459-45b1-ba18-3661b220fac6,0.16,false,false,near_mint,en,USD
Tanglesap,ZEN,Zendikar,186,normal,common,1,22438,a3c4e15b-7460-4d61-a209-6de27e4df6bb,0.09,false,false,near_mint,en,USD
Tar Pitcher,EVG,Duel Decks Anthology: Elves vs. Goblins,53,normal,uncommon,2,12363,30f40e38-2fcc-4927-9ce2-2080fa2d832c,0.21,false,false,near_mint,en,USD
"Tariel, Reckoner of Souls",2X2,Double Masters 2022,281,normal,rare,1,70452,b588dc15-68e6-4cbb-9345-a921c10f862d,1.75,false,false,near_mint,en,USD
Tattered Apparition,DMU,Dominaria United,111,normal,common,1,71216,0368e91c-31ee-4b81-a361-30a4555b1a42,0.04,false,false,near_mint,en,USD
"Tatyova, Benthic Druid",CMM,Commander Masters,687,normal,uncommon,1,84280,402f8d9d-422a-43c8-903e-9b3e87142bb3,0.53,false,false,near_mint,en,USD
Taunting Arbormage,ZNR,Zendikar Rising,212,normal,uncommon,2,54750,ca6f8996-bf72-4e55-944f-5b8202b6068c,0.05,false,false,near_mint,en,USD
Tavern Brawler,CLB,Commander Legends: Battle for Baldur's Gate,200,normal,common,1,69227,b07f8fc3-83a5-4e0a-b87f-ce415292c790,0.1,false,false,near_mint,en,USD
Tavern Ruffian // Tavern Smasher,MID,Innistrad: Midnight Hunt,163,normal,common,2,63167,1d7b2d05-ce5c-4b73-8fa6-d9b69619d58c,0.04,false,false,near_mint,en,USD
Tazeem Raptor,ZNR,Zendikar Rising,43,normal,common,2,54497,299d60b9-0ba7-40ee-b9d0-ee8f1ea288c9,0.06,false,false,near_mint,en,USD
Tazeem Roilmage,ZNR,Zendikar Rising,84,normal,common,1,54601,6f222fb7-375d-4ee2-9ff6-bd71f63ab31a,0.04,false,false,near_mint,en,USD
Teach by Example,FDN,Foundations,666,normal,uncommon,1,100498,516baae5-f7bf-4a90-a80d-192ff19dbae5,0.12,false,false,near_mint,en,USD
Tectonic Giant,DSC,Duskmourn: House of Horror Commander,168,normal,rare,1,99123,4134a2aa-623c-49fc-bd87-26b861860ad5,0.18,false,false,near_mint,en,USD
Teeterpeak Ambusher,ZNR,Zendikar Rising,169,normal,common,3,54691,ad57c2f3-d9cb-4165-bb39-897b5b12689e,0.05,false,false,near_mint,en,USD
Teferi's Ageless Insight,MKC,Murders at Karlov Manor Commander,119,normal,rare,1,90486,b1a32b7c-9f26-4504-9f8d-379164d69346,3.43,false,false,near_mint,en,USD
"Teferi, Mage of Zhalfir",FCA,Final Fantasy: Through the Ages,32,normal,rare,1,106725,9ca8fdd4-7e62-4475-9aed-c227ab3977f7,1.21,false,false,near_mint,en,USD
"Tellah, Great Sage",FIN,Final Fantasy,244,normal,rare,2,106619,a67793ef-ef80-4434-9c54-e3fd8a270bbe,0.19,false,false,near_mint,en,USD
Tempest Angler,BLB,Bloomburrow,235,normal,common,2,95803,850daae4-f0b7-4604-95e7-ad044ec165c3,0.09,false,false,near_mint,en,USD
Tempest Technique,TDC,Tarkir: Dragonstorm Commander,16,normal,rare,1,104673,5d5ee7cc-4854-4b52-ba9b-64d5a401fca1,0.19,false,false,near_mint,en,USD
Temple of Abandon,PIP,Fallout,302,normal,rare,1,92345,7a83e083-bdaf-4f11-9be2-7d148428f479,0.16,false,false,near_mint,en,USD
Temple of Deceit,FDN,Foundations,697,normal,rare,1,101244,e18748ce-e52e-4cd1-89d4-cd2578a0d574,0.2,false,false,near_mint,en,USD
Temple of Enlightenment,EOC,Edge of Eternities Commander,186,normal,rare,2,107342,dd139d4d-3a40-4015-93de-c838c64156c6,0.11,false,false,near_mint,en,USD
Temple of Enlightenment,FIC,Final Fantasy Commander,435,normal,rare,1,106252,fc99e7b0-0f2c-4a2b-938b-abd31b71cd4f,0.14,false,false,near_mint,en,USD
Temple of Enlightenment,PIP,Fallout,304,normal,rare,1,92251,658fec13-a62d-4701-ad8b-9cb08d960253,0.13,false,false,near_mint,en,USD
Temple of Epiphany,EOC,Edge of Eternities Commander,187,normal,rare,2,107309,a4ee2565-a630-4c7b-93c2-8baba3d3441e,0.12,false,false,near_mint,en,USD
Temple of Epiphany,PIP,Fallout,305,normal,rare,1,92024,311d6842-0ba6-494d-b10c-9ac47f78c757,0.18,false,false,near_mint,en,USD
Temple of Malice,FDN,Foundations,701,normal,rare,1,101199,d78eccc4-1500-43f1-94f5-b39c160b6381,0.22,false,false,near_mint,en,USD
Temple of Mystery,FIC,Final Fantasy Commander,436,normal,rare,1,105897,3ede4ff9-b0f6-4075-b7ad-3ec90497d0f6,0.14,false,false,near_mint,en,USD
Temple of Plenty,FIC,Final Fantasy Commander,437,normal,rare,1,105800,04dc78e1-50d8-493a-9c1f-9c1d95343fff,0.17,false,false,near_mint,en,USD
Temple of Plenty,PIP,Fallout,309,normal,rare,1,92270,694d6658-4126-4aea-a2ab-0cffa168e101,0.1,false,false,near_mint,en,USD
Temple of Silence,TDC,Tarkir: Dragonstorm Commander,406,normal,rare,1,104585,41393bce-01c1-4268-907e-de0fa8a76719,0.11,false,false,near_mint,en,USD
Temple of the False God,OTC,Outlaws of Thunder Junction Commander,334,normal,uncommon,1,93938,f55a1775-9672-4f0c-9aab-30ba90f0d1e6,0.18,false,false,near_mint,en,USD
Temple of the False God,FIC,Final Fantasy Commander,438,normal,uncommon,2,106236,f1cb4775-8e14-4c83-a417-40d1432ac90a,0.11,false,false,near_mint,en,USD
Temple of the False God,PIP,Fallout,311,normal,uncommon,1,91953,22223010-1864-483d-b0af-50ca40bc3d0d,0.15,false,false,near_mint,en,USD
Temple of Triumph,EOC,Edge of Eternities Commander,188,normal,rare,3,107274,5d954542-6e10-42ab-a91f-be911b2f71d6,0.1,false,false,near_mint,en,USD
Temple of Triumph,PIP,Fallout,312,normal,rare,1,92324,76721cda-494e-4c77-8b0f-43238a35c040,0.12,false,false,near_mint,en,USD
Temple Thief,THB,Theros Beyond Death,116,normal,common,1,46946,fc4a61aa-75d2-46bc-b13f-b863f5f49d32,0.04,false,false,near_mint,en,USD
Temur Battlecrier,TDM,Tarkir: Dragonstorm,425,foil,rare,1,104380,ee706aa4-3188-47ee-b164-35287b26e677,0.34,false,false,near_mint,en,USD
Temur Charger,KTK,Khans of Tarkir,153,normal,uncommon,1,13245,f77258fc-8683-4656-84a3-4df4ea2a8435,0.07,false,false,near_mint,en,USD
Tend the Pests,STX,Strixhaven: School of Mages,242,normal,uncommon,1,58213,8f43ed93-008d-44db-8204-ef2cc3b7cf8a,0.19,false,false,near_mint,en,USD
Tendrils of Corruption,TSR,Time Spiral Remastered,145,normal,common,1,57840,c338b459-6bb8-4bc7-a6b5-945a09589c05,0.09,false,false,near_mint,en,USD
Tentative Connection,IKO,Ikoria: Lair of Behemoths,138,normal,common,1,49939,5c40fd33-bb95-48f3-a10f-a33eb27c48f1,0.03,false,false,near_mint,en,USD
Tenured Inkcaster,OTC,Outlaws of Thunder Junction Commander,149,normal,uncommon,1,93905,e315f7ab-14c3-4ad6-8d8d-ac83cee39272,0.05,false,false,near_mint,en,USD
"Tergrid, God of Fright // Tergrid's Lantern",KHM,Kaldheim,307,normal,rare,1,57009,9ff4efdf-c0bb-443a-a100-2f3850571e91,16.06,false,false,near_mint,en,USD
Terminal Velocity,EOE,Edge of Eternities,163,normal,rare,1,107696,1d18dc06-16f0-4a3b-8d52-dbf4aa2c393d,0.14,false,false,near_mint,en,USD
Terminate,2X2,Double Masters 2022,284,normal,uncommon,1,70168,3cba6180-a15e-4f7f-8843-e48e69e758a0,0.93,false,false,near_mint,en,USD
"Terra, Herald of Hope",FIC,Final Fantasy Commander,4,normal,mythic,1,103788,5aa1a2d7-6133-41a9-9662-9008d1309935,1.38,false,false,near_mint,en,USD
"Terra, Magical Adept // Esper Terra",FIN,Final Fantasy,245,normal,mythic,1,105766,fbd447aa-588d-4c4d-925e-a7d3bdf6a65c,1.66,false,false,near_mint,en,USD
Terramorphic Expanse,OTC,Outlaws of Thunder Junction Commander,336,normal,common,2,93765,9c418bac-c1d1-4fbf-aaca-7bc36b3913c4,0.12,false,false,near_mint,en,USD
Terramorphic Expanse,PIP,Fallout,313,normal,common,2,92180,548805de-3e2e-4f1f-aafc-d89fddf8288a,0.1,false,false,near_mint,en,USD
Territorial Boar,CLU,Ravnica: Clue Edition,175,normal,common,2,90904,5c8e201d-b182-47fc-830e-a2d0345a5e98,0.09,false,false,near_mint,en,USD
Territorial Scythecat,ZNR,Zendikar Rising,213,normal,common,4,54568,5e0f725c-8d1f-47ff-ad81-a5007199a5e2,0.1,false,false,near_mint,en,USD
Territory Culler,MH3,Modern Horizons 3,173,normal,uncommon,1,94786,9c249aa6-c65c-4572-8e2e-c3899638ecce,0.08,false,false,near_mint,en,USD
Testament Bearer,ONE,Phyrexia: All Will Be One,111,normal,common,1,78748,a5424859-628a-4c19-acd0-0c63c21c8338,0.05,false,false,near_mint,en,USD
"Tetsuko Umezawa, Fugitive",MUL,Multiverse Legends,12,normal,uncommon,1,81645,469beb59-1e57-474e-9dcf-9c13957cbfdd,0.1,false,false,near_mint,en,USD
Tezzeret's Gambit,M3C,Modern Horizons 3 Commander,194,normal,uncommon,1,94794,a48dd983-8d82-4404-a772-7e850c4f5a00,0.17,false,false,near_mint,en,USD
"Thalia, Heretic Cathar",INR,Innistrad Remastered,300,normal,rare,1,102649,8521750a-95c1-4bed-817e-96dae01c2c38,1.51,false,false,near_mint,en,USD
"Thalisse, Reverent Medium",TDC,Tarkir: Dragonstorm Commander,306,normal,uncommon,2,105066,f8cd8b55-2927-4e53-be1e-cc33c35f85b7,0.12,false,false,near_mint,en,USD
Thallid Shell-Dweller,TSR,Time Spiral Remastered,237,normal,common,1,57769,9e1fd5ff-79a2-43d9-bd69-94be175d19b4,0.11,false,false,near_mint,en,USD
Thancred Waters,FIC,Final Fantasy Commander,31,normal,rare,1,106167,cc74ea74-05cf-4a33-84df-94ec34e816fe,0.15,false,false,near_mint,en,USD
Thassa's Bounty,THS,Theros,67,normal,common,3,15597,3ac987ac-3f81-4704-b42c-651f44670641,0.05,false,false,near_mint,en,USD
Thassa's Rebuff,BNG,Born of the Gods,54,normal,uncommon,1,14906,816a6ff7-cede-4346-b3e6-aee33aefac3a,0.15,false,false,near_mint,en,USD
The Antiquities War,DOM,Dominaria,42,normal,rare,1,2234,bbda670a-00a7-419c-b4b5-bfdb323f006d,0.17,false,false,near_mint,en,USD
The Autonomous Furnace,ONE,Phyrexia: All Will Be One,247,normal,common,3,78824,c16f96f5-a2a6-4ac4-bdae-326cee92bf2e,0.08,false,false,near_mint,en,USD
The Big Top,UNF,Unfinity,197,normal,uncommon,5,73173,7e8c98d7-a5c4-41ce-9179-0f06ae72b7f4,0.09,false,false,near_mint,en,USD
The Binding of the Titans,CMM,Commander Masters,886,normal,uncommon,1,84145,22c03969-db08-4af3-8c83-b13750e8b20a,0.1,false,false,near_mint,en,USD
The Birth of Meletis,THB,Theros Beyond Death,5,normal,uncommon,1,47057,d824f8bd-58f8-4796-80b5-5cd3033d35e8,0.19,false,false,near_mint,en,USD
The Crystal's Chosen,FIN,Final Fantasy,14,normal,uncommon,3,105725,d4df4373-0ee6-44e3-81c6-0881c070014c,0.05,false,false,near_mint,en,USD
The Darkness Crystal,FIN,Final Fantasy,96,normal,rare,2,105553,0f93b6ac-54ce-45d0-8549-19307406e6e5,2.39,false,false,near_mint,en,USD
The Dross Pits,ONE,Phyrexia: All Will Be One,251,normal,common,3,78429,19d469f1-2219-4466-9f8a-769ee43e28db,0.08,false,false,near_mint,en,USD
The Earth Crystal,FIN,Final Fantasy,184,normal,rare,1,106451,d585e218-3dc8-4fbd-8ad2-795fbc9b2155,6.16,false,false,near_mint,en,USD
The Emperor of Palamecia // The Lord Master of Hell,FIN,Final Fantasy,219,normal,uncommon,4,105596,3d75e8fd-6139-4b10-9ce3-195b47d72e0c,0.16,false,false,near_mint,en,USD
The Fair Basilica,ONE,Phyrexia: All Will Be One,252,normal,common,2,78371,01d6ba55-7bc0-41c6-84be-8cd528e46a05,0.09,false,false,near_mint,en,USD
"The Falcon, Airship Restored",FIC,Final Fantasy Commander,45,normal,rare,1,105807,080fc2be-d463-4e8e-ba42-8f3cb0c95ed3,0.13,false,false,near_mint,en,USD
The Final Days,FIN,Final Fantasy,101,normal,uncommon,1,106641,bbf01770-6d0f-4015-b4b4-a74a53cb767a,0.08,false,false,near_mint,en,USD
The Fire Crystal,FIN,Final Fantasy,135,normal,rare,1,106457,ea430b17-2014-4b8e-b53f-43bcfc06f7cd,3.88,false,false,near_mint,en,USD
The Gitrog Monster,BLC,Bloomburrow Commander,88,normal,mythic,1,96140,f74298f2-c9f7-4c5d-9fab-8fd8d6952059,9.52,false,false,near_mint,en,USD
The Gold Saucer,FIN,Final Fantasy,279,normal,uncommon,1,106551,5363c881-443d-43df-afd8-f81e1a1741a2,0.17,false,false,near_mint,en,USD
The Hunter Maze,ONE,Phyrexia: All Will Be One,253,normal,common,1,78588,6389c242-2139-4f12-af30-2b080a1c5e83,0.07,false,false,near_mint,en,USD
The Lunar Whale,FIN,Final Fantasy,60,normal,rare,1,106630,ae875471-346c-4a76-b26f-b7205dad5b80,0.19,false,false,near_mint,en,USD
The Masamune,FIN,Final Fantasy,264,normal,rare,2,106694,fc408575-8ef7-4043-b6b7-b38cef7c97d1,0.5,false,false,near_mint,en,USD
The Master of Keys,DSC,Duskmourn: House of Horror Commander,4,normal,mythic,1,98964,3545341b-dacc-4ac8-976e-39754a62bbc3,2.4,false,false,near_mint,en,USD
The Modern Age // Vector Glider,NEO,Kamigawa: Neon Dynasty,66,normal,common,1,66475,ee60a8e9-3201-4a7e-8aa4-2c5e1042c8a5,0.09,false,false,near_mint,en,USD
The Monarch,TFIC,Final Fantasy Commander Tokens,11,normal,common,1,105969,66f569e1-5a37-4801-be01-9c5d44a82427,,false,false,near_mint,en,USD
The Monarch,TCMM,Commander Masters Tokens,50,normal,common,1,84040,0cd9c491-6ba0-4484-822c-73bcbe9b0c49,0.24,false,false,near_mint,en,USD
The Monumental Facade,ONE,Phyrexia: All Will Be One,255,normal,rare,1,78877,d6785057-0d06-4f91-b45f-c05f7c4e2b19,0.12,false,false,near_mint,en,USD
"The Motherlode, Excavator",PIP,Fallout,62,normal,rare,2,92073,3b9df394-522c-4458-bc36-cf24ad763718,0.11,false,false,near_mint,en,USD
The Prima Vista,FIN,Final Fantasy,64,normal,uncommon,3,106212,e3998132-5746-4dde-9529-97d3ad7d7361,0.06,false,false,near_mint,en,USD
"The Prydwen, Steel Flagship",PIP,Fallout,22,normal,rare,1,92509,9c0a8eda-bfeb-4fd9-9e41-12fce02883d8,0.12,false,false,near_mint,en,USD
The Regalia,FIN,Final Fantasy,267,normal,rare,1,106665,dc420e79-c483-474f-97cd-e9c6a636c306,0.67,false,false,near_mint,en,USD
The Ruinous Powers,40K,"Warhammer 40,000 Commander",139,normal,rare,1,72499,b8656aab-e22d-4f97-a8e6-a69f1dbffd09,1.37,false,false,near_mint,en,USD
The Sibsig Ceremony,TDM,Tarkir: Dragonstorm,91,normal,rare,1,104666,5a9f2a62-1c61-4d2e-86d9-18cd84c31748,0.2,false,false,near_mint,en,USD
The Space Family Goblinson,UNF,Unfinity,270,normal,uncommon,7,72952,db161073-7fb1-465c-8878-e2584ac27458,0.13,false,false,near_mint,en,USD
The Surgical Bay,ONE,Phyrexia: All Will Be One,260,normal,common,2,78431,1b49ec35-2c4f-4144-85fe-226f7cb67266,0.06,false,false,near_mint,en,USD
The Underworld Cookbook,MH2,Modern Horizons 2,240,normal,uncommon,1,59386,039d62b0-3309-4424-a2ea-5a0d88d4bd72,0.34,false,false,near_mint,en,USD
The Wandering Minstrel,FIN,Final Fantasy,249,normal,rare,1,106578,77bc419d-ff69-4e7c-afe6-faca383a5ed7,0.28,false,false,near_mint,en,USD
The Warring Triad,FIC,Final Fantasy Commander,99,normal,rare,1,106064,99fd1cd5-4740-4a0f-b773-3d3b66861d77,0.68,false,false,near_mint,en,USD
The Water Crystal,FIN,Final Fantasy,85,normal,rare,1,106453,e0af8436-797b-4e1f-b21a-d8e93701c3c9,1.66,false,false,near_mint,en,USD
The Weatherseed Treaty,DMU,Dominaria United,188,normal,uncommon,1,71812,e2a54461-1f75-4304-b6d7-635171419456,0.2,false,false,near_mint,en,USD
The Wind Crystal,FIN,Final Fantasy,43,normal,rare,1,106423,19bd0885-baaa-40f2-9c59-b1ea53807540,2.83,false,false,near_mint,en,USD
Theater of Horrors,DSC,Duskmourn: House of Horror Commander,236,normal,rare,1,99404,f0b88e4f-070f-48d1-a5f9-c22dfc7ab31b,0.13,false,false,near_mint,en,USD
Thermo-Alchemist,INR,Innistrad Remastered,174,normal,uncommon,1,102616,78b194b3-108a-4152-bd37-52c302e25ad6,0.23,false,false,near_mint,en,USD
Thief's Knife,FIN,Final Fantasy,81,normal,uncommon,3,106645,c2dcfd0a-3f52-4616-a09a-fd2db8b6b93e,0.06,false,false,near_mint,en,USD
Thing in the Ice // Awoken Horror,INR,Innistrad Remastered,91,normal,rare,1,102605,7269d533-cb3f-498e-b97f-eb6c49e170c3,0.82,false,false,near_mint,en,USD
Think Twice,TDC,Tarkir: Dragonstorm Commander,168,normal,common,2,104967,ce79538b-20a4-42f8-934f-bc4e2723133e,0.04,false,false,near_mint,en,USD
Third Path Iconoclast,TDC,Tarkir: Dragonstorm Commander,307,normal,uncommon,1,104950,ca29f373-7051-4cbe-bda8-e711fda4f9bb,0.22,false,false,near_mint,en,USD
Third Path Savant,BRO,The Brothers' War,67,normal,common,6,75567,793a51ab-59fb-424f-a315-3f63e8990322,0.05,false,false,near_mint,en,USD
Thirst for Discovery,VOW,Innistrad: Crimson Vow,85,normal,uncommon,1,64118,1ea179e9-9c0d-46c1-9ee8-60be68e1f79c,0.25,false,false,near_mint,en,USD
Thirst for Knowledge,PIP,Fallout,180,normal,uncommon,1,92221,5d4cc8d6-b366-4da8-a2d2-ff3be9092789,0.06,false,false,near_mint,en,USD
Thirsting Roots,ONE,Phyrexia: All Will Be One,185,normal,common,2,78633,75a4a340-453b-471a-82ba-48ebf20b271a,0.37,false,false,near_mint,en,USD
Thopter,TC18,Commander 2018 Tokens,26,normal,common,2,510,8d502061-ca95-4067-a61f-bc5294c274dd,0.41,false,false,near_mint,en,USD
Thopter Engineer,BLC,Bloomburrow Commander,204,normal,uncommon,1,96219,2933e3df-0cba-4e4b-87f9-70e56093da91,0.06,false,false,near_mint,en,USD
Thopter Spy Network,DRC,Aetherdrift Commander,83,normal,rare,1,103281,d0adecc7-21fe-41b1-a0bd-58f98970e283,0.27,false,false,near_mint,en,USD
Thornbow Archer,ORI,Magic Origins,121,normal,common,4,10821,3290c60a-f9a0-464d-a15e-8473a6d50d96,0.1,false,false,near_mint,en,USD
Thornhide Wolves,M19,Core Set 2019,204,normal,common,1,1108,fc0f3812-bb6c-4d99-b505-9dfd84e3fd95,0.05,false,false,near_mint,en,USD
Thornweald Archer,FDN,Foundations,559,normal,common,2,100193,189f6199-f2fe-49a5-89ca-3c4cb39fbf2b,0.13,false,false,near_mint,en,USD
Thornwood Falls,IKO,Ikoria: Lair of Behemoths,256,normal,common,1,49821,8d011b0f-1681-4a51-9f5d-47ad135d03fe,0.06,false,false,near_mint,en,USD
Thornwood Falls,FDN,Foundations,269,normal,common,1,100424,42799f51-0f8c-444b-974e-dae281a5c697,0.06,false,false,near_mint,en,USD
Thornwood Falls,TDM,Tarkir: Dragonstorm,269,normal,common,1,104376,ebb502c2-5fd0-46a9-b77d-010f4a942056,0.05,false,false,near_mint,en,USD
Thought Vessel,FIC,Final Fantasy Commander,368,normal,common,1,105951,5c617d99-354a-4586-9a09-1671c0e88754,1.38,false,false,near_mint,en,USD
Thought Vessel,DSC,Duskmourn: House of Horror Commander,256,normal,common,1,99206,71b11bf4-35ab-4028-961f-5180a12dac82,1.22,false,false,near_mint,en,USD
Thought Vessel,PIP,Fallout,251,normal,common,1,92559,a68c8703-3029-443b-95f5-5310e8b48a2b,1.38,false,false,near_mint,en,USD
Thraben Charm,MH3,Modern Horizons 3,45,normal,common,1,94646,dd28a646-f38f-4cdf-948c-969cd979e5e6,0.28,false,false,near_mint,en,USD
Thraben Exorcism,MID,Innistrad: Midnight Hunt,39,normal,common,1,63372,a0700298-30d2-45a6-bd64-4fd7fa4d7d30,0.03,false,false,near_mint,en,USD
Thraben Inspector,INR,Innistrad Remastered,45,normal,common,2,101844,08a5007f-06a0-40fa-a252-c38baa6b5c6f,0.11,false,false,near_mint,en,USD
Thraben Sentry // Thraben Militia,ISD,Innistrad,38,normal,common,2,18860,58ae9cbc-d88d-42df-ab76-63ab5d05c023,0.07,false,false,near_mint,en,USD
Thraben Watcher,MH2,Modern Horizons 2,34,normal,uncommon,1,59575,5b4e0e11-2f16-42ad-b835-c9410c4bd7e3,0.21,false,false,near_mint,en,USD
Thrashing Brontodon,FDN,Foundations,560,normal,uncommon,1,101519,592364bf-68b5-4ea0-97d6-c7cadce940fd,0.16,false,false,near_mint,en,USD
"Thrasios, Triton Hero",FCA,Final Fantasy: Through the Ages,58,normal,mythic,1,106343,5f13417d-3fe1-4357-b826-cb48dd111247,14.59,false,false,near_mint,en,USD
Thraxodemon,BRO,The Brothers' War,115,normal,common,9,75915,fc59ca3b-d417-4cf2-99a3-89816bf2bd09,0.06,false,false,near_mint,en,USD
"Three Dog, Galaxy News DJ",PIP,Fallout,120,normal,rare,1,92577,ab34e869-be7a-4632-95b3-5f200b4edcca,0.12,false,false,near_mint,en,USD
Three Tree Mascot,FDN,Foundations,682,normal,common,2,100412,40b8bf3a-1cb5-4ce2-ac25-9410f17130de,0.1,false,false,near_mint,en,USD
Three Tree Rootweaver,BLB,Bloomburrow,198,normal,common,2,96469,d1ab6e14-26e0-4174-b5c6-bc0f5c26b177,0.04,false,false,near_mint,en,USD
Three Visits,FIC,Final Fantasy Commander,315,normal,uncommon,1,105949,5bcf7495-a8af-4c7f-a27d-be27748f64e0,5.49,false,false,near_mint,en,USD
Thrill of Possibility,ONE,Phyrexia: All Will Be One,151,normal,common,2,78440,1efd4ae5-0076-46a0-a113-58cfff53144f,0.13,false,false,near_mint,en,USD
Thrill of Possibility,FDN,Foundations,210,normal,common,1,101561,882b348c-076b-41d8-b505-063480636669,0.12,false,false,near_mint,en,USD
Thriving Bluff,BLC,Bloomburrow Commander,346,normal,common,1,96539,fe1789e8-fc45-45f5-8d98-1efce606efc4,0.1,false,false,near_mint,en,USD
Thriving Heath,DSC,Duskmourn: House of Horror Commander,315,normal,common,1,99041,06329ca8-75b0-409d-bb80-6b9164f4e22a,0.07,false,false,near_mint,en,USD
Thriving Moor,DSC,Duskmourn: House of Horror Commander,317,normal,common,1,99201,7057e66a-8b5d-40d1-a685-124a8e0623c3,0.07,false,false,near_mint,en,USD
Thriving Turtle,KLD,Kaladesh,66,normal,common,1,7577,61a112a3-ae4e-4aba-86ac-74a8960a6326,0.06,false,false,near_mint,en,USD
Thrummingbird,EOC,Edge of Eternities Commander,80,normal,uncommon,2,107350,f10db847-6598-49a5-8f10-67afd5187d32,0.13,false,false,near_mint,en,USD
Thrummingbird,ONE,Phyrexia: All Will Be One,288,normal,uncommon,2,78511,3c9dd552-1020-4e82-ba51-f54b3938b920,0.16,false,false,near_mint,en,USD
"Thrun, Breaker of Silence",ONE,Phyrexia: All Will Be One,186,normal,rare,1,78613,6d9f51dd-0393-4b3c-bea5-8f74634ab0e5,0.17,false,false,near_mint,en,USD
Thunder Magic,FIN,Final Fantasy,165,normal,common,6,106610,9f2b202c-91da-40ec-8324-6b6be7cb3bc8,0.05,false,false,near_mint,en,USD
Thunder of Unity,TDM,Tarkir: Dragonstorm,231,normal,rare,1,104671,5c953b36-f5e4-4258-91cb-f07e799321f7,0.14,false,false,near_mint,en,USD
Thunderclap Wyvern,KHC,Kaldheim Commander,94,normal,uncommon,1,57239,7fc3c21f-99d5-48dc-b36e-8db597da44bf,0.27,false,false,near_mint,en,USD
Thundering Rebuke,ZNR,Zendikar Rising,170,normal,uncommon,3,54780,dc671707-4708-44d8-8ec8-d5332599adf9,0.06,false,false,near_mint,en,USD
Thunderous Orator,STX,Strixhaven: School of Mages,35,normal,uncommon,1,58377,ef3b2961-559f-42b1-be13-ff3d03e62809,0.06,false,false,near_mint,en,USD
Thwart the Grave,CLB,Commander Legends: Battle for Baldur's Gate,773,normal,uncommon,2,69653,cc339d3b-9c89-4679-bc83-8399d9a864c7,0.14,false,false,near_mint,en,USD
Ticketomaton,UNF,Unfinity,195,normal,common,1,73282,d4906051-0f74-4a0c-9508-2fa52d98b618,0.05,false,false,near_mint,en,USD
Tide Skimmer,M21,Core Set 2021,79,normal,uncommon,1,51037,dee1d595-a998-4652-931f-a1a72446f3a6,0.04,false,false,near_mint,en,USD
"Tidus, Blitzball Star",FIN,Final Fantasy,246,normal,uncommon,4,106447,aa851d68-a7a4-48c0-9cd7-d3d2e079f3a1,0.12,false,false,near_mint,en,USD
"Tidus, Yuna's Guardian",FIC,Final Fantasy Commander,5,normal,mythic,1,103782,2cfd4494-346c-4cbc-8072-e267254cefcc,2.72,false,false,near_mint,en,USD
Tifa Lockhart,FIN,Final Fantasy,206,normal,rare,1,105765,fb781323-2746-405d-a9b2-e778c037a6e9,1.78,false,false,near_mint,en,USD
Tifa's Limit Break,FIN,Final Fantasy,207,normal,uncommon,2,106524,24d6eab7-22bd-494f-8cbe-204446f24be9,0.94,false,false,near_mint,en,USD
"Tifa, Martial Artist",FIC,Final Fantasy Commander,6,normal,mythic,1,105585,31513afc-329c-4913-8fcd-945c39ec82b2,4.48,false,false,near_mint,en,USD
Tilonalli's Knight,XLN,Ixalan,169,normal,common,1,3843,b25c2f33-1707-4ff3-a22e-58f51936b733,0.09,false,false,near_mint,en,USD
Timberland Guide,MID,Innistrad: Midnight Hunt,202,normal,common,1,63290,6b215b6a-82e3-4ce8-b288-d7341761cad0,0.06,false,false,near_mint,en,USD
Timberpack Wolf,A25,Masters 25,190,normal,common,1,2526,5f3d1b54-ceef-425d-a349-80a49ac5d879,0.08,false,false,near_mint,en,USD
Time Wipe,TDC,Tarkir: Dragonstorm Commander,308,normal,rare,2,105030,eb4b75e6-3080-412b-bf40-b6029ea8bbfe,0.1,false,false,near_mint,en,USD
Tireless Hauler // Dire-Strain Brawler,MID,Innistrad: Midnight Hunt,203,normal,common,3,63213,3e96f9a6-c215-42b1-aa02-8e6143fe5bd7,0.07,false,false,near_mint,en,USD
Tireless Tracker,FIC,Final Fantasy Commander,316,normal,rare,1,106255,fd5a8a4c-4d66-48a1-bc3e-caaa2dbb64d4,0.18,false,false,near_mint,en,USD
Tireless Tracker,EOC,Edge of Eternities Commander,110,normal,rare,1,107045,66444549-ad9b-49c6-a7c6-34e977c1085d,0.14,false,false,near_mint,en,USD
Titan Hunter,C20,Commander 2020,48,normal,rare,1,50370,eb564473-7416-4cf7-971a-e6dc5eb10445,0.15,false,false,near_mint,en,USD
Titan's Strength,2X2,Double Masters 2022,128,normal,common,1,70140,30f1bfbe-7cfd-4b11-be95-0df327a83c12,0.1,false,false,near_mint,en,USD
"Titania, Protector of Argoth",EOC,Edge of Eternities Commander,111,normal,mythic,1,107058,732c208b-cd9e-48a9-9b9d-aba63066ba53,0.27,false,false,near_mint,en,USD
Titanic Growth,ONE,Phyrexia: All Will Be One,187,normal,common,3,78491,3583ea03-525f-4c70-9d7e-ccc6002ee9e1,0.07,false,false,near_mint,en,USD
"Tivit, Seller of Secrets",NCC,New Capenna Commander,10,normal,mythic,1,68312,9235977e-a999-4ed0-83a3-742be87b13bb,3.4,false,false,near_mint,en,USD
Tocasia's Onulet,BRO,The Brothers' War,39,normal,common,5,75850,e4abf2fb-f78a-4e75-b46f-524d3d7405db,0.04,false,false,near_mint,en,USD
Together Forever,FIC,Final Fantasy Commander,257,normal,rare,1,106019,834c5cf1-69a7-462c-822e-47a43a86f9a9,0.2,false,false,near_mint,en,USD
"Toluz, Clever Conductor",SNC,Streets of New Capenna,336,normal,rare,1,68059,e6da6284-1577-4bc2-85dd-5984aea72ac6,0.09,false,false,near_mint,en,USD
Tome of Legends,FIC,Final Fantasy Commander,369,normal,rare,1,105810,08b0d5aa-8d76-4951-a326-0f4078fdfd28,0.32,false,false,near_mint,en,USD
Tonberry,FIN,Final Fantasy,122,normal,uncommon,4,103781,1a9b8723-4383-4c14-b24d-52863af8703d,0.22,false,false,near_mint,en,USD
Topan Freeblade,IMA,Iconic Masters,37,normal,uncommon,2,3588,3e953224-6ea0-4580-b2a2-c1ff133fb991,0.07,false,false,near_mint,en,USD
Topple the Statue,2XM,Double Masters,36,normal,uncommon,1,52182,ab74e12a-ad7c-4563-aa06-632654bac91d,0.04,false,false,near_mint,en,USD
Tor Wauki the Younger,DMC,Dominaria United Commander,46,normal,uncommon,1,71688,adea296b-b320-4588-9d6e-cbb5db7c39e3,0.58,false,false,near_mint,en,USD
"Torgal, A Fine Hound",FIN,Final Fantasy,208,normal,uncommon,2,106422,0f5725aa-42bb-4dfd-9c15-135b38b33da3,0.1,false,false,near_mint,en,USD
"Tori D'Avenant, Fury Rider",DMU,Dominaria United,322,normal,uncommon,1,71505,676bc62e-f685-45cb-bcdd-d8adbe9c4ccb,0.07,false,false,near_mint,en,USD
Tormented Thoughts,ORI,Magic Origins,122,normal,uncommon,1,10820,6be2be08-5bad-4813-b6f3-45b564e10b2f,0.07,false,false,near_mint,en,USD
Tormenting Voice,ZNR,Zendikar Rising,172,normal,common,2,54599,6da46103-a14c-4aa2-92fc-fd758335caf4,0.13,false,false,near_mint,en,USD
Tormod's Cryptkeeper,MH2,Modern Horizons 2,239,normal,common,1,59392,05900f1d-f065-4656-a8a2-2f719d3fdea8,0.08,false,false,near_mint,en,USD
Torrential Gearhulk,FIC,Final Fantasy Commander,272,normal,rare,1,106100,a6a0afd5-f3f9-459e-bd03-1a7a3521b570,0.34,false,false,near_mint,en,USD
Torrential Gearhulk,CMM,Commander Masters,128,normal,rare,1,84626,92872fea-2fb4-4154-815e-cad9d966e60f,1.13,false,false,near_mint,en,USD
Totally Lost,RVR,Ravnica Remastered,64,normal,common,2,89885,c36f01a5-82bf-4fc6-9396-4410067c351b,0.02,false,false,near_mint,en,USD
Tourach's Canticle,MH2,Modern Horizons 2,103,normal,common,1,59547,4d97fd7d-c29f-4db0-b909-2f6aa9c39d65,0.11,false,false,near_mint,en,USD
Tower Worker,BRO,The Brothers' War,255,normal,common,10,75885,f31bd134-22c8-4031-8f85-ac0855914d11,0.06,false,false,near_mint,en,USD
Towering-Wave Mystic,THB,Theros Beyond Death,77,normal,common,1,46985,8c2b4ffc-b1e1-4b16-9a51-1a12f8256a27,0.05,false,false,near_mint,en,USD
Town Greeter,FIN,Final Fantasy,209,normal,common,6,105610,49cd4efa-4df4-4257-9a42-60330f7781e2,0.06,false,false,near_mint,en,USD
Toxic Scorpion,VOW,Innistrad: Crimson Vow,224,normal,common,1,64201,4cfca481-cf2d-435d-b4b6-07b1fe2a8e5d,0.07,false,false,near_mint,en,USD
Tragic Arrogance,FIC,Final Fantasy Commander,258,normal,rare,1,106097,a479784c-3f94-4950-8928-6a1e57bb6627,0.13,false,false,near_mint,en,USD
Tragic Banshee,FDN,Foundations,73,normal,uncommon,1,100324,30df3e33-2f17-4067-99f1-5db6b0f41fd4,0.04,false,false,near_mint,en,USD
Trail of Crumbs,ELD,Throne of Eldraine,179,normal,uncommon,2,46159,2688ac16-4ed6-4e79-815a-be173deb4603,0.44,false,false,near_mint,en,USD
Trailblazer's Boots,FIC,Final Fantasy Commander,370,normal,uncommon,1,106254,fd1f14be-8c7c-471d-93e3-5856f48ff94a,0.94,false,false,near_mint,en,USD
Tranquil Cove,FDN,Foundations,270,normal,common,1,100719,7c9cabca-5bcc-4b97-b2ac-a345ad3ee43c,0.05,false,false,near_mint,en,USD
Tranquil Cove,NEO,Kamigawa: Neon Dynasty,280,normal,common,1,66885,68f822b7-efc5-42c8-93ea-7dd17b4c3e7a,0.07,false,false,near_mint,en,USD
Transcendent Dragon,TDC,Tarkir: Dragonstorm Commander,22,normal,rare,1,104564,3c9a4205-eda8-4858-9d46-2428058c94fc,0.25,false,false,near_mint,en,USD
Transcendent Envoy,WOC,Wilds of Eldraine Commander,81,normal,common,1,85231,042b3a3c-a105-4bfa-b0bb-f93d22401c85,0.29,false,false,near_mint,en,USD
Transforming Flourish,TDC,Tarkir: Dragonstorm Commander,39,normal,rare,1,104805,914fdddb-cf66-4631-94e7-ce682a99fcf8,0.15,false,false,near_mint,en,USD
Transplant Theorist,ONE,Phyrexia: All Will Be One,73,normal,uncommon,2,78965,f912c4ec-08e9-4524-a2ba-98f6dfabdc18,0.08,false,false,near_mint,en,USD
Transpose,FIC,Final Fantasy Commander,52,normal,rare,1,105968,66392b0e-8691-42a4-bc84-03b017174a73,0.3,false,false,near_mint,en,USD
Travel the Overworld,FIN,Final Fantasy,82,normal,uncommon,3,106625,aa5086e0-e2f2-498f-9035-1b31e1d21e0a,0.07,false,false,near_mint,en,USD
Traveler's Amulet,INR,Innistrad Remastered,273,normal,common,1,102467,26a7e5f0-0d60-4118-ad10-b27c7382511a,0.08,false,false,near_mint,en,USD
Traveling Chocobo,FIN,Final Fantasy,210,normal,mythic,1,105569,2462df62-fc35-47ed-9571-40452074dc6d,16.05,false,false,near_mint,en,USD
Traveling Minister,VOW,Innistrad: Crimson Vow,39,normal,common,4,64449,e672a05c-5f1a-4aa6-9398-e33df01c7c96,0.04,false,false,near_mint,en,USD
Trawler Drake,ONE,Phyrexia: All Will Be One,74,normal,uncommon,3,78948,f442442d-2e5d-4913-82d8-bab2f31541f8,0.04,false,false,near_mint,en,USD
Treasure,TFDN,Foundations Tokens,23,normal,common,2,101484,21210145-8edd-41f5-9a64-9f0b5be79864,,false,false,near_mint,en,USD
Treasure,TFIN,Final Fantasy Tokens,23,normal,common,1,106110,ab0cda01-10b5-4a1b-b2bb-ad8bb296590f,,false,false,near_mint,en,USD
Treasure,TPIP,Fallout Tokens,18,normal,common,5,92722,cf0d0741-028f-481b-8982-55f36304c343,0.2,false,false,near_mint,en,USD
Treasure Vault,PIP,Fallout,314,normal,rare,1,92072,3b8a9a88-d4b5-4c2a-86fa-22475ce919ca,1.69,false,false,near_mint,en,USD
Treetop Sentries,BLB,Bloomburrow,201,normal,common,1,95974,e16d4d6e-1fe5-4ff6-9877-8c849a24f5e0,0.06,false,false,near_mint,en,USD
Trench Stalker,BRO,The Brothers' War,116,normal,common,13,75698,aa1b987a-a3b9-4cd1-85b0-e58df4130934,0.05,false,false,near_mint,en,USD
"Treno, Dark City",FIN,Final Fantasy,290,normal,common,7,106686,f6285535-bc44-4274-a886-b14d7c7aaba8,0.05,false,false,near_mint,en,USD
Trestle Troll,RTR,Return to Ravnica,205,normal,common,3,17217,6d224279-83f3-4a29-9fd9-86b72407b87a,0.06,false,false,near_mint,en,USD
Trigger Happy,UNF,Unfinity,125,normal,uncommon,3,72764,5cafb84c-6e35-488c-a219-c6bbdb3ac565,0.06,false,false,near_mint,en,USD
Triple Triad,FIN,Final Fantasy,166,normal,rare,1,106368,d9a1de36-7f47-4b28-bb56-38d7e5bed82f,0.27,false,false,near_mint,en,USD
Triskaidekaphobia,INR,Innistrad Remastered,136,normal,uncommon,1,101859,3354807e-bea0-4903-8010-06618af4c700,0.14,false,false,near_mint,en,USD
"Tromell, Seymour's Butler",FIC,Final Fantasy Commander,73,normal,rare,1,105822,0f4f6de2-1c3d-4f3b-b999-70879f9cbb26,0.37,false,false,near_mint,en,USD
Tromokratis,CMM,Commander Masters,129,normal,uncommon,1,85052,f40ad933-ddd9-4975-a222-21fe3305137c,0.11,false,false,near_mint,en,USD
Trove Tracker,CMR,Commander Legends,104,normal,common,1,56181,c3b74135-b8db-4485-a4b1-7aaa3ef28072,0.04,false,false,near_mint,en,USD
True-Faith Censer,SOI,Shadows over Innistrad,267,normal,common,1,8729,815eb91c-06fa-4362-803e-e9bf7d374856,0.05,false,false,near_mint,en,USD
Trufflesnout,M21,Core Set 2021,212,normal,common,1,50890,8bba47c1-a874-456e-bea3-e99e2d61cfba,0.04,false,false,near_mint,en,USD
Tuktuk Rubblefort,ZNR,Zendikar Rising,173,normal,common,2,54411,02eedf9d-e26c-405c-aee5-1b3493dc5e9b,0.11,false,false,near_mint,en,USD
Tune the Narrative,MH3,Modern Horizons 3,75,normal,common,1,94418,40b13321-98f1-4e8c-802d-65498e43ec24,0.04,false,false,near_mint,en,USD
"Tura Kennerüd, Skyknight",DMU,Dominaria United,224,normal,uncommon,1,71758,c839d302-bf85-4a30-a49a-dbbd48695b5c,0.07,false,false,near_mint,en,USD
Turntimber Ascetic,ZNR,Zendikar Rising,214,normal,common,1,54708,b33b6922-2584-43e1-98d4-e722e7c9393c,0.03,false,false,near_mint,en,USD
Tusk and Whiskers,UNF,Unfinity,273,normal,uncommon,1,72741,4f7d2436-0ba3-4827-ae9a-aa75735ba3ff,0.11,false,false,near_mint,en,USD
Twilight Prophet,LCC,The Lost Caverns of Ixalan Commander,211,normal,mythic,1,88437,41f90e2b-cdbb-4a7c-aba0-c72055b414ed,0.62,false,false,near_mint,en,USD
Twinblade Blessing,FDN,Foundations,26,normal,uncommon,1,101310,ecf01cbe-9fcb-4f35-bc6b-2280620b06ff,0.1,false,false,near_mint,en,USD
Twinblade Geist // Twinblade Invocation,INR,Innistrad Remastered,47,normal,uncommon,1,102655,88bc8cdf-adfa-4a11-a8c0-484bc03edc65,0.06,false,false,near_mint,en,USD
Twinferno,DMU,Dominaria United,149,normal,uncommon,1,71730,bc531409-26cb-4c58-ba69-f39dd8aee3d1,0.21,false,false,near_mint,en,USD
Two-Headed Cerberus,THS,Theros,146,normal,common,2,15518,f8d2f75c-ef2a-4d30-86d1-c47307fc47ac,0.07,false,false,near_mint,en,USD
Tyrannical Pitlord,DMU,Dominaria United,284,normal,rare,1,71212,027ef1fc-4a7a-465c-9c25-dc19c771b5f5,0.09,false,false,near_mint,en,USD
Tyrant's Machine,BBD,Battlebond,248,normal,common,1,1745,2c697b0b-edba-491a-b40e-f88572a6e955,0.04,false,false,near_mint,en,USD
Tyrranax Atrocity,ONE,Phyrexia: All Will Be One,188,normal,common,2,78417,157cf43c-f7f2-4362-bfc8-11682e94b747,0.07,false,false,near_mint,en,USD
Tyrranax Rex,ONE,Phyrexia: All Will Be One,189,normal,mythic,1,78402,0fb52b44-da5f-4f7a-a6c2-7924b855e051,3.52,false,false,near_mint,en,USD
Tyvar's Stand,ONE,Phyrexia: All Will Be One,190,normal,uncommon,3,78843,c7b362a5-382a-4016-b4f2-aa7b683354c4,1.03,false,false,near_mint,en,USD
"Tyvar, Jubilant Brawler",ONE,Phyrexia: All Will Be One,218,normal,rare,1,78596,66605fe1-9a20-4c95-b53e-1249cedb978b,0.45,false,false,near_mint,en,USD
Ultima,FIN,Final Fantasy,38,normal,rare,2,106536,39504a0e-f63f-4907-afd7-c4492f6b8a3b,0.34,false,false,near_mint,en,USD
Ultima Weapon,FIN,Final Fantasy,563,normal,rare,2,106135,b9162d08-a6ba-4e6e-b82c-9b092bd781dd,4.36,false,false,near_mint,en,USD
"Ultima, Origin of Oblivion",FIN,Final Fantasy,2,normal,rare,1,106186,d55a4c02-1aa4-454c-9041-84937377a53b,0.46,false,false,near_mint,en,USD
Ultimate Magic: Holy,FIC,Final Fantasy Commander,32,normal,rare,1,106043,8fdb8414-2f08-42fb-ae0a-c7f0af1e144e,0.94,false,false,near_mint,en,USD
Ultimate Magic: Meteor,FIC,Final Fantasy Commander,62,normal,rare,1,106129,b5b0f0fd-574a-4ae7-ab55-b815112d6b3a,0.16,false,false,near_mint,en,USD
"Ultimecia, Temporal Threat",FIN,Final Fantasy,556,normal,rare,1,106130,b64e4475-f1c6-4d85-b42f-6d84d06855bb,0.54,false,false,near_mint,en,USD
"Ultimecia, Time Sorceress // Ultimecia, Omnipotent",FIN,Final Fantasy,247,normal,uncommon,4,105581,2d6a2b68-5407-464e-a335-7866fd969c30,0.12,false,false,near_mint,en,USD
Ulvenwald Hydra,M3C,Modern Horizons 3 Commander,250,normal,mythic,1,94942,4ade356e-ed2f-4373-b898-c3ccb46324a1,0.38,false,false,near_mint,en,USD
Umara Mystic,ZNR,Zendikar Rising,238,normal,uncommon,1,54833,fb979cfc-3e5b-42c9-b78d-584c274ed912,0.06,false,false,near_mint,en,USD
Umara Wizard // Umara Skyfalls,ZNR,Zendikar Rising,86,normal,uncommon,1,54637,890eee8d-a339-4143-adfa-1b17ec10c099,0.13,false,false,near_mint,en,USD
"Umaro, Raging Yeti",FIC,Final Fantasy Commander,63,normal,rare,1,105879,31aed8e9-44be-4e7c-85ac-a084eaecaea7,0.12,false,false,near_mint,en,USD
Umbral Juke,STX,Strixhaven: School of Mages,89,normal,uncommon,2,58071,3fbd0921-e953-492b-ad73-c8a8bfaa750b,0.07,false,false,near_mint,en,USD
Umezawa's Jitte,SLD,Secret Lair Drop,1865,normal,rare,1,106304,32a46d1d-df85-4388-acd6-91818aa9af80,17.33,false,false,near_mint,en,USD
Unblinking Observer,MID,Innistrad: Midnight Hunt,82,normal,common,1,63324,8148063c-a509-43ac-a291-c9410c30c2f2,0.05,false,false,near_mint,en,USD
Unbreakable Bond,IKO,Ikoria: Lair of Behemoths,101,normal,uncommon,1,49976,c9da02a1-7b39-4a0e-8466-6512a02f3e3b,0.1,false,false,near_mint,en,USD
Unburial Rites,2X2,Double Masters 2022,95,normal,uncommon,1,70303,7023aa24-ef49-4973-8978-7d0d3af719d3,0.14,false,false,near_mint,en,USD
Uncaged Fury,INR,Innistrad Remastered,177,normal,uncommon,1,102807,de8f4d5b-ea3c-4d01-b163-2fcfb1bcca8e,0.07,false,false,near_mint,en,USD
Uncharted Haven,FDN,Foundations,564,normal,common,2,97170,172cd5b7-98fc-4add-b858-a0b3dfb75c19,0.06,false,false,near_mint,en,USD
Uncomfortable Chill,M19,Core Set 2019,82,normal,common,1,1230,8f12d70b-fff7-4d0c-982e-2fea70018a78,0.05,false,false,near_mint,en,USD
Unctus's Retrofitter,ONE,Phyrexia: All Will Be One,76,normal,uncommon,2,78480,30225e40-4bde-4e2e-b0f0-48ed16aebafd,0.03,false,false,near_mint,en,USD
"Unctus, Grand Metatect",ONE,Phyrexia: All Will Be One,75,normal,rare,1,78418,164b07e6-48ba-4789-bd8f-7cada1fec8a9,0.28,false,false,near_mint,en,USD
Undead Gladiator,DMR,Dominaria Remastered,105,normal,uncommon,1,77999,7f7a3d34-4e4e-4545-8e2e-6977eb754270,0.07,false,false,near_mint,en,USD
Undercity Dire Rat,FIN,Final Fantasy,123,normal,common,11,106270,274788f4-fbf3-4a15-bdc0-f513a2fde30d,0.1,false,false,near_mint,en,USD
Underdark Basilisk,AFR,Adventures in the Forgotten Realms,334,normal,common,5,60337,96116efa-b580-4764-aba5-09cb8ce24806,0.08,false,false,near_mint,en,USD
Underground River,FIC,Final Fantasy Commander,439,normal,rare,1,106149,c219a41a-d5f4-42f3-841c-2518be583198,1.21,false,false,near_mint,en,USD
Undergrowth Leopard,TDM,Tarkir: Dragonstorm,165,normal,common,3,104307,67ab8f9a-b17c-452f-b4ef-a3f91909e3de,0.09,false,false,near_mint,en,USD
Underworld Charger,THB,Theros Beyond Death,120,normal,common,1,46942,f2dd847f-0db2-4f6a-bdfb-5c88ce7802f9,0.03,false,false,near_mint,en,USD
Underworld Hermit,MH2,Modern Horizons 2,105,normal,uncommon,1,59794,c4f1a23a-084a-429b-823a-a8e7e5f26e0d,0.08,false,false,near_mint,en,USD
Undying Malice,FDN,Foundations,528,normal,common,1,100858,97b3cf11-e352-4ee1-8c03-13898f576ef9,0.44,false,false,near_mint,en,USD
Unearth,2X2,Double Masters 2022,96,normal,common,1,70442,b1f73271-b70f-40ae-be64-f8de7805923a,0.41,false,false,near_mint,en,USD
Unending Whisper,TDM,Tarkir: Dragonstorm,62,normal,common,2,105070,fc48180a-ccac-469f-938d-c050821d0160,0.03,false,false,near_mint,en,USD
Unexpected Request,FIN,Final Fantasy,167,normal,uncommon,2,106495,0265fd20-a85d-49ce-b338-4c40843a5b18,0.05,false,false,near_mint,en,USD
Unexpected Windfall,PIP,Fallout,193,normal,common,1,92672,c5261d46-bf8c-4c29-8683-9a4fe4b23b8d,2.5,false,false,near_mint,en,USD
Unexplained Vision,ELD,Throne of Eldraine,70,normal,common,1,46268,c1de1d84-e548-409d-b9ec-d2665477b43d,0.05,false,false,near_mint,en,USD
Unfinished Business,FIC,Final Fantasy Commander,259,normal,rare,1,105993,76c9b6c1-05de-4c16-8ebf-ea68aa110a69,0.18,false,false,near_mint,en,USD
Unhallowed Phalanx,VOW,Innistrad: Crimson Vow,135,normal,common,2,64426,d5ec541b-1799-4c0e-a3fb-c008cf2eb911,0.15,false,false,near_mint,en,USD
Unholy Hunger,UMA,Ultimate Masters,120,normal,common,2,43389,c6883e3c-265e-408a-b733-35b89b66dabd,0.17,false,false,near_mint,en,USD
Unholy Officiant,VOW,Innistrad: Crimson Vow,41,normal,common,6,64303,8a4c04a4-e68b-4d3d-89c8-29cdaaac36b2,0.06,false,false,near_mint,en,USD
Universal Solvent,CMR,Commander Legends,347,normal,common,1,55862,bbe257c5-d2f8-4a4f-bf74-f6dc4b6861e4,0.06,false,false,near_mint,en,USD
Universal Solvent,CLB,Commander Legends: Battle for Baldur's Gate,342,normal,common,2,69342,e142122f-3a04-436e-a958-dc2224b4fc6d,0.06,false,false,near_mint,en,USD
Unknown Shores,THS,Theros,229,normal,common,2,15435,fff118a5-765b-4ba1-8f12-ce6f24b2459b,0.08,false,false,near_mint,en,USD
Unlikely Aid,IKO,Ikoria: Lair of Behemoths,103,normal,common,1,49974,bac3409e-7c24-43b0-9956-5f0cdeae6468,0.05,false,false,near_mint,en,USD
Unnatural Restoration,ONE,Phyrexia: All Will Be One,191,normal,uncommon,3,78536,4d4e6a91-59cc-4f7f-af25-16acabdafb1a,0.41,false,false,near_mint,en,USD
Unruly Catapult,WOE,Wilds of Eldraine,156,normal,common,1,85358,3dc275f8-f060-4c15-9b8f-63cf3857eaa7,0.15,false,false,near_mint,en,USD
Unruly Mob,MID,Innistrad: Midnight Hunt,40,normal,common,2,63266,5f48622a-abf3-407f-921f-77c29d59ba8e,0.03,false,false,near_mint,en,USD
Unstable Amulet,MH3,Modern Horizons 3,142,normal,uncommon,2,94559,9d9949f5-8d6c-4ea9-b203-99e8a57a6c60,0.07,false,false,near_mint,en,USD
Untimely Malfunction,DSK,Duskmourn: House of Horror,161,normal,uncommon,1,98864,857bfb0e-17dc-4dda-bc37-3df927a9eae6,6.59,false,false,near_mint,en,USD
Unwilling Ingredient,STX,Strixhaven: School of Mages,90,normal,common,1,58048,30448144-639a-43c7-a408-bd6ed543c231,0.05,false,false,near_mint,en,USD
Urabrask's Anointer,ONE,Phyrexia: All Will Be One,152,normal,uncommon,4,78792,b3ef034f-37e5-4baa-a7a9-5fd0de792535,0.03,false,false,near_mint,en,USD
Urban Burgeoning,RTR,Return to Ravnica,138,normal,common,1,17284,393c230f-5bc3-4b71-b5ac-81d5ce227df5,0.1,false,false,near_mint,en,USD
Urborg Volcano,C17,Commander 2017,288,normal,uncommon,1,4167,c69f6612-c974-4723-925e-afd4211c76db,0.27,false,false,near_mint,en,USD
"Urdnan, Dromoka Warrior",J25,Foundations Jumpstart,34,normal,uncommon,1,101337,f239682a-2b81-4f62-a474-60e8db343200,0.35,false,false,near_mint,en,USD
Ureni's Rebuff,TDM,Tarkir: Dragonstorm,63,normal,uncommon,1,104310,722716df-9cea-40a7-924b-c28497e227e6,0.04,false,false,near_mint,en,USD
Urianger Augurelt,FIC,Final Fantasy Commander,96,normal,rare,1,105907,44d44107-da15-41b9-8dfb-6335c1cbd83a,0.12,false,false,near_mint,en,USD
Urza's Ruinous Blast,CMM,Commander Masters,842,normal,rare,1,84505,76b10977-64eb-4a50-a481-d67cc2950f56,0.69,false,false,near_mint,en,USD
Utility Knife,ZNR,Zendikar Rising,256,normal,common,1,54471,1e5c781d-cd89-4671-8fbe-fae82c33357b,0.1,false,false,near_mint,en,USD
Utter End,LCC,The Lost Caverns of Ixalan Commander,292,normal,rare,1,88835,b7d2161e-8ef5-463d-a84f-966e4419fc6c,0.14,false,false,near_mint,en,USD
"Uurg, Spawn of Turg",DMU,Dominaria United,324,normal,uncommon,1,71313,216b4613-9b2a-472b-bc9a-49ad6c9b9f03,0.08,false,false,near_mint,en,USD
Valakut Exploration,ZNR,Zendikar Rising,303,normal,rare,1,54587,6954cc66-ab80-4457-b0da-61d80e80e25e,1.98,false,false,near_mint,en,USD
"Valduk, Keeper of the Flame",CMM,Commander Masters,266,normal,uncommon,1,84915,d3c1bd49-e059-401e-b999-63166f9bc1fe,0.08,false,false,near_mint,en,USD
Valeron Outlander,CON,Conflux,130,normal,common,1,23599,7e73cd46-0dec-441b-bb91-ec6defb3355e,0.08,false,false,near_mint,en,USD
Valgavoth's Faithful,DSK,Duskmourn: House of Horror,121,normal,uncommon,1,98726,995194a0-ceb7-48c2-be5d-a208b3971e77,0.11,false,false,near_mint,en,USD
"Valki, God of Lies // Tibalt, Cosmic Impostor",KHM,Kaldheim,114,normal,mythic,1,57134,ea7e4c65-b4c4-4795-9475-3cba71c50ea5,3.32,false,false,near_mint,en,USD
Valkyrie Aerial Unit,FIN,Final Fantasy,84,normal,uncommon,4,106126,b40a055f-ea66-44d4-b058-a328a3d10994,0.08,false,false,near_mint,en,USD
Valor in Akros,ORI,Magic Origins,39,normal,uncommon,1,10903,22fa0acd-84c3-492e-adf7-e7438db47e0a,0.11,false,false,near_mint,en,USD
Valor in Akros,2XM,Double Masters,37,normal,uncommon,2,52165,7e7428ad-4bd4-401d-a45c-3900bb05a3f7,0.1,false,false,near_mint,en,USD
Valorous Stance,PIP,Fallout,174,normal,uncommon,1,91886,11545710-6917-4e44-856f-4c9063a1313c,0.07,false,false,near_mint,en,USD
Valorous Stance,INR,Innistrad Remastered,48,normal,uncommon,1,102403,04762c85-d25d-4120-adec-8681adcf581a,0.12,false,false,near_mint,en,USD
Vampire,TLCI,The Lost Caverns of Ixalan Tokens,4,normal,common,4,88231,0484390e-1167-4407-84de-7ddc726e8926,0.3,false,false,near_mint,en,USD
Vampire,T2X2,Double Masters 2022 Tokens,9,normal,common,4,70123,287a7057-ce44-4082-a3da-8c09b8a88fba,0.11,false,false,near_mint,en,USD
Vampire Demon,TLCI,The Lost Caverns of Ixalan Tokens,15,normal,common,3,88382,3005eb0a-5c96-4a07-a6b9-a907d1095cdf,0.26,false,false,near_mint,en,USD
Vampire Rogue,TOTJ,Outlaws of Thunder Junction Tokens,8,normal,common,4,93633,55a35e07-9d80-4f2b-a000-5638b72a9808,0.2,false,false,near_mint,en,USD
Vampire Soulcaller,FDN,Foundations,75,normal,common,1,101495,2d076293-3b45-4878-8f67-978927cc1f68,0.05,false,false,near_mint,en,USD
Vampire's Kiss,VOW,Innistrad: Crimson Vow,136,normal,common,3,64328,974bf8cc-4259-48cc-8e7f-1580bb010d3f,0.39,false,false,near_mint,en,USD
Vandalblast,FIC,Final Fantasy Commander,298,normal,uncommon,1,106068,9b5a8df2-2bc0-408c-a9d2-e70c0f56642d,1.68,false,false,near_mint,en,USD
Vandalize,DTK,Dragons of Tarkir,165,normal,common,1,11649,48b04f7a-4fd6-47d2-b378-99c7fb0c1809,0.07,false,false,near_mint,en,USD
"Vanille, Cheerful l'Cie",FIN,Final Fantasy,211,normal,uncommon,3,105667,91226c1a-63a0-494e-bcf0-77c2d6f49213,0.08,false,false,near_mint,en,USD
Vanish into Eternity,ONE,Phyrexia: All Will Be One,36,normal,common,2,78695,8f0b3308-9c0b-4461-9094-38deec20e1bc,0.06,false,false,near_mint,en,USD
Vanquish the Horde,FIC,Final Fantasy Commander,260,normal,rare,1,105948,5bb0f6ec-6448-40bd-a819-b828b85b2118,0.29,false,false,near_mint,en,USD
Vanquish the Horde,TDC,Tarkir: Dragonstorm Commander,91,normal,rare,1,104880,ac6ba8a3-5f6e-4eab-af91-fd58f7ea2028,0.25,false,false,near_mint,en,USD
Vanquish the Weak,XLN,Ixalan,127,normal,common,1,3885,e599ed0b-4b3b-4341-b6ac-7fdfdc6799a3,0.03,false,false,near_mint,en,USD
Vanquish the Weak,ZNR,Zendikar Rising,131,normal,common,2,54737,c15852d4-2c79-4841-bb65-6661d88fdfab,0.04,false,false,near_mint,en,USD
Vantress Paladin,ELD,Throne of Eldraine,72,normal,common,1,46266,52dd633f-9a07-47df-adb1-36013fc2f43a,0.05,false,false,near_mint,en,USD
"Varina, Lich Queen",2X2,Double Masters 2022,291,normal,rare,1,70597,f1caccc8-4f33-4ae3-a09a-b41b9c4663a1,2.56,false,false,near_mint,en,USD
"Varragoth, Bloodsky Sire",KHM,Kaldheim,115,normal,rare,1,57142,efa8dbf0-4e5a-452b-826f-5813e8cd9d85,3.41,false,false,near_mint,en,USD
"Varragoth, Bloodsky Sire",FCA,Final Fantasy: Through the Ages,37,normal,rare,1,106416,e6628dee-54b1-4e04-90b2-3b327a2de090,1.9,false,false,near_mint,en,USD
Vastwood Fortification // Vastwood Thicket,ZNR,Zendikar Rising,216,normal,uncommon,1,54521,3a7fd24e-84d8-405d-86e4-0571a9e23cc2,0.13,false,false,near_mint,en,USD
Vastwood Gorger,ORI,Magic Origins,204,normal,common,1,10738,72f53dc9-5397-49e1-97d4-3b0b6858f2b2,0.18,false,false,near_mint,en,USD
Vat Emergence,ONE,Phyrexia: All Will Be One,112,normal,uncommon,2,78503,3a2aeaeb-7853-4588-8a5e-cfd997ba8515,0.12,false,false,near_mint,en,USD
Vat of Rebirth,ONE,Phyrexia: All Will Be One,113,normal,uncommon,2,78445,20a961ea-0639-4f5d-8cf4-f909c59a4ae1,0.19,false,false,near_mint,en,USD
Vault 101: Birthday Party,PIP,Fallout,28,normal,rare,1,92901,fc513659-ea88-4d04-82bd-5bb2e740d957,0.14,false,false,near_mint,en,USD
Vault 112: Sadistic Simulation,PIP,Fallout,123,normal,rare,2,91858,0a0acee2-f6dc-4e92-937b-01e2c07adc55,0.1,false,false,near_mint,en,USD
Vault 13: Dweller's Journey,PIP,Fallout,26,normal,rare,1,92535,a22ad436-215a-4da1-b12e-1faac474f948,0.11,false,false,near_mint,en,USD
Vault 21: House Gambit,PIP,Fallout,69,normal,rare,1,92095,40972644-a284-4c7c-a451-d70eff7488ab,0.12,false,false,near_mint,en,USD
Vaultbreaker,FRF,Fate Reforged,117,normal,uncommon,2,12009,12891fcf-7118-428a-bdfe-9495a77f8b3d,0.03,false,false,near_mint,en,USD
Vayne's Treachery,FIN,Final Fantasy,124,normal,common,7,106569,6de6d23b-7d42-41c1-be1c-010fe43ee586,0.03,false,false,near_mint,en,USD
Vectis Gloves,MH2,Modern Horizons 2,241,normal,uncommon,1,59609,6cc098a4-24fa-492f-91f0-2e8b482c823b,0.06,false,false,near_mint,en,USD
"Vector, Imperial Capital",FIN,Final Fantasy,291,normal,common,5,106512,10e5648e-4884-41e3-95f8-c76f6bca01e2,0.1,false,false,near_mint,en,USD
Vedalken Outlander,CON,Conflux,132,normal,common,1,23597,d75a7314-39f2-4e32-a5b0-ac1761b6d238,0.11,false,false,near_mint,en,USD
Veil of Assimilation,ONE,Phyrexia: All Will Be One,37,normal,uncommon,1,78442,1f9d8d87-e32f-4ad9-8d72-d1b88cd14510,0.06,false,false,near_mint,en,USD
Velomachus Lorehold,TDC,Tarkir: Dragonstorm Commander,309,normal,mythic,2,104646,523d8fe6-1efd-4278-82fe-ea4517e6665c,0.23,false,false,near_mint,en,USD
"Venat, Heart of Hydaelyn // Hydaelyn, the Mothercrystal",FIN,Final Fantasy,39,normal,rare,1,106526,2625c00d-0a51-4481-bf36-cf13a2546242,0.56,false,false,near_mint,en,USD
Venerable Knight,ELD,Throne of Eldraine,35,normal,uncommon,1,46303,0001f1ef-b957-4a55-b47f-14839cdbab6f,0.15,false,false,near_mint,en,USD
Vengeful Bloodwitch,FDN,Foundations,76,normal,uncommon,1,97189,bd0c12dd-f138-45c0-9614-d83a1d8e8399,0.19,false,false,near_mint,en,USD
Vengeful Rebel,AER,Aether Revolt,73,normal,uncommon,1,6341,6e34edfc-77fc-43b5-bad6-1c4c2a76c8c3,0.05,false,false,near_mint,en,USD
Venomous Brutalizer,ONE,Phyrexia: All Will Be One,193,normal,uncommon,1,78897,dd9df44a-a0ab-435f-914c-aa11cd88f4ec,0.1,false,false,near_mint,en,USD
"Venser, Corpse Puppet",ONE,Phyrexia: All Will Be One,219,normal,rare,1,78432,1b5b94b8-0420-40f2-b989-39cb43cff916,0.13,false,false,near_mint,en,USD
"Venser, Shaper Savant",FCA,Final Fantasy: Through the Ages,6,normal,rare,2,106369,d9aa060d-8682-4803-9ab9-052250e3d794,0.62,false,false,near_mint,en,USD
"Venser, Shaper Savant",J25,Foundations Jumpstart,66,normal,rare,1,100582,61c1b191-e471-479b-96a8-6d0325965767,0.41,false,false,near_mint,en,USD
"Veronica, Dissident Scribe",PIP,Fallout,70,normal,rare,1,91959,2325aa29-7050-42a5-a0b4-c162db2192c9,0.12,false,false,near_mint,en,USD
"Verrak, Warped Sengir",DMC,Dominaria United Commander,16,normal,rare,1,71601,8ca7f49a-ab5a-49de-b07b-96c803daaf7d,0.85,false,false,near_mint,en,USD
Vessel of Ephemera,SOI,Shadows over Innistrad,48,normal,common,1,8948,f4051020-688c-473a-9a08-b62f0fd75675,0.04,false,false,near_mint,en,USD
Veteran Dungeoneer,AFR,Adventures in the Forgotten Realms,40,normal,common,1,60458,d8fe33b3-afaf-4a98-ae64-7d7e0eabe993,0.04,false,false,near_mint,en,USD
Veteran Guardmouse,BLB,Bloomburrow,237,normal,common,1,95771,3db43c46-b616-4ef8-80ed-0fab345ab3d0,0.04,false,false,near_mint,en,USD
"Veyran, Voice of Duality",TDC,Tarkir: Dragonstorm Commander,310,normal,mythic,1,104803,90197eca-271c-4047-90e0-00b2579a94f2,5.09,false,false,near_mint,en,USD
Vial Smasher the Fierce,DSC,Duskmourn: House of Horror Commander,239,normal,mythic,1,99349,cc7be939-2202-40fe-8899-a05682d76190,0.88,false,false,near_mint,en,USD
Viashino Outrider,USG,Urza's Saga,223,normal,common,1,35745,26ba659c-7e0f-4d8b-b91c-3c0725102ba2,0.1,false,false,near_mint,en,USD
Viashino Pyromancer,FDN,Foundations,634,normal,common,1,100905,9f52ada2-cabc-46a3-99df-271833a86909,0.14,false,false,near_mint,en,USD
Victimize,TDC,Tarkir: Dragonstorm Commander,198,normal,uncommon,2,105036,ee008d81-df28-49a8-917d-44f66527e469,0.41,false,false,near_mint,en,USD
"Victor, Valgavoth's Seneschal",DSK,Duskmourn: House of Horror,364,normal,rare,1,98697,1db4440e-0107-434d-9d8e-77a11bc0245a,0.26,false,false,near_mint,en,USD
Vile Entomber,FDN,Foundations,616,normal,uncommon,1,100755,833b5a32-5d77-4e46-a524-25bada29ef59,0.32,false,false,near_mint,en,USD
Vile Manifestation,HOU,Hour of Devastation,80,normal,uncommon,1,4595,7160bc31-bdfa-4654-9d69-95ee2a5fe870,0.09,false,false,near_mint,en,USD
Vile Mutilator,DSK,Duskmourn: House of Horror,122,normal,uncommon,1,98811,383fe040-98bb-40f3-b809-48c429b83f47,0.12,false,false,near_mint,en,USD
Village Rites,INR,Innistrad Remastered,137,normal,common,1,102519,42ed35e9-51cd-468a-86a9-9412553cf50d,0.25,false,false,near_mint,en,USD
Villagers of Estwald // Howlpack of Estwald,INR,Innistrad Remastered,224,normal,common,1,102480,319b65f6-a6e6-45ea-9837-bc5831f54205,0.03,false,false,near_mint,en,USD
Vincent Valentine // Galian Beast,FIN,Final Fantasy,125,normal,rare,1,106265,028ef608-acfe-4e9d-90db-eca4411ba78a,0.74,false,false,near_mint,en,USD
Vincent's Limit Break,FIN,Final Fantasy,126,normal,common,8,106499,0502c426-5271-4989-8598-5bc159afe79c,0.05,false,false,near_mint,en,USD
"Vincent, Vengeful Atoner",FIC,Final Fantasy Commander,64,normal,rare,1,106076,9e53d0b2-eeb0-4d54-86e5-723e05aaf6da,0.36,false,false,near_mint,en,USD
Vindicate,FIC,Final Fantasy Commander,330,normal,rare,1,105842,1b2c1bf2-d03a-4cd5-ab51-26c928949497,0.29,false,false,near_mint,en,USD
Vine Gecko,ZNR,Zendikar Rising,219,normal,uncommon,2,54617,7a6f9984-dec7-4a1f-91d6-1e85b5df5e4c,0.07,false,false,near_mint,en,USD
Vineglimmer Snarl,FIC,Final Fantasy Commander,440,normal,rare,1,105888,353758ce-419f-4f6a-93f4-42a746c4a26d,0.16,false,false,near_mint,en,USD
Viral Spawning,ONE,Phyrexia: All Will Be One,194,normal,uncommon,2,78677,85ad30a1-3ecc-42ca-afe8-85df5bad9196,0.05,false,false,near_mint,en,USD
"Vish Kal, Blood Arbiter",2XM,Double Masters,226,normal,rare,1,52002,ba5f9d21-4cc9-4b7e-9f55-322dcf91c1b7,0.62,false,false,near_mint,en,USD
Vivi Ornitier,FIN,Final Fantasy,248,normal,mythic,1,105748,ecc1027a-8c07-44a0-bdde-fa2844cff694,25.68,false,false,near_mint,en,USD
Vivisection Evangelist,ONE,Phyrexia: All Will Be One,220,normal,uncommon,4,78584,626c46a3-72b8-4e04-adf2-c9c7aaf94f04,0.05,false,false,near_mint,en,USD
Vivisurgeon's Insight,ONE,Phyrexia: All Will Be One,77,normal,common,2,78855,cd244359-781e-4e1d-946d-243664f40c7c,0.08,false,false,near_mint,en,USD
Vizkopa Vampire,CLU,Ravnica: Clue Edition,217,normal,common,2,90801,3b4404a1-b1ab-4a11-98b0-fe3b6723fcb8,0.2,false,false,near_mint,en,USD
Voda Sea Scavenger,DMU,Dominaria United,74,normal,common,1,71335,2a3cc789-cbb8-4dae-a749-af169832dd7b,0.05,false,false,near_mint,en,USD
"Vohar, Vodalian Desecrator",DMU,Dominaria United,325,normal,uncommon,1,71668,a573c574-754a-4994-881c-ca5177727775,0.12,false,false,near_mint,en,USD
Void Rend,SNC,Streets of New Capenna,338,normal,rare,1,67717,41f2392d-7b1d-4521-b940-5ef44c464813,0.69,false,false,near_mint,en,USD
Void Rend,FIC,Final Fantasy Commander,331,normal,rare,1,106125,b1fe4252-f5f8-405a-82c4-2c7b35e7e7fb,0.3,false,false,near_mint,en,USD
Voidwing Hybrid,ONE,Phyrexia: All Will Be One,221,normal,uncommon,4,78685,8a48705f-bd8a-43f1-b1fe-14a5c9a83ccd,0.08,false,false,near_mint,en,USD
Volatile Fault,M3C,Modern Horizons 3 Commander,407,normal,uncommon,1,95045,d9a42082-615c-4387-a77c-97ee94153c57,0.17,false,false,near_mint,en,USD
Volatile Stormdrake,MH3,Modern Horizons 3,79,normal,rare,1,94397,2e6e3232-8bb8-4504-9597-dfdfc6d634bd,0.74,false,false,near_mint,en,USD
Volcanic Dragon,CMR,Commander Legends,207,normal,uncommon,3,56057,46419d29-21a1-4753-a2f0-1d0d996ec54e,0.08,false,false,near_mint,en,USD
Volcanic Rambler,ORI,Magic Origins,167,normal,common,2,10775,7fc075ee-16e9-4cf5-bbb0-7b3b4b9eb3f4,0.06,false,false,near_mint,en,USD
Volcanic Torrent,OTC,Outlaws of Thunder Junction Commander,184,normal,uncommon,1,93910,e7dc57e7-babe-45bf-991b-d464b6e66bba,0.14,false,false,near_mint,en,USD
Voldaren Duelist,INR,Innistrad Remastered,181,normal,common,1,102629,7e2df669-a996-4692-9c04-7ba236595076,0.03,false,false,near_mint,en,USD
Voldaren Epicure,VOW,Innistrad: Crimson Vow,308,normal,common,1,64489,feda6bb3-ee22-489c-bcfd-52ef04841024,0.14,false,false,near_mint,en,USD
Voldaren Epicure,INR,Innistrad Remastered,182,normal,common,2,102824,e8fe855c-fe94-4de7-a033-9892a9d6ee0e,0.21,false,false,near_mint,en,USD
Voldaren Stinger,MID,Innistrad: Midnight Hunt,167,normal,common,1,63504,f27a7c78-3a64-42fc-8808-15b1f41976a1,0.1,false,false,near_mint,en,USD
Volt Charge,ONE,Phyrexia: All Will Be One,155,normal,common,4,78630,73d74045-cc9b-4b01-bc5f-0f2eb4b01580,0.07,false,false,near_mint,en,USD
"Vona, Butcher of Magan",LCC,The Lost Caverns of Ixalan Commander,293,normal,mythic,1,88358,27beed9c-a42e-46de-8fbc-885da337ae75,0.18,false,false,near_mint,en,USD
Voracious Bibliophile,TDC,Tarkir: Dragonstorm Commander,23,normal,rare,1,104746,77d2c30b-3130-4d9d-bd3d-484fe6dc306d,0.23,false,false,near_mint,en,USD
Voracious Typhon,THB,Theros Beyond Death,203,normal,common,1,46859,efa2bccb-0e01-4629-b9a8-5c0ea26239b3,0.02,false,false,near_mint,en,USD
Vow of Duty,MKC,Murders at Karlov Manor Commander,89,normal,uncommon,1,90283,210920ef-917b-4e2c-a5da-1180baa37959,0.07,false,false,near_mint,en,USD
Vow of Wildness,CMR,Commander Legends,262,normal,uncommon,1,55738,764fa7f1-b92b-42cc-983e-e0b5457369a7,0.08,false,false,near_mint,en,USD
"Vraan, Executioner Thane",ONE,Phyrexia: All Will Be One,114,normal,rare,1,78535,4c4a3119-c70a-46ff-8ede-6356f2b7bc13,0.35,false,false,near_mint,en,USD
Vraska's Fall,ONE,Phyrexia: All Will Be One,116,normal,common,1,78369,0173b7b4-2832-4943-ba45-8ba498d7a056,1.09,false,false,near_mint,en,USD
"Vraska, Betrayal's Sting",ONE,Phyrexia: All Will Be One,115,normal,mythic,1,78949,f59f2b07-47ad-4efd-ae8c-1c04b9265024,6.03,false,false,near_mint,en,USD
Vulpikeet,IKO,Ikoria: Lair of Behemoths,282,normal,common,3,49795,044dae1f-a767-49f8-b4e2-85161f2685d5,0.12,false,false,near_mint,en,USD
Vulshok Factory,ONC,Phyrexia: All Will Be One Commander,16,normal,rare,1,78781,b1c40dd7-6839-49ae-9901-443fd5748877,0.12,false,false,near_mint,en,USD
Vulshok Gauntlets,2XM,Double Masters,305,normal,common,1,52155,7318db50-1b78-4cc0-954b-9798af26a633,0.07,false,false,near_mint,en,USD
Vulshok Splitter,ONE,Phyrexia: All Will Be One,156,normal,common,1,78939,f05078dd-b928-4b3f-9636-f299ebac180b,0.04,false,false,near_mint,en,USD
Wake the Past,PIP,Fallout,221,normal,rare,1,92111,4548087a-9e65-4d57-988c-2b42c2801197,0.17,false,false,near_mint,en,USD
"Wakka, Devoted Guardian",FIC,Final Fantasy Commander,97,normal,rare,1,106079,9f7fcef4-99fc-4df2-b0f5-4398f71b2fcf,0.19,false,false,near_mint,en,USD
Walking Ballista,FIC,Final Fantasy Commander,371,normal,rare,1,105933,50507ec0-72ff-4110-a73c-b6f256ac2e35,6.28,false,false,near_mint,en,USD
Walking Corpse,M21,Core Set 2021,128,normal,common,1,50691,053b59b4-a22c-4228-aadc-ae9da6bb465e,0.03,false,false,near_mint,en,USD
Wall of Omens,FCA,Final Fantasy: Through the Ages,27,normal,uncommon,1,105693,ae94ab2a-5a6b-4358-ad7f-bdc9a98a9ac0,0.2,false,false,near_mint,en,USD
Wanderer's Intervention,NEO,Kamigawa: Neon Dynasty,41,normal,common,1,66684,43708ec9-a85a-4244-86b4-67b30b41d854,0.05,false,false,near_mint,en,USD
Wandering Mind,INR,Innistrad Remastered,252,normal,uncommon,3,102741,b57491d9-ac52-4598-ac36-bed842f141a1,0.05,false,false,near_mint,en,USD
Wanderlight Spirit,VOW,Innistrad: Crimson Vow,86,normal,common,3,64281,7bb3ce5d-330d-427e-a053-8cc4eeb2941b,0.03,false,false,near_mint,en,USD
War Effort,TDM,Tarkir: Dragonstorm,131,normal,uncommon,1,105007,dd7f0413-c009-4c08-b877-9c1b776cbf26,0.1,false,false,near_mint,en,USD
War-Torch Goblin,RAV,Ravnica: City of Guilds,151,normal,common,1,27859,259469b3-1212-4030-97ae-a84f132798d4,0.09,false,false,near_mint,en,USD
War-Trained Slasher,MOM,March of the Machine,172,normal,common,1,81445,c2a87c5d-5efc-4ceb-b165-27f807117f71,0.07,false,false,near_mint,en,USD
Warden of Evos Isle,CMR,Commander Legends,106,normal,uncommon,2,55720,6bfc5cef-aa9b-45d4-a9c3-4b157e4ed193,0.15,false,false,near_mint,en,USD
Warlock Class,AFR,Adventures in the Forgotten Realms,125,normal,uncommon,1,60395,b7faf899-96b7-454e-b634-6684c2d72f26,0.12,false,false,near_mint,en,USD
Warmind Infantry,GTC,Gatecrash,111,normal,common,1,16713,d8a5f801-9e55-4e14-85b0-5719521cd9d6,0.09,false,false,near_mint,en,USD
Warrior's Sword,FIN,Final Fantasy,169,normal,common,8,106296,cb98a7dd-542e-4448-b3bb-ff5d67a36535,0.05,false,false,near_mint,en,USD
Wary Thespian,FDN,Foundations,235,normal,common,1,101574,a3d62d04-0974-4cb5-9a35-5e996c6456e2,0.04,false,false,near_mint,en,USD
Wash Away,VOW,Innistrad: Crimson Vow,87,normal,uncommon,1,64172,43411ade-be80-4535-8baa-7055e78496df,0.56,false,false,near_mint,en,USD
Wasteland Survival Guide,TPIP,Fallout Tokens,20,normal,common,1,92582,ad073c87-42f2-45f0-9613-2cdbd0abf719,,false,false,near_mint,en,USD
Wastes,FIN,Final Fantasy,309,normal,common,2,105711,c61feafd-ef09-437c-a12c-fd7d6cb8c15a,0.37,false,false,near_mint,en,USD
Watcher in the Web,SOI,Shadows over Innistrad,239,normal,common,1,8757,be1ee2d4-5992-4081-9907-4bc26750aff0,0.13,false,false,near_mint,en,USD
Watcher of the Spheres,M21,Core Set 2021,227,normal,uncommon,1,50764,354b9ea4-3d55-48cc-b426-c46b1d1bb397,0.51,false,false,near_mint,en,USD
Watcher of the Wayside,TDM,Tarkir: Dragonstorm,249,normal,common,1,104262,2dcafdac-a293-4adc-a540-3b3f469cf6f3,0.03,false,false,near_mint,en,USD
Watchful Blisterzoa,ONE,Phyrexia: All Will Be One,78,normal,uncommon,2,78757,a895f63f-3c59-4249-9346-55ef489944fc,0.04,false,false,near_mint,en,USD
Watercourser,BBD,Battlebond,137,normal,common,1,1856,4826219d-c9f0-4589-8b5e-32128259c374,0.02,false,false,near_mint,en,USD
Waterfall Aerialist,STX,Strixhaven: School of Mages,61,normal,common,2,58166,7bc6966c-18d9-4675-9594-6f0b2d11c405,0.06,false,false,near_mint,en,USD
Watertrap Weaver,XLN,Ixalan,87,normal,common,1,3925,0d973568-d7b0-443f-a09d-44f6b02da5d4,0.04,false,false,near_mint,en,USD
Wayfarer's Bauble,M3C,Modern Horizons 3 Commander,315,normal,common,2,94740,45794583-7f65-48e4-8d91-b2f8994c4215,0.31,false,false,near_mint,en,USD
Wayfarer's Bauble,FIC,Final Fantasy Commander,372,normal,common,1,105976,69dd3fa7-5498-4b88-bc98-6de8ca5fe007,0.24,false,false,near_mint,en,USD
Wayfarer's Bauble,PIP,Fallout,252,normal,common,1,91847,084b7503-d05b-4eac-bb6f-ef3bf696437d,0.28,false,false,near_mint,en,USD
Weapon Rack,ELD,Throne of Eldraine,236,normal,common,2,46102,89ca22d2-3ba5-4173-9c8c-6587a901ff4a,0.07,false,false,near_mint,en,USD
Weapon Surge,2XM,Double Masters,150,normal,common,1,52098,19330317-0c5e-44fc-bb87-89b3f6dd3704,0.07,false,false,near_mint,en,USD
Weapons Trainer,2XM,Double Masters,228,normal,uncommon,1,52187,bcaa5ed4-041d-47d6-a4e0-baf8910430ed,0.06,false,false,near_mint,en,USD
Weapons Vendor,FIN,Final Fantasy,40,normal,common,8,106651,c9e6b374-3e44-4df7-b0a3-4ef98dc08267,0.06,false,false,near_mint,en,USD
Weary Prisoner // Wrathful Jailbreaker,VOW,Innistrad: Crimson Vow,184,normal,common,3,64448,e641467b-ac2e-4d29-aed7-5cc227c3b1ce,0.05,false,false,near_mint,en,USD
Wedding Announcement // Wedding Festivity,INR,Innistrad Remastered,51,normal,rare,1,102535,4e6f365d-c5c4-4fd6-94cb-833b89239d73,0.73,false,false,near_mint,en,USD
Wedding Invitation,VOW,Innistrad: Crimson Vow,260,normal,common,1,64438,ddc22ff6-4081-47ce-bc8a-e063f5f4d044,0.15,false,false,near_mint,en,USD
Weight of the Underworld,ORI,Magic Origins,126,normal,common,1,10816,e2f31943-e26c-4bd2-bdbd-d980836f99b9,0.04,false,false,near_mint,en,USD
Welcoming Vampire,TDC,Tarkir: Dragonstorm Commander,140,normal,rare,1,104545,35a69bb5-b8e6-4558-9563-10c7a3662f93,0.53,false,false,near_mint,en,USD
Welding Jar,2XM,Double Masters,307,normal,uncommon,1,52106,275ec0c4-1c59-4818-9999-b2389d17c2e7,1.34,false,false,near_mint,en,USD
Welding Sparks,CMR,Commander Legends,210,normal,common,2,55619,346cc190-6825-4226-8ea5-71abe788454d,0.04,false,false,near_mint,en,USD
Well Rested,PIP,Fallout,88,normal,uncommon,1,92846,ed640359-01e2-4a96-a4ab-aca053a2498d,1.16,false,false,near_mint,en,USD
"Westvale Abbey // Ormendahl, Profane Prince",INR,Innistrad Remastered,287,normal,rare,3,102562,5fbc6091-a161-45b0-9932-543b569caaee,3.46,false,false,near_mint,en,USD
Whack,SNC,Streets of New Capenna,99,normal,uncommon,1,68006,c862769d-f8bd-4cb6-b2b2-816179795f8b,0.05,false,false,near_mint,en,USD
Wheel of Potential,MH3,Modern Horizons 3,336,normal,rare,1,94523,84a00e86-39c0-4c8b-8285-ab527f2a0c57,0.58,false,false,near_mint,en,USD
Whirler Rogue,PIP,Fallout,181,normal,uncommon,1,92460,91323e0e-5384-4571-a7c0-0e2c2ed45f02,0.11,false,false,near_mint,en,USD
Whirler Rogue,DRC,Aetherdrift Commander,85,normal,uncommon,1,103000,3f2ddb63-e4d0-418e-9ec7-70add0ed06a8,0.37,false,false,near_mint,en,USD
Whirler Virtuoso,DRC,Aetherdrift Commander,122,normal,uncommon,1,103324,e6f210bf-30c9-4904-9ceb-4ab180938f09,0.05,false,false,near_mint,en,USD
Whirlermaker,KLD,Kaladesh,239,normal,uncommon,1,7404,ff1a1246-d5a0-43dc-825a-062a3bb4def9,0.13,false,false,near_mint,en,USD
Whirlwind Adept,UMA,Ultimate Masters,82,normal,common,1,43419,9fdbe6b5-7f67-42f1-be8f-637c35417925,0.05,false,false,near_mint,en,USD
Whirlwind of Thought,TDC,Tarkir: Dragonstorm Commander,311,normal,rare,1,104703,67d032f9-4faf-42eb-86ba-3fadfea84a27,0.23,false,false,near_mint,en,USD
Whiskerquill Scribe,BLB,Bloomburrow,161,normal,common,1,96124,da653996-9bd4-40bd-afb4-48c7e070a269,0.04,false,false,near_mint,en,USD
Whisper of the Dross,ONE,Phyrexia: All Will Be One,117,normal,common,6,78561,58d287e8-5297-415a-97d5-02002470c52b,0.16,false,false,near_mint,en,USD
Whisper Squad,IKO,Ikoria: Lair of Behemoths,105,normal,common,2,49972,097eeb32-cfd5-4adb-ac30-d7762e6ea48f,0.05,false,false,near_mint,en,USD
Whisperer of the Wilds,2XM,Double Masters,187,normal,common,1,52110,2cf17d8a-c7ee-4909-bc80-4138dcfe7e67,0.11,false,false,near_mint,en,USD
Whispering Wizard,VOW,Innistrad: Crimson Vow,88,normal,uncommon,1,64221,54fb422d-71f2-44ed-9589-32630ab87050,0.09,false,false,near_mint,en,USD
White Auracite,FIN,Final Fantasy,41,normal,common,13,105873,2df6f515-9d21-4769-b1c4-c219611bccbb,0.12,false,false,near_mint,en,USD
White Mage's Staff,FIN,Final Fantasy,42,normal,common,8,105584,30db372e-0b4c-4e16-9667-bf3fda666f72,0.05,false,false,near_mint,en,USD
White Sun's Twilight,ONE,Phyrexia: All Will Be One,38,normal,rare,1,78983,fff13d77-8133-4328-b91e-efce229bc331,1.47,false,false,near_mint,en,USD
White Sun's Zenith,ONC,Phyrexia: All Will Be One Commander,90,normal,rare,1,78899,df11cf8d-ca63-4c3e-a567-b6a403a81aa7,0.62,false,false,near_mint,en,USD
Wicked Guardian,ELD,Throne of Eldraine,109,normal,common,1,46229,71cd91b2-0f9b-4582-ad90-32fa3ee1fde7,0.05,false,false,near_mint,en,USD
Wild Growth,PIP,Fallout,208,normal,common,1,91907,16fdfa77-424a-4f83-bb48-1c43b6c84b17,0.36,false,false,near_mint,en,USD
Wild Instincts,ORI,Magic Origins,206,normal,common,1,10736,58fafd9d-777f-4d88-ad93-63af6d7ef274,0.06,false,false,near_mint,en,USD
Wild Ricochet,CMR,Commander Legends,419,normal,rare,1,56129,8d3dddfa-9579-42d7-867b-7e37b83b3eeb,0.38,false,false,near_mint,en,USD
Wild Ride,TDM,Tarkir: Dragonstorm,132,normal,common,2,105154,abc8c6f5-6135-428e-8476-1751f82623f9,0.15,false,false,near_mint,en,USD
Wild-Field Scarecrow,INR,Innistrad Remastered,274,normal,common,1,102429,13629238-f907-47b7-bdba-164e38c7b6d2,0.06,false,false,near_mint,en,USD
Wildfire Devils,C21,Commander 2021,183,normal,rare,1,58737,f2181ef5-963a-4e3b-805d-b3a04f4bef5e,0.22,false,false,near_mint,en,USD
Wildheart Invoker,FDN,Foundations,561,normal,common,1,100581,60f42969-bb5c-4183-8bd3-ba87f008391d,0.14,false,false,near_mint,en,USD
Wildwood Tracker,ELD,Throne of Eldraine,183,normal,common,2,46155,3538eba1-475a-4388-8a72-55ab7cd1027e,0.07,false,false,near_mint,en,USD
Wind Strider,XLN,Ixalan,88,normal,common,1,3924,613a8ab1-9c5e-4b56-aa51-daeb8c1983b9,0.03,false,false,near_mint,en,USD
Wind-Kin Raiders,AER,Aether Revolt,50,normal,uncommon,1,6364,fbfaa040-61fd-4705-a7ee-c67b49f740e3,0.08,false,false,near_mint,en,USD
Wind-Scarred Crag,CMR,Commander Legends,502,normal,common,1,56139,9bf1fd55-9e9f-49c2-bf4f-439a18f7f36a,0.13,false,false,near_mint,en,USD
Wind-Scarred Crag,IKO,Ikoria: Lair of Behemoths,258,normal,common,2,49819,86367edc-9587-4f3b-aa95-c3a2bfc8c6f4,0.08,false,false,near_mint,en,USD
Windbrisk Heights,TDC,Tarkir: Dragonstorm Commander,411,normal,rare,1,105009,df441bae-3b9c-46a9-8287-870c00d58a64,0.24,false,false,near_mint,en,USD
Windcrag Siege,TDM,Tarkir: Dragonstorm,392,normal,rare,1,104892,b32111e6-c389-4dcd-9dcd-29ee7ee238e6,3.01,false,false,near_mint,en,USD
Windreader Sphinx,M19,Core Set 2019,84,normal,rare,1,1228,a5964daa-2f9e-4a4b-a091-91e7adc3e9c3,0.2,false,false,near_mint,en,USD
"Windurst, Federation Center",FIN,Final Fantasy,292,normal,common,5,106649,c74024bd-b383-468d-9cf5-d112a29f6457,0.09,false,false,near_mint,en,USD
Wing Commando,BRO,The Brothers' War,73,normal,common,1,75419,43e640c3-02bb-453c-a609-05d8214e2e2e,0.03,false,false,near_mint,en,USD
Winged Words,M20,Core Set 2020,80,normal,common,1,45381,ff765065-b160-49b6-99ac-cd695bd0d903,0.16,false,false,near_mint,en,USD
Wingfold Pteron,IKO,Ikoria: Lair of Behemoths,71,normal,common,1,50006,11e21a5f-fae7-4488-9463-f0af6e4c5233,0.03,false,false,near_mint,en,USD
Wings of Hubris,THB,Theros Beyond Death,241,normal,common,1,46821,e3ef8f96-3e3c-4b1b-8180-3b38c7deaaff,0.06,false,false,near_mint,en,USD
Wingshield Agent,SNC,Streets of New Capenna,64,normal,uncommon,1,67968,b9ec36ec-1a9c-41db-b304-c23286a4d182,0.03,false,false,near_mint,en,USD
Wingspan Stride,TDM,Tarkir: Dragonstorm,66,normal,common,1,104541,339a0e24-c332-4558-bb60-f5504ddde88c,0.03,false,false,near_mint,en,USD
Wirewood Pride,ONS,Onslaught,303,normal,common,1,31000,a559e844-06c9-4953-bc2c-a58e4170fe47,0.18,false,false,near_mint,en,USD
Wirewood Symbiote,MH3,Modern Horizons 3,288,normal,uncommon,1,94627,d237f5cc-2b9b-4929-9697-72078bac4c77,0.13,false,false,near_mint,en,USD
Wishful Merfolk,ELD,Throne of Eldraine,73,normal,common,1,46265,f9358d5d-726e-43e0-a58e-4cfe7c755913,0.11,false,false,near_mint,en,USD
Wispdrinker Vampire,MKM,Murders at Karlov Manor,243,normal,uncommon,1,91091,a3490c05-d12c-4483-acbc-1b4ae68877f0,0.15,false,false,near_mint,en,USD
Witch's Oven,ELD,Throne of Eldraine,237,normal,uncommon,1,46101,04ef8493-d986-45f8-a718-617b028f7ad4,0.61,false,false,near_mint,en,USD
Witch's Web,VOW,Innistrad: Crimson Vow,227,normal,common,5,64088,0d021207-76be-4bc9-bb71-df991a04d8d8,0.06,false,false,near_mint,en,USD
Witching Well,CMM,Commander Masters,135,normal,common,1,84913,d2f028cd-1cb4-4a5b-b989-4acd8777ac5c,0.07,false,false,near_mint,en,USD
Wither and Bloom,MH3,Modern Horizons 3,111,normal,common,1,94871,95c2390f-71f1-4e42-83da-d603ca86a8d0,0.02,false,false,near_mint,en,USD
Witherbloom Campus,STX,Strixhaven: School of Mages,275,normal,common,1,58144,7346fb2e-754e-47de-b33d-eb089b357ee4,0.1,false,false,near_mint,en,USD
Witherbloom Pledgemage,STX,Strixhaven: School of Mages,249,normal,common,2,58252,a6cc6914-2dcb-411d-90a5-01853ff2d5b8,0.03,false,false,near_mint,en,USD
Withercrown,KHM,Kaldheim,119,normal,common,2,56887,597fe119-64a7-4499-8b69-738af5a71a20,0.07,false,false,near_mint,en,USD
Without Weakness,HOU,Hour of Devastation,81,normal,common,1,4594,d6695fa8-881c-407c-91d9-3ac770372d35,0.08,false,false,near_mint,en,USD
Witness of Tomorrows,THB,Theros Beyond Death,82,normal,common,1,46980,64cd9d60-826c-4b35-9684-dccb0880399e,0.04,false,false,near_mint,en,USD
Witness Protection,FDN,Foundations,168,normal,common,1,101621,f231e981-0069-43ce-ac1c-c85ced613e93,0.11,false,false,near_mint,en,USD
Witness the Future,VOW,Innistrad: Crimson Vow,90,normal,uncommon,1,64421,d0b3683f-a68b-458c-8f70-bba0f8779b8a,0.12,false,false,near_mint,en,USD
Wizard Class,AFR,Adventures in the Forgotten Realms,81,normal,uncommon,1,60443,d1f629fb-b097-4240-8560-ef47f5678f48,0.98,false,false,near_mint,en,USD
Woebringer Demon,RVR,Ravnica Remastered,98,normal,uncommon,1,89785,88b86280-f7a5-4d4d-bc00-71f21590835e,0.06,false,false,near_mint,en,USD
Wolf Strike,VOW,Innistrad: Crimson Vow,228,normal,common,1,64063,02e9cd00-7ffd-44e1-aa0f-c94489ff4a0f,0.04,false,false,near_mint,en,USD
Wolf's Quarry,ELD,Throne of Eldraine,184,normal,common,1,46154,5d21c15f-378e-4abf-992f-9743aa6ab6b8,0.04,false,false,near_mint,en,USD
Wolfhunter's Quiver,DKA,Dark Ascension,154,normal,uncommon,1,18383,d84c9b19-9b4d-4a60-984f-636b749c8bcc,0.09,false,false,near_mint,en,USD
Woodcutter's Grit,EMN,Eldritch Moon,179,normal,common,1,8155,cc329134-4b71-4c33-8cfb-c3867a733115,0.07,false,false,near_mint,en,USD
Wooded Ridgeline,FIC,Final Fantasy Commander,441,normal,common,1,105970,672b6ef0-a21a-4bf0-9058-58d9a353ed57,0.16,false,false,near_mint,en,USD
Woodland Champion,2XM,Double Masters,188,normal,uncommon,1,52087,021bc8f5-3992-4d6a-9806-ed43c89e99f2,0.08,false,false,near_mint,en,USD
Woodweaver's Puzzleknot,KLD,Kaladesh,240,normal,common,2,7403,899d7420-f16d-4910-adf7-6deff47ecf1e,0.05,false,false,near_mint,en,USD
Workshop Assistant,CMR,Commander Legends,348,normal,common,1,56234,e9387e8f-0e72-4212-81c8-e64050700c52,0.07,false,false,near_mint,en,USD
World Map,FIN,Final Fantasy,270,normal,common,8,106572,70d9ab99-ec8a-402e-ba1d-ffa6c4c84a3f,0.07,false,false,near_mint,en,USD
Worm Harvest,C18,Commander 2018,194,normal,rare,1,649,36b5c006-115f-441e-84d4-fbff390a2c00,0.26,false,false,near_mint,en,USD
Worn Powerstone,MH3,Modern Horizons 3,298,normal,uncommon,1,94578,ace686ad-9e3f-41b3-b8eb-d1b6d45eb4e1,0.24,false,false,near_mint,en,USD
Wrath of the Skies,MH3,Modern Horizons 3,49,normal,rare,1,94441,4ef1882e-b422-4f30-8a6c-bd71c2601660,1.12,false,false,near_mint,en,USD
Wrecking Ball Arm,FIC,Final Fantasy Commander,100,normal,rare,1,106210,e1f16620-08d6-49bd-9f75-d89ae46bfd1f,0.38,false,false,near_mint,en,USD
Wrecking Crew,SNC,Streets of New Capenna,132,normal,common,1,67883,92691507-b1ce-40d0-87e7-b79e81370511,0.03,false,false,near_mint,en,USD
Wretched Gryff,INR,Innistrad Remastered,7,normal,common,3,102602,722b519a-715d-4393-9d3c-97f329896ef4,0.03,false,false,near_mint,en,USD
Wretched Throng,INR,Innistrad Remastered,94,normal,common,1,102713,a8ecbf3e-24ea-4bce-b97b-7f96668f2e14,0.02,false,false,near_mint,en,USD
Writhing Chrysalis,MH3,Modern Horizons 3,208,normal,common,1,94680,f54dbeb1-51f8-40e2-912a-ec25457de5a2,0.23,false,false,near_mint,en,USD
"Xande, Dark Mage",FIN,Final Fantasy,561,normal,rare,1,105846,1caed9a8-b73b-470e-b9d8-8c3b7cac3eee,0.19,false,false,near_mint,en,USD
"Xantcha, Sleeper Agent",CMM,Commander Masters,362,normal,rare,1,84620,91316746-ec2b-4c1a-b9c4-a870d6318c33,1.49,false,false,near_mint,en,USD
Y'shtola Rhul,FIN,Final Fantasy,86,normal,mythic,1,105694,aef218fa-13a4-4653-95d6-6b3ef1b33a92,3.14,false,false,near_mint,en,USD
"Y'shtola, Night's Blessed",FIC,Final Fantasy Commander,7,normal,mythic,1,103803,c7f2c2d5-e052-49e8-b5de-712858c2ea78,2.98,false,false,near_mint,en,USD
Yahenni's Expertise,AER,Aether Revolt,75,normal,rare,1,6339,f2f28735-122c-45ba-bde5-decfd9b11b32,0.35,false,false,near_mint,en,USD
"Yargle, Glutton of Urborg",MUL,Multiverse Legends,19,normal,uncommon,1,81243,e07104c8-3af9-44ff-8f24-ce420333e05b,0.13,false,false,near_mint,en,USD
"Yarok, the Desecrated",MUL,Multiverse Legends,63,normal,mythic,1,81465,e56ba25b-1803-4e1a-b7cf-c2c873159010,3.89,false,false,near_mint,en,USD
Yavimaya Iconoclast,DMU,Dominaria United,190,normal,uncommon,1,71289,1b1af9be-7f5e-48e9-a6e7-9261e199812e,0.1,false,false,near_mint,en,USD
Yoked Ox,M20,Core Set 2020,41,normal,common,1,45420,a73f186b-c897-4a98-bc25-8e4aa348d8c9,0.07,false,false,near_mint,en,USD
You Are Already Dead,NEO,Kamigawa: Neon Dynasty,129,normal,common,1,66554,768727ce-4f84-4527-8d69-3c9b7877b748,0.1,false,false,near_mint,en,USD
You See a Guard Approach,AFR,Adventures in the Forgotten Realms,85,normal,common,11,60195,30c5fd8e-753a-45e1-bcdd-fb6e072ffbb0,0.1,false,false,near_mint,en,USD
You're Ambushed on the Road,AFR,Adventures in the Forgotten Realms,43,normal,common,8,60287,726da84a-fdd4-46df-8ba4-f94d582bcce4,0.06,false,false,near_mint,en,USD
You're Not Alone,FIN,Final Fantasy,44,normal,common,5,106327,1867b5cb-2bb0-4f49-b302-036fdffa2344,0.06,false,false,near_mint,en,USD
Young Pyromancer,TDC,Tarkir: Dragonstorm Commander,95,normal,uncommon,1,104928,c0d74ecd-a595-4012-81b4-083264b40c94,0.22,false,false,near_mint,en,USD
"Yuffie, Materia Hunter",FIC,Final Fantasy Commander,65,normal,rare,1,105829,117bb5db-4a1c-4704-b0b5-c67b45ac2f52,0.25,false,false,near_mint,en,USD
Yuna's Decision,FIC,Final Fantasy Commander,74,normal,rare,1,105932,5044eedb-f7d9-4b65-aa5b-fb494d00facd,0.14,false,false,near_mint,en,USD
Yuna's Whistle,FIC,Final Fantasy Commander,75,normal,rare,1,106038,8e591a23-15c3-4a65-a9d2-d1ce0f83552c,0.15,false,false,near_mint,en,USD
"Yuna, Grand Summoner",FIC,Final Fantasy Commander,8,normal,mythic,1,105668,930da933-4263-40ff-96af-4bd9e797249e,3.84,false,false,near_mint,en,USD
"Yuna, Grand Summoner",PW25,Wizards Play Network 2025,16,foil,mythic,1,109622,31572625-b4a8-4ac0-8f08-999d6a6636d7,,false,false,near_mint,en,USD
"Yuna, Hope of Spira",FIN,Final Fantasy,250,normal,mythic,2,105590,35b613ad-86f0-431b-af93-147d21041fde,2.75,false,false,near_mint,en,USD
Zack Fair,FIN,Final Fantasy,45,normal,uncommon,3,106237,f21f9161-5945-40da-8da0-446f6a4a1c23,0.13,false,false,near_mint,en,USD
Zagoth Crystal,IKO,Ikoria: Lair of Behemoths,242,normal,uncommon,1,49835,9138a442-8e8b-465f-bb76-b6af7e6dab6f,0.11,false,false,near_mint,en,USD
"Zanarkand, Ancient Metropolis // Lasting Fayth",FIN,Final Fantasy,293,normal,rare,1,105656,881e4c00-3b9a-47a1-bf66-1badda994c88,0.36,false,false,near_mint,en,USD
"Zareth San, the Trickster",ZNR,Zendikar Rising,242,normal,rare,1,54667,9cfe4fbe-277f-410c-9eee-f7617f4cb850,0.17,false,false,near_mint,en,USD
Zealot's Conviction,ONE,Phyrexia: All Will Be One,39,normal,common,2,78504,3a419ba1-7bd3-48e3-8f88-d9f833b25d6d,0.04,false,false,near_mint,en,USD
Zell Dincht,FIN,Final Fantasy,170,normal,rare,2,104234,135d6b27-9168-4513-9d7d-56edae048857,0.3,false,false,near_mint,en,USD
"Zenos yae Galvus // Shinryu, Transcendent Rival",FIN,Final Fantasy,127,normal,rare,1,105697,b65ffce4-bb58-418a-9bad-81533a5f2ba2,0.21,false,false,near_mint,en,USD
Zephyr Boots,STX,Strixhaven: School of Mages,261,normal,uncommon,1,58089,4d0566fd-3775-48f1-ba22-6e659558c3d3,0.35,false,false,near_mint,en,USD
"Zethi, Arcane Blademaster",SLX,Universes Within,17,normal,rare,1,78255,87b56584-8a61-40bc-99b5-7434a681fcdc,1.42,false,false,near_mint,en,USD
"Ziatora, the Incinerator",M3C,Modern Horizons 3 Commander,279,normal,mythic,1,95090,1cc4c087-2996-4436-b2b4-21acd25375db,0.25,false,false,near_mint,en,USD
"Zidane, Tantalus Thief",FIN,Final Fantasy,251,normal,uncommon,1,106213,e42c7d9d-8685-415b-8c5d-6ab2165863b9,0.08,false,false,near_mint,en,USD
"Zimone, All-Questioning",DSK,Duskmourn: House of Horror,241,normal,rare,1,98639,7722f4f7-fe38-4107-a715-7b27b6a4e341,0.08,false,false,near_mint,en,USD
"Zodiark, Umbral God",FIN,Final Fantasy,128,normal,rare,1,105676,9ba292d5-5139-42ea-950d-0a638445277f,0.48,false,false,near_mint,en,USD
Zombie,TVOW,Innistrad: Crimson Vow Tokens,8,normal,common,1,64679,c84e21cd-079d-493f-ab8d-e62f16ec1581,0.21,false,false,near_mint,en,USD
Zombie,TEMN,Eldritch Moon Tokens,4,normal,common,1,8125,06e7f8df-826e-4ba7-9c6c-8c8eb7a61de8,0.25,false,false,near_mint,en,USD
"Zopandrel, Hunger Dominus",ONE,Phyrexia: All Will Be One,195,normal,mythic,1,78976,fb419d9d-e06f-48c8-a4f8-a57f9be39e50,9.7,false,false,near_mint,en,USD
Zulaport Duelist,ZNR,Zendikar Rising,88,normal,common,2,54434,0b4c7268-60c6-4038-8ce9-d9d51bed4577,0.09,false,false,near_mint,en,USD
Zuran Orb,MH2,Modern Horizons 2,300,normal,uncommon,1,59588,618c8ecc-686d-41de-b9b1-1a7ee9cc7c14,3.52,false,false,near_mint,en,USD
